series,outcome,model,origin,h,actual,pred,lo,hi,err,abs_err,ape,covered,mase_scale,scaled_err
Low income,DALY,ETS,2009,1,63671.90771417905,63799.087336565004,62555.40757038551,65042.767102744496,-127.17962238595646,127.17962238595646,0.19974212639718808,1,1282.1312403319494,0.09919391898837837
Low income,DALY,ETS,2009,2,66493.24243770937,66611.34805742711,64237.52839530408,68985.16771955014,-118.10561971773859,118.10561971773859,0.17762048501151004,1,1282.1312403319494,0.09211663829918108
Low income,DALY,ETS,2009,3,69514.45255068582,69367.36349167924,65539.69337526672,73195.03360809175,147.08905900658283,147.08905900658283,0.21159493257799045,1,1282.1312403319494,0.11472231108611068
Low income,DALY,ETS,2009,4,73519.05307680668,72068.25854649745,66558.03093808123,77578.48615491368,1450.7945303092274,1450.7945303092274,1.973358564335093,1,1282.1312403319494,1.1315491617953326
Low income,DALY,ETS,2009,5,77614.70469012935,74715.13563088542,67337.59126532078,82092.67999645005,2899.569059243935,2899.569059243935,3.735850146979542,1,1282.1312403319494,2.2615228207786466
Low income,DALY,ETS,2009,6,81876.13440425383,77309.0751056384,67906.83819713049,86711.31201414632,4567.059298615422,4567.059298615422,5.578010407851086,1,1282.1312403319494,3.5620840947865764
Low income,DALY,ARIMA,2009,1,63671.90771417905,63909.435012391456,62968.865730276855,64850.004294506056,-237.5272982124079,237.5272982124079,0.3730488165654775,1,1282.1312403319494,0.18525973842655225
Low income,DALY,ARIMA,2009,2,66493.24243770937,66832.75319994071,64729.57634758429,68935.93005229712,-339.51076223133714,339.51076223133714,0.5105943849096991,1,1282.1312403319494,0.2648018795200999
Low income,DALY,ARIMA,2009,3,69514.45255068582,69756.07138748997,66236.78338529322,73275.35938968671,-241.61883680414758,241.61883680414758,0.34758072305607735,1,1282.1312403319494,0.18845093950100725
Low income,DALY,ARIMA,2009,4,73519.05307680668,72679.38957503923,67527.67944793317,77831.09970214528,839.6635017674562,839.6635017674562,1.142103259804291,1,1282.1312403319494,0.6548966871363837
Low income,DALY,ARIMA,2009,5,77614.70469012935,75602.70776258848,68627.25927556156,82578.15624961541,2011.9969275408657,2011.9969275408657,2.592288324195275,1,1282.1312403319494,1.569259732739958
Low income,DALY,ARIMA,2009,6,81876.13440425383,78526.02595013774,69553.56685156067,87498.48504871482,3350.1084541160817,3350.1084541160817,4.0916788249617575,1,1282.1312403319494,2.6129216329279394
Low income,DALY,Naive,2009,1,63671.90771417905,60986.11682484221,58034.58833176095,63937.645317923474,2685.7908893368367,2685.7908893368367,4.218172481015109,1,1282.1312403319494,2.094786247187514
Low income,DALY,Naive,2009,2,66493.24243770937,60986.11682484221,56812.02520019606,65160.20844948836,5507.125612867159,5507.125612867159,8.282233518731193,0,1282.1312403319494,4.295290091708038
Low income,DALY,Naive,2009,3,69514.45255068582,60986.11682484221,55873.91951483826,66098.31413484616,8528.335725843608,8528.335725843608,12.268435430208202,0,1282.1312403319494,6.651687017341208
Low income,DALY,Naive,2009,4,73519.05307680668,60986.11682484221,55083.05983867968,66889.17381100474,12532.936251964471,12532.936251964471,17.047194880041623,0,1282.1312403319494,9.775080629592678
Low income,DALY,Naive,2009,5,77614.70469012935,60986.11682484221,54386.298476784985,67585.93517289944,16628.58786528714,16628.58786528714,21.424532801710036,0,1282.1312403319494,12.969489660810329
Low income,DALY,Naive,2009,6,81876.13440425383,60986.11682484221,53756.37805550736,68215.85559417706,20890.017579411615,20890.017579411615,25.514171780838602,0,1282.1312403319494,16.293197546612387
Low income,DALY,Drift,2009,1,63671.90771417905,62217.49405388739,60426.54293773435,64008.44517004043,1454.413660291655,1454.413660291655,2.2842313235225604,1,1282.1312403319494,1.1343719071341722
Low income,DALY,Drift,2009,2,66493.24243770937,63448.87128293257,60853.536547114345,66044.20601875079,3044.3711547768035,3044.3711547768035,4.578466988775227,0,1282.1312403319494,2.3744614116013603
Low income,DALY,Drift,2009,3,69514.45255068582,64680.24851197775,61426.824243382514,67933.67278057298,4834.204038708071,4834.204038708071,6.95424312689977,0,1282.1312403319494,3.770443997181189
Low income,DALY,Drift,2009,4,73519.05307680668,65911.62574102293,62070.46352860997,69752.7879534359,7607.427335783752,7607.427335783752,10.347558921679983,0,1282.1312403319494,5.933423269379316
Low income,DALY,Drift,2009,5,77614.70469012935,67143.0029700681,62756.08658122514,71529.91935891107,10471.701720061246,10471.701720061246,13.491904352234151,0,1282.1312403319494,8.16741796054363
Low income,DALY,Drift,2009,6,81876.13440425383,68374.38019911328,63469.6585705829,73279.10182764367,13501.754205140547,13501.754205140547,16.49046367831341,0,1282.1312403319494,10.530711506292354
Low income,DALY,ETS,2010,1,66493.24243770937,66405.93920649886,65193.191946994964,67618.68646600276,87.30323121050606,87.30323121050606,0.13129639646057478,1,1352.314222782194,0.06455839163688754
Low income,DALY,ETS,2010,2,69514.45255068582,69062.83347383149,66754.00738230009,71371.65956536289,451.61907685433107,451.61907685433107,0.6496765209005094,1,1352.314222782194,0.3339601619549553
Low income,DALY,ETS,2010,3,73519.05307680668,71666.58983017216,67945.93922671014,75387.24043363419,1852.463246634521,1852.463246634521,2.5197049868137165,1,1352.314222782194,1.369846752645507
Low income,DALY,ETS,2010,4,77614.70469012935,74218.27103425362,68863.12981353572,79573.41225497151,3396.433655875735,3396.433655875735,4.376018267976064,1,1352.314222782194,2.511571348327651
Low income,DALY,ETS,2010,5,81876.13440425383,76718.91858962369,69549.57430974617,83888.26286950121,5157.215814630137,5157.215814630137,6.298802272670797,1,1352.314222782194,3.8136224020626655
Low income,DALY,ETS,2010,6,86558.57414685565,79169.5531697492,70032.99396472948,88306.11237476891,7389.020977106455,7389.020977106455,8.536440265952406,1,1352.314222782194,5.463982299841967
Low income,DALY,ARIMA,2010,1,66493.24243770937,66357.6986035159,65436.0067255414,67279.39048149041,135.54383419346414,135.54383419346414,0.20384602889600567,1,1352.314222782194,0.10023102020963884
Low income,DALY,ARIMA,2010,2,69514.45255068582,69043.48949285276,66982.52379939234,71104.4551863132,470.96305783305434,470.96305783305434,0.677503800363897,1,1352.314222782194,0.34826451567159805
Low income,DALY,ARIMA,2010,3,73519.05307680668,71729.28038218962,68280.62515863679,75177.93560574246,1789.7726946170587,1789.7726946170587,2.43443382322573,1,1352.314222782194,1.3234887753638027
Low income,DALY,ARIMA,2010,4,77614.70469012935,74415.07127152648,69366.75694516716,79463.3855978858,3199.633418602869,3199.633418602869,4.122457762839085,1,1352.314222782194,2.366042865407478
Low income,DALY,ARIMA,2010,5,81876.13440425383,77100.86216086334,70265.41224986048,83936.3120718662,4775.2722433904855,4775.2722433904855,5.832312771158856,1,1352.314222782194,3.5311854027284
Low income,DALY,ARIMA,2010,6,86558.57414685565,79786.6530502002,70994.2729099254,88579.03319047499,6771.921096655453,6771.921096655453,7.823512763930449,1,1352.314222782194,5.0076535338977575
Low income,DALY,Naive,2010,1,66493.24243770937,63671.90771417905,60563.61922370737,66780.19620465073,2821.3347235303227,2821.3347235303227,4.243039773813615,1,1352.314222782194,2.086301153977238
Low income,DALY,Naive,2010,2,69514.45255068582,63671.90771417905,59276.12397518581,68067.69145317229,5842.544836506771,5842.544836506771,8.404791553593455,0,1352.314222782194,4.320404783206795
Low income,DALY,Naive,2010,3,73519.05307680668,63671.90771417905,58288.19412410053,69055.62130425755,9847.145362627634,9847.145362627634,13.394004615837671,0,1352.314222782194,7.281699176666599
Low income,DALY,Naive,2010,4,77614.70469012935,63671.90771417905,57455.3307332357,69888.4846951224,13942.796975950303,13942.796975950303,17.96411779393587,0,1352.314222782194,10.310323400477873
Low income,DALY,Naive,2010,5,81876.13440425383,63671.90771417905,56721.563355804174,70622.25207255392,18204.226690074778,18204.226690074778,22.233861945892,0,1352.314222782194,13.461536071566394
Low income,DALY,Naive,2010,6,86558.57414685565,63671.90771417905,56058.18693915767,71285.62848920042,22886.666432676604,22886.666432676604,26.440669405952764,0,1352.314222782194,16.92407433650335
Low income,DALY,Drift,2010,1,66493.24243770937,64976.00562623881,63116.51553114075,66835.49572133688,1517.2368114705605,1517.2368114705605,2.281790984838651,1,1352.314222782194,1.1219558190766208
Low income,DALY,Drift,2010,2,69514.45255068582,66280.10353829857,63588.5032866711,68971.70378992605,3234.349012387247,3234.349012387247,4.652772040503306,0,1352.314222782194,2.391714113405562
Low income,DALY,Drift,2010,3,73519.05307680668,67584.20145035833,64213.589413594105,70954.81348712256,5934.851626448348,5934.851626448348,8.072535455874414,0,1352.314222782194,4.388663171964748
Low income,DALY,Drift,2010,4,77614.70469012935,68888.2993624181,64912.54230530002,72864.05641953617,8726.405327711254,8726.405327711254,11.243237170779361,0,1352.314222782194,6.452942060875406
Low income,DALY,Drift,2010,5,81876.13440425383,70192.39727447786,65655.70597584468,74729.08857311103,11683.737129775967,11683.737129775967,14.27001557265623,0,1352.314222782194,8.63980939706331
Low income,DALY,Drift,2010,6,86558.57414685565,71496.49518653762,66428.3794826503,76564.61089042494,15062.078960318031,15062.078960318031,17.401024807506236,0,1352.314222782194,11.138002327099649
Low income,DALY,ETS,2011,1,69514.45255068582,69204.12866549655,68021.077560057907,70387.1797709352,310.32388518926746,310.32388518926746,0.4464163548767038,1,1422.2675799606761,0.21818952323855087
Low income,DALY,ETS,2011,2,73519.05307680668,71876.35808800986,69628.82516864894,74123.89100737078,1642.6949887968221,1642.6949887968221,2.2343799600909837,1,1422.2675799606761,1.1549830790927826
Low income,DALY,ETS,2011,3,77614.70469012935,74495.14286118983,70875.06362336593,78115.22209901373,3119.5618289395206,3119.5618289395206,4.019292273795446,1,1422.2675799606761,2.193371959603953
Low income,DALY,ETS,2011,4,81876.13440425383,77061.55187924078,71852.00138290206,82271.1023755795,4814.582525013044,4814.582525013044,5.8803246636457045,1,1422.2675799606761,3.385145378302275
Low income,DALY,ETS,2011,5,86558.57414685565,79576.6326584586,72602.66465033007,86550.60066658714,6981.941488397046,6981.941488397046,8.06614660328329,0,1422.2675799606761,4.909021049745145
Low income,DALY,ETS,2011,6,91900.33145101141,82041.41176478943,73154.12437290333,90928.69915667553,9858.919686221983,9858.919686221983,10.727839095419803,0,1422.2675799606761,6.9318318332859485
Low income,DALY,ARIMA,2011,1,69514.45255068582,69314.5771612397,68414.26115490643,70214.89316757295,199.87538944612606,199.87538944612606,0.28753069629713157,1,1422.2675799606761,0.1405329013065547
Low income,DALY,ARIMA,2011,2,73519.05307680668,72135.91188477002,70122.74409337773,74149.0796761623,1383.1411920366663,1383.1411920366663,1.8813370604646849,1,1422.2675799606761,0.9724901358399158
Low income,DALY,ARIMA,2011,3,77614.70469012935,74957.24660830034,71588.57257277268,78325.920643828,2657.4580818290124,2657.4580818290124,3.423910575243063,1,1422.2675799606761,1.8684656243816566
Low income,DALY,ARIMA,2011,4,81876.13440425383,77778.58133183066,72847.34747631376,82709.81518734756,4097.553072423165,4097.553072423165,5.004575633959435,1,1422.2675799606761,2.8810001227310944
Low income,DALY,ARIMA,2011,5,86558.57414685565,80599.91605536098,73922.99385128426,87276.8382594377,5958.658091494668,5958.658091494668,6.883960543741378,1,1422.2675799606761,4.189547856852236
Low income,DALY,ARIMA,2011,6,91900.33145101141,83421.2507788913,74832.78345784688,92009.71809993574,8479.080672120108,8479.080672120108,9.226387476785092,1,1422.2675799606761,5.961663467260179
Low income,DALY,Naive,2011,1,69514.45255068582,66493.24243770937,63228.664227812005,69757.82064760673,3021.2101129764487,3021.2101129764487,4.346161124945293,1,1422.2675799606761,2.1242206147031637
Low income,DALY,Naive,2011,2,73519.05307680668,66493.24243770937,61876.431657844834,71110.0532175739,7025.810639097312,7025.810639097312,9.556448764046674,0,1422.2675799606761,4.939865562633134
Low income,DALY,Naive,2011,3,77614.70469012935,66493.24243770937,60838.82711288488,72147.65776253385,11121.46225241998,11121.46225241998,14.329065989262665,0,1422.2675799606761,7.819528764571484
Low income,DALY,Naive,2011,4,81876.13440425383,66493.24243770937,59964.08601791464,73022.3988575041,15382.891966544455,15382.891966544455,18.788004683505484,0,1422.2675799606761,10.815750976317531
Low income,DALY,Naive,2011,5,86558.57414685565,66493.24243770937,59193.42364251429,73793.06123290445,20065.33170914628,20065.33170914628,23.181217928917537,0,1422.2675799606761,14.107986423835284
Low income,DALY,Naive,2011,6,91900.33145101141,66493.24243770937,58496.691598052304,74489.79327736644,25407.089013302044,25407.089013302044,27.6463518815986,0,1422.2675799606761,17.863789747639835
Low income,DALY,Drift,2011,1,69514.45255068582,67869.58972174392,65941.24317114672,69797.93627234112,1644.8628289418994,1644.8628289418994,2.366217050681026,1,1422.2675799606761,1.1565072930843139
Low income,DALY,Drift,2011,2,73519.05307680668,69245.93700577847,66457.55250050724,72034.3215110497,4273.116071028213,4273.116071028213,5.812256676597849,0,1422.2675799606761,3.004438919395434
Low income,DALY,Drift,2011,3,77614.70469012935,70622.28428981302,67133.77412211828,74110.79445750776,6992.420400316332,6992.420400316332,9.009143857768995,0,1422.2675799606761,4.916388799714934
Low income,DALY,Drift,2011,4,81876.13440425383,71998.63157384757,67887.38291415563,76109.8802335395,9877.502830406258,9877.502830406258,12.063958444395096,0,1422.2675799606761,6.944897689842131
Low income,DALY,Drift,2011,5,86558.57414685565,73374.97885788213,68687.43416962962,78062.52354613465,13183.59528897352,13183.59528897352,15.230836943554749,0,1422.2675799606761,9.269419815741022
Low income,DALY,Drift,2011,6,91900.33145101141,74751.32614191668,69518.56089037459,79984.09139345877,17149.005309094733,17149.005309094733,18.660439019456877,0,1422.2675799606761,12.057509817926723
Low income,DALY,ETS,2012,1,73519.05307680668,72376.79140304783,71213.50824700839,73540.07455908727,1142.2616737588542,1142.2616737588542,1.5536947579636435,1,1494.9467860068478,0.764081828497688
Low income,DALY,ETS,2012,2,77614.70469012935,75238.30987774929,73030.89531086366,77445.7244446349,2376.3948123800656,2376.3948123800656,3.0617842609433823,0,1494.9467860068478,1.5896183293103385
Low income,DALY,ETS,2012,3,81876.13440425383,78042.59787442394,74488.1163703639,81597.07937848398,3833.5365298298857,3833.5365298298857,4.682117148938967,0,1494.9467860068478,2.5643297578970317
Low income,DALY,ETS,2012,4,86558.57414685565,80790.80000480298,75676.11034943089,85905.48966017507,5767.774142052673,5767.774142052673,6.663434788409341,0,1494.9467860068478,3.8581802349359697
Low income,DALY,ETS,2012,5,91900.33145101141,83484.03798833955,76637.31649542903,90330.75948125008,8416.293462671863,8416.293462671863,9.15806649419787,0,1494.9467860068478,5.629828125957998
Low income,DALY,ETS,2012,6,97482.08692846051,86123.41111005523,77398.44153579976,94848.38068431069,11358.675818405289,11358.675818405289,11.652064678037839,0,1494.9467860068478,7.598046916937724
Low income,DALY,ARIMA,2012,1,73519.05307680668,72535.66266366227,71652.8952304714,73418.43009685313,983.3904131444142,983.3904131444142,1.3375994004126364,0,1494.9467860068478,0.657809644028299
Low income,DALY,ARIMA,2012,2,77614.70469012935,75556.87277663872,73582.94478770095,77530.80076557648,2057.831913490634,2057.831913490634,2.651342837296576,0,1494.9467860068478,1.3765251932393585
Low income,DALY,ARIMA,2012,3,81876.13440425383,78578.08288961517,75275.06960241312,81881.09617681721,3298.0515146386606,3298.0515146386606,4.028098711102942,1,1494.9467860068478,2.2061330513630426
Low income,DALY,ARIMA,2012,4,86558.57414685565,81599.29300259161,76764.17664069592,86434.4093644873,4959.281144264038,4959.281144264038,5.7293932959779355,0,1494.9467860068478,3.317362992906773
Low income,DALY,ARIMA,2012,5,91900.33145101141,84620.50311556806,78073.72461308069,91167.28161805544,7279.8283354433515,7279.8283354433515,7.9214386069150935,0,1494.9467860068478,4.869623724124991
Low income,DALY,ARIMA,2012,6,97482.08692846051,87641.71322854451,79220.64862599476,96062.77783109427,9840.373699916003,9840.373699916003,10.094545582654165,0,1494.9467860068478,6.5824240648729875
Low income,DALY,Naive,2012,1,73519.05307680668,69514.45255068582,66084.16888330209,72944.73621806955,4004.600526120863,4004.600526120863,5.447024082229656,0,1494.9467860068478,2.678757908712959
Low income,DALY,Naive,2012,2,77614.70469012935,69514.45255068582,64663.29886548483,74365.60623588681,8100.252139443532,8100.252139443532,10.43649160527397,0,1494.9467860068478,5.418421722608678
Low income,DALY,Naive,2012,3,81876.13440425383,69514.45255068582,63573.026954403504,75455.87814696814,12361.681853568007,12361.681853568007,15.09802819040485,0,1494.9467860068478,8.268977845417023
Low income,DALY,Naive,2012,4,86558.57414685565,69514.45255068582,62653.88521591836,76375.01988545328,17044.121596169833,17044.121596169833,19.690853002329618,0,1494.9467860068478,11.401156051645414
Low income,DALY,Naive,2012,5,91900.33145101141,69514.45255068582,61844.105088308526,77184.80001306311,22385.878900325595,22385.878900325595,24.358866335818018,0,1494.9467860068478,14.974365047548291
Low income,DALY,Naive,2012,6,97482.08692846051,69514.45255068582,61112.007892592716,77916.89720877893,27967.634377774695,27967.634377774695,28.690024248556963,0,1494.9467860068478,18.70811365298095
Low income,DALY,Drift,2012,1,73519.05307680668,70965.566326945,68958.571099454,72972.561554436,2553.4867498616804,2553.4867498616804,3.473231282228304,0,1494.9467860068478,1.7080786913374346
Low income,DALY,Drift,2012,2,77614.70469012935,72416.68010320418,69517.31411199732,75316.04609441105,5198.024586925167,5198.024586925167,6.697216213960839,0,1494.9467860068478,3.47706328785763
Low income,DALY,Drift,2012,3,81876.13440425383,73867.79387946337,70243.58639045479,77492.00136847195,8008.340524790459,8008.340524790459,9.781043747437094,0,1494.9467860068478,5.356940193290449
Low income,DALY,Drift,2012,4,86558.57414685565,75318.90765572255,71051.15647267211,79586.65883877299,11239.666491133103,11239.666491133103,12.985041172309325,0,1494.9467860068478,7.518439182143315
Low income,DALY,Drift,2012,5,91900.33145101141,76770.02143198173,71907.63684598952,81632.40601797395,15130.310019029683,15130.310019029683,16.463825298709697,0,1494.9467860068478,10.120968960670668
Low income,DALY,Drift,2012,6,97482.08692846051,78221.13520824091,72796.91811926075,83645.35229722108,19260.9517202196,19260.9517202196,19.75845237531147,0,1494.9467860068478,12.8840383487278
Low income,DALY,ETS,2013,1,77614.70469012935,77128.83720109862,75883.15299052668,78374.52141167056,485.8674890307302,485.8674890307302,0.6259992754858995,1,1604.062166011805,0.30289816649609486
Low income,DALY,ETS,2013,2,81876.13440425383,80846.60053137549,78435.42683784696,83257.77422490402,1029.533872878339,1029.533872878339,1.2574285295335708,1,1604.062166011805,0.6418291601740591
Low income,DALY,ETS,2013,3,86558.57414685565,84490.00854235009,80589.60707892582,88390.41000577435,2068.5656045055657,2068.5656045055657,2.389787060258211,1,1604.062166011805,1.2895794491859751
Low income,DALY,ETS,2013,4,91900.33145101141,88060.54834146239,82439.79867400204,93681.29800892273,3839.7831095490255,3839.7831095490255,4.178203765887252,1,1604.062166011805,2.3937869684289823
Low income,DALY,ETS,2013,5,97482.08692846051,91559.67729398252,84030.9381816271,99088.41640633793,5922.409634477997,5922.409634477997,6.0753824841935264,1,1604.062166011805,3.6921322377442145
Low income,DALY,ETS,2013,6,103816.67533406155,94988.82361785449,85391.90347130547,104585.74376440351,8827.851716207064,8827.851716207064,8.503308055089205,1,1604.062166011805,5.503434906239224
Low income,DALY,ARIMA,2013,1,77614.70469012935,77523.65360292757,76568.29185156191,78479.01535429324,91.05108720177668,91.05108720177668,0.11731164547400012,1,1604.062166011805,0.05676281700986557
Low income,DALY,ARIMA,2013,2,81876.13440425383,81528.25412904845,79392.00030989158,83664.50794820533,347.88027520537435,347.88027520537435,0.42488605225028847,1,1604.062166011805,0.21687455921381923
Low income,DALY,ARIMA,2013,3,86558.57414685565,85532.85465516933,81958.2183011307,89107.49100920795,1025.7194916863227,1025.7194916863227,1.1850004483046157,1,1604.062166011805,0.6394512091988174
Low income,DALY,ARIMA,2013,4,91900.33145101141,89537.4551812902,84304.72336328407,94770.18699929635,2362.876269721208,2362.876269721208,2.5711292140233115,1,1604.062166011805,1.4730577902700925
Low income,DALY,ARIMA,2013,5,97482.08692846051,93542.05570741108,86456.903332304,100627.20808251816,3940.0312210494303,3940.0312210494303,4.041800237556377,1,1604.062166011805,2.456283368895588
Low income,DALY,ARIMA,2013,6,103816.67533406155,97546.65623353196,88433.08597191142,106660.2264951525,6270.019100529593,6270.019100529593,6.039510589559828,1,1604.062166011805,3.9088379698642237
Low income,DALY,Naive,2013,1,77614.70469012935,73519.05307680668,69786.26406740707,77251.84208620629,4095.6516133226687,4095.6516133226687,5.276901625374004,0,1604.062166011805,2.5532998035267713
Low income,DALY,Naive,2013,2,81876.13440425383,73519.05307680668,68240.09223423652,78798.01391937684,8357.081327447144,8357.081327447144,10.206980811020014,0,1604.062166011805,5.209948532247622
Low income,DALY,Naive,2013,3,86558.57414685565,73519.05307680668,67053.67285859185,79984.43329502152,13039.52107004897,13039.52107004897,15.064389863823383,0,1604.062166011805,8.129062168749517
Low income,DALY,Naive,2013,4,91900.33145101141,73519.05307680668,66053.47505800746,80984.6310956059,18381.278374204732,18381.278374204732,20.00131891145909,0,1604.062166011805,11.459205736337688
Low income,DALY,Naive,2013,5,97482.08692846051,73519.05307680668,65172.28310612505,81865.82304748832,23963.033851653832,23963.033851653832,24.58198691339021,0,1604.062166011805,14.938968301480081
Low income,DALY,Naive,2013,6,103816.67533406155,73519.05307680668,64375.62468630855,82662.48146730481,30297.622257254872,30297.622257254872,29.183772413981767,0,1604.062166011805,18.88805988896561
Low income,DALY,Drift,2013,1,77614.70469012935,75081.18801610333,72850.93305420813,77311.44297799854,2533.5166740260174,2533.5166740260174,3.264222526054676,0,1604.062166011805,1.5794379592688257
Low income,DALY,Drift,2013,2,81876.13440425383,76643.32295539997,73424.22719887074,79862.4187119292,5232.811448853856,5232.811448853856,6.391131539036103,0,1604.062166011805,3.2622248437317394
Low income,DALY,Drift,2013,3,86558.57414685565,78205.45789469662,74184.80858346104,82226.1072059322,8353.11625215903,8353.11625215903,9.650247054655841,0,1604.062166011805,5.207476635975689
Low income,DALY,Drift,2013,4,91900.33145101141,79767.59283399327,75036.50761200013,84498.67805598641,12132.738617018142,12132.738617018142,13.202061870131171,0,1604.062166011805,7.563758359305915
Low income,DALY,Drift,2013,5,97482.08692846051,81329.72777328992,75943.15029114296,86716.30525543689,16152.35915517059,16152.35915517059,16.569566434317696,0,1604.062166011805,10.06965908019036
Low income,DALY,Drift,2013,6,103816.67533406155,82891.86271258656,76886.71744671898,88897.00797845414,20924.812621474994,20924.812621474994,20.155541057487227,0,1604.062166011805,13.044888823417956
Low income,DALY,ETS,2014,1,81876.13440425383,81659.93843322787,80426.41983859614,82893.45702785961,216.19597102595435,216.19597102595435,0.2640524892864532,1,1707.8783929830906,0.12658745020383594
Low income,DALY,ETS,2014,2,86558.57414685565,85684.12888594081,83247.6116020149,88120.64616986671,874.445260914843,874.445260914843,1.0102352881082066,1,1707.8783929830906,0.5120067473817503
Low income,DALY,ETS,2014,3,91900.33145101141,89627.83545627541,85668.86468767632,93586.8062248745,2272.495994736004,2272.495994736004,2.4727832412088584,1,1707.8783929830906,1.3305959042942839
Low income,DALY,ETS,2014,4,97482.08692846051,93492.66782334572,87779.41903907277,99205.91660761867,3989.4191051147936,3989.4191051147936,4.092463785723546,1,1707.8783929830906,2.335891783340977
Low income,DALY,ETS,2014,5,103816.67533406155,97280.20347265422,89623.1121702007,104937.29477510774,6536.471861407335,6536.471861407335,6.296167586155364,1,1707.8783929830906,3.827246651906118
Low income,DALY,ETS,2014,6,109874.53917555002,100991.9883399645,91228.70910934411,110755.2675705849,8882.550835585513,8882.550835585513,8.084266748453507,1,1707.8783929830906,5.200926993443998
Low income,DALY,ARIMA,2014,1,81876.13440425383,81710.356303452,80775.25341398867,82645.45919291534,165.77810080182098,165.77810080182098,0.2024742643360653,1,1707.8783929830906,0.09706668898847198
Low income,DALY,ARIMA,2014,2,86558.57414685565,85806.00791677466,83715.05428997817,87896.96154357115,752.5662300809927,752.5662300809927,0.8694300218071818,1,1707.8783929830906,0.4406439200665288
Low income,DALY,ARIMA,2014,3,91900.33145101141,89901.65953009731,86402.82489634315,93400.49416385147,1998.671920914101,1998.671920914101,2.1748255848016362,1,1707.8783929830906,1.1702659446514172
Low income,DALY,ARIMA,2014,4,97482.08692846051,93997.31114341997,88875.54168194666,99119.08060489327,3484.775785040547,3484.775785040547,3.5747857835644514,1,1707.8783929830906,2.040412127325888
Low income,DALY,ARIMA,2014,5,103816.67533406155,98092.96275674262,91158.05412262584,105027.87139085941,5723.712577318933,5723.712577318933,5.513288264049255,1,1707.8783929830906,3.3513583875966293
Low income,DALY,ARIMA,2014,6,109874.53917555002,102188.61437006528,93268.30133389193,111108.92740623862,7685.924805484741,7685.924805484741,6.995182744934835,1,1707.8783929830906,4.5002763879810015
Low income,DALY,Naive,2014,1,81876.13440425383,77614.70469012935,73609.95002361415,81619.45935664455,4261.429714124475,4261.429714124475,5.20472753767803,0,1707.8783929830906,2.4951599198355026
Low income,DALY,Naive,2014,2,86558.57414685565,77614.70469012935,71951.1263267666,83278.2830534921,8943.869456726301,8943.869456726301,10.332736583151304,0,1707.8783929830906,5.23683038176059
Low income,DALY,Naive,2014,3,91900.33145101141,77614.70469012935,70678.26613587646,84551.14324438224,14285.626760882064,14285.626760882064,15.544695579794714,0,1707.8783929830906,8.364545637192508
Low income,DALY,Naive,2014,4,97482.08692846051,77614.70469012935,69605.19535709893,85624.21402315977,19867.382238331164,19867.382238331164,20.380546687425046,0,1707.8783929830906,11.63278505071401
Low income,DALY,Naive,2014,5,103816.67533406155,77614.70469012935,68659.80102259184,86569.60835766686,26201.970643932204,26201.970643932204,25.23869172232634,0,1707.8783929830906,15.341824541831782
Low income,DALY,Naive,2014,6,109874.53917555002,77614.70469012935,67805.09921213728,87424.31016812142,32259.834485420666,32259.834485420666,29.360609589340903,0,1707.8783929830906,18.888835773063185
Low income,DALY,Drift,2014,1,81876.13440425383,79282.40282417709,76869.99623500825,81694.80941334592,2593.731580076739,2593.731580076739,3.1678725417964815,0,1707.8783929830906,1.5186863366462293
Low income,DALY,Drift,2014,2,86558.57414685565,80950.10095822481,77470.87869641863,84429.32322003099,5608.473188630844,5608.473188630844,6.479396459460485,0,1707.8783929830906,3.283883215382052
Low income,DALY,Drift,2014,3,91900.33145101141,82617.79909227254,78275.46723176863,86960.13095277645,9282.53235873887,9282.53235873887,10.100651664882228,0,1707.8783929830906,5.435124887624698
Low income,DALY,Drift,2014,4,97482.08692846051,84285.49722632028,79179.39490942883,89391.59954321173,13196.589702140234,13196.589702140234,13.537450949141924,0,1707.8783929830906,7.726890717956926
Low income,DALY,Drift,2014,5,103816.67533406155,85953.195360368,80143.35093917233,91763.03978156367,17863.479973693553,17863.479973693553,17.206754036586513,0,1707.8783929830906,10.459456625885434
Low income,DALY,Drift,2014,6,109874.53917555002,87620.89349441574,81147.72734711581,94094.05964171566,22253.64568113428,22253.64568113428,20.253687385736317,0,1707.8783929830906,13.029994273927564
Low income,DALY,ETS,2015,1,86558.57414685565,86052.26388796423,84842.95924379722,87261.56853213125,506.3102588914189,506.3102588914189,0.584933686676043,1,1810.0204458287462,0.27972626500337505
Low income,DALY,ETS,2015,2,91900.33145101141,90174.30437347302,87784.2649452436,92564.34380170243,1726.0270775383979,1726.0270775383979,1.8781510907373358,1,1810.0204458287462,0.9535953483376864
Low income,DALY,ETS,2015,3,97482.08692846051,94213.90350054725,90329.98255387398,98097.82444722053,3268.18342791326,3268.18342791326,3.352598955243636,1,1810.0204458287462,1.8056058070752183
Low income,DALY,ETS,2015,4,103816.67533406155,98172.7101073302,92567.55221110508,103777.86800355533,5643.96522673135,5643.96522673135,5.4364727136273485,0,1810.0204458287462,3.1181776093955516
Low income,DALY,ETS,2015,5,109874.53917555002,102052.34005498276,94539.99828131989,109564.68182864564,7822.199120567253,7822.199120567253,7.119209945508375,0,1810.0204458287462,4.321608155639224
Low income,DALY,ETS,2015,6,121100.67506912992,105854.3768872275,96275.59027006205,115433.16350439294,15246.298181902428,15246.298181902428,12.589771422165178,0,1810.0204458287462,8.423274011648896
Low income,DALY,ARIMA,2015,1,86558.57414685565,86137.56411837827,85219.75029953588,87055.37793722066,421.0100284773798,421.0100284773798,0.48638743489823705,1,1810.0204458287462,0.23259959822421442
Low income,DALY,ARIMA,2015,2,91900.33145101141,90398.99383250273,88346.69974288245,92451.28792212301,1501.3376185086818,1501.3376185086818,1.63365854595311,1,1810.0204458287462,0.829458927919055
Low income,DALY,ARIMA,2015,3,97482.08692846051,94660.4235466272,91226.27869167234,98094.56840158204,2821.663381833321,2821.663381833321,2.894545521890667,1,1810.0204458287462,1.5589124356776967
Low income,DALY,ARIMA,2015,4,103816.67533406155,98921.85326075165,93894.77993905226,103948.92658245105,4894.822073309901,4894.822073309901,4.714870763833777,1,1810.0204458287462,2.7042910396897364
Low income,DALY,ARIMA,2015,5,109874.53917555002,103183.28297487611,96376.59352014166,109989.97242961057,6691.256200673903,6691.256200673903,6.08990604273031,1,1810.0204458287462,3.696784871184262
Low income,DALY,ARIMA,2015,6,121100.67506912992,107444.71268900057,98689.32687504106,116200.09850296009,13655.96238012935,13655.96238012935,11.276536957646096,0,1810.0204458287462,7.544645372155867
Low income,DALY,Naive,2015,1,86558.57414685565,81876.13440425383,77611.51954275322,86140.74926575444,4682.439742601826,4682.439742601826,5.4095620090247545,0,1810.0204458287462,2.586954060874101
Low income,DALY,Naive,2015,2,91900.33145101141,81876.13440425383,75845.0582288218,87907.21057968585,10024.197046757588,10024.197046757588,10.90768323518083,0,1810.0204458287462,5.5381678532188365
Low income,DALY,Naive,2015,3,97482.08692846051,81876.13440425383,74489.60478942146,89262.6640190862,15605.952524206688,15605.952524206688,16.009046396041438,0,1810.0204458287462,8.621975823627373
Low income,DALY,Naive,2015,4,103816.67533406155,81876.13440425383,73346.90468125259,90405.36412725506,21940.54092980773,21940.54092980773,21.133927530627812,0,1810.0204458287462,12.121708890289307
Low income,DALY,Naive,2015,5,109874.53917555002,81876.13440425383,72340.1656760826,91412.10313242505,27998.40477129619,27998.40477129619,25.482158998239125,0,1810.0204458287462,15.468557184433728
Low income,DALY,Naive,2015,6,121100.67506912992,81876.13440425383,71430.00404408737,92322.26476442028,39224.5406648761,39224.5406648761,32.390026432540445,0,1810.0204458287462,21.670772148055228
Low income,DALY,Drift,2015,1,86558.57414685565,83647.58180150462,81070.10798484072,86225.05561816852,2910.9923453510273,2910.9923453510273,3.3630317666880987,0,1810.0204458287462,1.608264896708492
Low income,DALY,Drift,2015,2,91900.33145101141,85419.02919875542,81704.49408506534,89133.56431244551,6481.302252255991,6481.302252255991,7.052534142067733,0,1810.0204458287462,3.5807895248876185
Low income,DALY,Drift,2015,3,97482.08692846051,87190.47659600622,82557.63734714966,91823.31584486278,10291.610332454293,10291.610332454293,10.557437429511566,0,1810.0204458287462,5.685908331130546
Low income,DALY,Drift,2015,4,103816.67533406155,88961.92399325703,83517.69250843608,94406.15547807798,14854.75134080452,14854.75134080452,14.308637117307853,0,1810.0204458287462,8.206952233626863
Low income,DALY,Drift,2015,5,109874.53917555002,90733.37139050783,84542.47953435768,96924.26324665798,19141.167785042184,19141.167785042184,17.420931117135098,0,1810.0204458287462,10.575111363605675
Low income,DALY,Drift,2015,6,121100.67506912992,92504.81878775863,85610.93337759716,99398.7041979201,28595.856281371292,28595.856281371292,23.61329221744424,0,1810.0204458287462,15.798637163061565
Low income,DALY,ETS,2016,1,91900.33145101141,91035.9521199619,89834.60938115747,92237.29485876634,864.3793310495093,864.3793310495093,0.9405617122396095,1,1920.4981110892493,0.45008080250558496
Low income,DALY,ETS,2016,2,97482.08692846051,95493.7468405764,93123.76311879576,97863.73056235703,1988.3400878841203,1988.3400878841203,2.0396979081329163,1,1920.4981110892493,1.035325198396781
Low income,DALY,ETS,2016,3,103816.67533406155,99862.38559851266,96012.5690520897,103712.20214493561,3954.2897355488967,3954.2897355488967,3.808915786240287,0,1920.4981110892493,2.058991733819588
Low income,DALY,ETS,2016,4,109874.53917555002,104143.65151438957,98588.41024578385,109698.89278299529,5730.88766116045,5730.88766116045,5.215846823260874,0,1920.4981110892493,2.9840631594842137
Low income,DALY,ETS,2016,5,121100.67506912992,108339.29204638633,100894.2386006549,115784.34549211775,12761.383022743597,12761.383022743597,10.53782979777677,0,1920.4981110892493,6.644829770494136
Low income,DALY,ETS,2016,6,133051.92396700478,112451.0197034918,102958.27237713653,121943.76702984706,20600.904263512988,20600.904263512988,15.483356910059982,0,1920.4981110892493,10.726854738653593
Low income,DALY,ARIMA,2016,1,91900.33145101141,91241.01388945749,90326.72576450318,92155.3020144118,659.3175615539221,659.3175615539221,0.7174267504196972,1,1920.4981110892493,0.3433054985823323
Low income,DALY,ARIMA,2016,2,97482.08692846051,95923.45363205933,93879.04323364065,97967.86403047801,1558.6332964011817,1558.6332964011817,1.598892007251569,1,1920.4981110892493,0.8115776253053284
Low income,DALY,ARIMA,2016,3,103816.67533406155,100605.89337466117,97184.94045828616,104026.84629103618,3210.7819594003813,3210.7819594003813,3.092742036930695,1,1920.4981110892493,1.671848538075011
Low income,DALY,ARIMA,2016,4,109874.53917555002,105288.33311726301,100280.5708162972,110296.09541822883,4586.2060582870035,4586.2060582870035,4.174038947239158,1,1920.4981110892493,2.3880294553822
Low income,DALY,ARIMA,2016,5,121100.67506912992,109970.77285986485,103190.23065080911,116751.3150689206,11129.90220926507,11129.90220926507,9.190619460140583,0,1920.4981110892493,5.795320570741161
Low income,DALY,ARIMA,2016,6,133051.92396700478,114653.2126024667,105931.45976462752,123374.96544030587,18398.71136453809,18398.71136453809,13.828218950896748,0,1920.4981110892493,9.580176756384773
Low income,DALY,Naive,2016,1,91900.33145101141,86558.57414685565,82005.89779120649,91111.25050250482,5341.7573041557625,5341.7573041557625,5.812554992800272,0,1920.4981110892493,2.7814436646990903
Low income,DALY,Naive,2016,2,97482.08692846051,86558.57414685565,80120.11749960129,92997.03079411002,10923.512781604863,10923.512781604863,11.205661599778157,0,1920.4981110892493,5.687853957538845
Low income,DALY,Naive,2016,3,103816.67533406155,86558.57414685565,78673.10738845379,94444.04090525751,17258.101187205903,17258.101187205903,16.623631157203544,0,1920.4981110892493,8.986263036425285
Low income,DALY,Naive,2016,4,109874.53917555002,86558.57414685565,77453.22143555732,95663.92685815398,23315.965028694365,23315.965028694365,21.22053498803914,0,1920.4981110892493,12.140582119849233
Low income,DALY,Naive,2016,5,121100.67506912992,86558.57414685565,76378.48033606811,96738.66795764319,34542.10092227427,34542.10092227427,28.523458603807146,0,1920.4981110892493,17.98601140132495
Low income,DALY,Naive,2016,6,133051.92396700478,86558.57414685565,75406.84011148152,97710.30818222978,46493.34982014913,46493.34982014913,34.94376363297002,0,1920.4981110892493,24.20900575308532
Low income,DALY,Drift,2016,1,91900.33145101141,88441.98278815842,85672.80280312193,91211.16277319491,3458.3486628529936,3458.3486628529936,3.7631514579427914,0,1920.4981110892493,1.8007560866027206
Low income,DALY,Drift,2016,2,97482.08692846051,90325.391429461175,86337.31644496284,94313.46641395951,7156.695498999339,7156.695498999339,7.341549329213115,0,1920.4981110892493,3.7264788013461128
Low income,DALY,Drift,2016,3,103816.67533406155,92208.80007076394,87237.96987075068,97179.63027077721,11607.87526329761,11607.87526329761,11.1811279122027,0,1920.4981110892493,6.044200302136184
Low income,DALY,Drift,2016,4,109874.53917555002,94092.20871206671,88254.2647096225,99930.15271451093,15782.330463483304,15782.330463483304,14.36395600100527,0,1920.4981110892493,8.21783180746376
Low income,DALY,Drift,2016,5,121100.67506912992,95975.61735336947,89340.70559985588,102610.52910688306,25125.057715760457,25125.057715760457,20.747248272082626,0,1920.4981110892493,13.082573510843119
Low income,DALY,Drift,2016,6,133051.92396700478,97859.02599467224,90474.54603457492,105243.50595476956,35192.89797233255,35192.89797233255,26.450499115713612,0,1920.4981110892493,18.32488028450712
Low income,DALY,ETS,2017,1,97482.08692846051,96983.19142806044,95756.43095194914,98209.95190417174,498.8955004000745,498.8955004000745,0.5117817192057045,1,2047.2114145361572,0.24369515373824288
Low income,DALY,ETS,2017,2,103816.67533406155,102071.08684586335,99622.12211295437,104520.05157877233,1745.5884881982056,1745.5884881982056,1.6814143610178678,1,2047.2114145361572,0.8526664494950116
Low income,DALY,ETS,2017,3,109874.53917555002,107057.22424967083,103069.111723595,111045.33677574668,2817.314925879182,2817.314925879182,2.564119901679741,1,2047.2114145361572,1.3761719507203458
Low income,DALY,ETS,2017,4,121100.67506912992,111943.63880187557,106184.26291835957,117703.01468539156,9157.036267254356,9157.036267254356,7.561507202191145,0,2047.2114145361572,4.472931423806609
Low income,DALY,ETS,2017,5,133051.92396700478,116732.32496158018,109011.17897767056,124453.4709454898,16319.599005424607,16319.599005424607,12.265586636290704,0,2047.2114145361572,7.971623687494038
Low income,DALY,ETS,2017,6,142829.70490034798,121425.23729866376,111578.90785077124,131271.5667465563,21404.467601684213,21404.467601684213,14.986005618801826,0,2047.2114145361572,10.455426073585999
Low income,DALY,ARIMA,2017,1,97482.08692846051,97242.0887551672,96310.42460762858,98173.75290270583,239.99817329330835,239.99817329330835,0.2461972048971793,1,2047.2114145361572,0.11723174831344199
Low income,DALY,ARIMA,2017,2,103816.67533406155,102583.84605932298,100500.58169322723,104667.11042541874,1232.8292747385713,1232.8292747385713,1.1875060251848464,1,2047.2114145361572,0.602199297046171
Low income,DALY,ARIMA,2017,3,109874.53917555002,107925.60336347876,104439.63532384842,111411.5714031091,1948.9358120712568,1948.9358120712568,1.7737829224997983,1,2047.2114145361572,0.9519953817338562
Low income,DALY,ARIMA,2017,4,121100.67506912992,113267.36066763454,108164.42597137728,118370.2953638918,7833.314401495387,7833.314401495387,6.4684316557473895,0,2047.2114145361572,3.8263338831911526
Low income,DALY,ARIMA,2017,5,133051.92396700478,118609.11797179031,111699.7117303331,125518.52421324753,14442.805995214469,14442.805995214469,10.855014767615163,0,2047.2114145361572,7.054867852271534
Low income,DALY,ARIMA,2017,6,142829.70490034798,123950.87527594609,115063.36574702815,132838.38480486404,18878.829624401886,18878.829624401886,13.217719407579546,0,2047.2114145361572,9.221729368229084
Low income,DALY,Naive,2017,1,97482.08692846051,91900.33145101141,86999.41685940833,96801.2460426145,5581.7554774491,5581.7554774491,5.725929402337683,0,2047.2114145361572,2.726516390938439
Low income,DALY,Naive,2017,2,103816.67533406155,91900.33145101141,84969.39156753414,98831.27133448869,11916.34388305014,11916.34388305014,11.478256113197325,0,2047.2114145361572,5.820768582296158
Low income,DALY,Naive,2017,3,109874.53917555002,91900.33145101141,83411.6983747992,100388.96452722362,17974.207724538603,17974.207724538603,16.35884697165432,0,2047.2114145361572,8.779849309608833
Low income,DALY,Naive,2017,4,121100.67506912992,91900.33145101141,82098.50226780525,101702.16063421758,29200.34361811851,29200.34361811851,24.112453214195206,0,2047.2114145361572,14.263472453691119
Low income,DALY,Naive,2017,5,133051.92396700478,91900.33145101141,80941.5532722663,102859.10962975652,41151.59251599337,41151.59251599337,30.928972155410882,0,2047.2114145361572,20.10129106539649
Low income,DALY,Naive,2017,6,142829.70490034798,91900.33145101141,79895.59142862326,103905.07147339957,50929.37344933656,50929.37344933656,35.65740997985671,0,2047.2114145361572,24.87743722397903
Low income,DALY,Drift,2017,1,97482.08692846051,93911.82707982726,90890.57245606737,96933.08170358714,3570.259848633257,3570.259848633257,3.6624778573456016,0,2047.2114145361572,1.7439624570685492
Low income,DALY,Drift,2017,2,103816.67533406155,95923.32270864309,91574.99457716441,100271.65084012176,7893.352625418469,7893.352625418469,7.603164520554352,0,2047.2114145361572,3.8556607145563855
Low income,DALY,Drift,2017,3,109874.53917555002,97934.81833745893,92518.18339385648,103351.45328106137,11939.720838091089,11939.720838091089,10.866685701420435,0,2047.2114145361572,5.832187507999171
Low income,DALY,Drift,2017,4,121100.67506912992,99946.31396627477,93588.33400237671,106304.29393017283,21154.361102855153,21154.361102855153,17.468408900924175,0,2047.2114145361572,10.333256718211567
Low income,DALY,Drift,2017,5,133051.92396700478,101957.8095950906,94735.62967028734,109179.98951989386,31094.114371914184,31094.114371914184,23.369909614854674,0,2047.2114145361572,15.188521396047056
Low income,DALY,Drift,2017,6,142829.70490034798,103969.30522390644,95935.13724912764,112003.47319868524,38860.399676441535,38860.399676441535,27.207505402013094,0,2047.2114145361572,18.982113620759705
Low income,DALY,ETS,2018,1,103816.67533406155,102938.50806426659,101722.08524573641,104154.93088279676,878.1672697949689,878.1672697949689,0.8458826744058217,1,2173.4451310687627,0.40404391039912835
Low income,DALY,ETS,2018,2,109874.53917555002,108338.79559481303,105880.22390116811,110797.36728845794,1535.7435807369911,1535.7435807369911,1.3977247069799175,1,2173.4451310687627,0.7065941342544082
Low income,DALY,ETS,2018,3,121100.67506912992,113631.07726128025,109617.11808337085,117645.03643918966,7469.59780784967,7469.59780784967,6.168089322033651,0,2173.4451310687627,3.4367547176940207
Low income,DALY,ETS,2018,4,133051.92396700478,118817.51318321923,113016.17666727844,124618.84969916001,14234.410783785555,14234.410783785555,10.698387786797815,0,2173.4451310687627,6.549238616751265
Low income,DALY,ETS,2018,5,142829.70490034798,123900.2202777445,116120.28316169741,131680.1573937916,18929.48462260347,18929.48462260347,13.253184717990237,0,2173.4451310687627,8.709437543194452
Low income,DALY,ARIMA,2018,1,103816.67533406155,103063.8424059096,102145.12319198648,103982.56161983272,752.8329281519545,752.8329281519545,0.7251560751001579,1,2173.4451310687627,0.34637770118528777
Low income,DALY,ARIMA,2018,2,109874.53917555002,108645.59788335869,106591.27926879143,110699.91649792594,1228.9412921913317,1228.9412921913317,1.118495059376598,1,2173.4451310687627,0.5654346984075996
Low income,DALY,ARIMA,2018,3,121100.67506912992,114227.35336080777,110789.82082766121,117664.88589395433,6873.321708322153,6873.321708322153,5.675708830193176,0,2173.4451310687627,3.162408661746289
Low income,DALY,ARIMA,2018,4,133051.92396700478,119809.10883825686,114777.07646346583,124841.14121304789,13242.815128747927,13242.815128747927,9.953118101495457,0,2173.4451310687627,6.09300641614815
Low income,DALY,ARIMA,2018,5,142829.70490034798,125390.86431570594,118577.46027134363,132204.26836006824,17438.840584642036,17438.840584642036,12.209533441806858,0,2173.4451310687627,8.023593664895841
Low income,DALY,Naive,2018,1,103816.67533406155,97482.08692846051,92244.18763478677,102719.98622213426,6334.58840560104,6334.58840560104,6.101706094148734,0,2173.4451310687627,2.914537990883667
Low income,DALY,Naive,2018,2,109874.53917555002,97482.08692846051,90074.57870900264,104889.59514791839,12392.452247089503,12392.452247089503,11.278729667561736,0,2173.4451310687627,5.701755277804358
Low income,DALY,Naive,2018,3,121100.67506912992,97482.08692846051,88409.77922688845,106554.39463003258,23618.58814066941,23618.58814066941,19.50326711819469,0,2173.4451310687627,10.866889530841426
Low income,DALY,Naive,2018,4,133051.92396700478,97482.08692846051,87006.28834111302,107957.88551580801,35569.83703854427,35569.83703854427,26.73380134462779,0,2173.4451310687627,16.365647574941665
Low income,DALY,Naive,2018,5,142829.70490034798,97482.08692846051,85769.78804850788,109194.38580841315,45347.61797188746,45347.61797188746,31.74943055684839,0,2173.4451310687627,20.864395113387737
Low income,DALY,Drift,2018,1,103816.67533406155,99621.09183758468,96366.87273830513,102875.31093686423,4195.583496476873,4195.583496476873,4.041338718444136,0,2173.4451310687627,1.9303839036478232
Low income,DALY,Drift,2018,2,109874.53917555002,101760.09674670885,97079.26084741674,106440.93264600096,8114.442428841168,8114.442428841168,7.38518904354763,0,2173.4451310687627,3.7334471033326704
Low income,DALY,Drift,2018,3,121100.67506912992,103899.10165583302,98071.50795774821,109726.69535391782,17201.57341329691,17201.57341329691,14.204357988489699,0,2173.4451310687627,7.914427269133895
Low income,DALY,Drift,2018,4,133051.92396700478,106038.10656495718,99201.30813823114,112874.90499168323,27013.8174020476,27013.8174020476,20.303214411801132,0,2173.4451310687627,12.42903122599829
Low income,DALY,Drift,2018,5,142829.70490034798,108177.11147408135,100414.82328249249,115939.39966567021,34652.59342626663,34652.59342626663,24.26147519554401,0,2173.4451310687627,15.943624677208518
Low income,DALY,ETS,2019,1,109874.53917555002,109888.16751800942,108648.55094268611,111127.78409333272,-13.6283424594003,13.6283424594003,0.01240354914037534,1,2316.9328301905643,0.005882061957868407
Low income,DALY,ETS,2019,2,121100.67506912992,115930.22112370064,113412.40817875738,118448.0340686439,5170.453945429283,5170.453945429283,4.269550060293013,0,2316.9328301905643,2.231594234436231
Low income,DALY,ETS,2019,3,133051.92396700478,121851.4335543291,117736.67898711261,125966.18812154558,11200.490412675688,11200.490412675688,8.41813487451205,0,2316.9328301905643,4.834188659562679
Low income,DALY,ETS,2019,4,142829.70490034798,127654.22163545499,121705.36417763036,133603.07909327964,15175.483264892988,15175.483264892988,10.624878960214119,0,2316.9328301905643,6.5498158026639155
Low income,DALY,ARIMA,2019,1,109874.53917555002,110151.26373966262,109206.98793778538,111095.53954153987,-276.72456411260646,276.72456411260646,0.2518550395651489,1,2316.9328301905643,0.1194357300767525
Low income,DALY,ARIMA,2019,2,121100.67506912992,116485.85214526368,114374.38726275803,118597.31702776933,4614.822923866246,4614.822923866246,3.810732616669469,0,2316.9328301905643,1.9917810580148254
Low income,DALY,ARIMA,2019,3,133051.92396700478,122820.44055086473,119287.28402161883,126353.59708011063,10231.48341614005,10231.48341614005,7.689842514924723,0,2316.9328301905643,4.4159603087408135
Low income,DALY,ARIMA,2019,4,142829.70490034798,129155.02895646579,123983.0173845213,134327.0405284103,13674.67594388219,13674.67594388219,9.574112019221062,0,2316.9328301905643,5.902059725554266
Low income,DALY,Naive,2019,1,109874.53917555002,103816.67533406155,98177.09002941787,109456.26063870524,6057.863841488463,6057.863841488463,5.513437313998307,0,2316.9328301905643,2.614604861458246
Low income,DALY,Naive,2019,2,121100.67506912992,103816.67533406155,95841.09731007446,111792.25335804865,17283.99973506837,17283.99973506837,14.272422284352961,0,2316.9328301905643,7.459862241084816
Low income,DALY,Naive,2019,3,133051.92396700478,103816.67533406155,94048.6270527999,113584.72361532321,29235.24863294323,29235.24863294323,21.97281163720203,0,2316.9328301905643,12.618082083345797
Low income,DALY,Naive,2019,4,142829.70490034798,103816.67533406155,92537.50472477419,115095.84594334892,39013.02956628642,39013.02956628642,27.314366849322937,0,2316.9328301905643,16.83822209169424
Low income,DALY,Drift,2019,1,109874.53917555002,106100.35553616768,102549.05327692203,109651.65779541334,3774.1836393823323,3774.1836393823323,3.43499382814448,0,2316.9328301905643,1.6289568649566382
Low income,DALY,Drift,2019,2,121100.67506912992,108384.03573827381,103278.71707481299,113489.35440173464,12716.63933085611,12716.63933085611,10.500882281289396,0,2316.9328301905643,5.4885662480816
Low income,DALY,Drift,2019,3,133051.92396700478,110667.71594037995,104314.95333212244,117020.47854863745,22384.208026624838,22384.208026624838,16.823663543697304,0,2316.9328301905643,9.661138093840972
Low income,DALY,Drift,2019,4,142829.70490034798,112951.39614248608,105502.12167843909,120400.67060653307,29878.3087578619,29878.3087578619,20.918833920932585,0,2316.9328301905643,12.89563010568781
Low income,DALY,ETS,2020,1,121100.67506912992,115906.21531156325,114691.88712292194,117120.54350020457,5194.45975756667,5194.45975756667,4.289373081199944,0,2441.6305305671613,2.127455277338812
Low income,DALY,ETS,2020,2,133051.92396700478,121815.84195939451,119349.66793418957,124282.01598459946,11236.082007610268,11236.082007610268,8.444885028792726,0,2441.6305305671613,4.601876437464215
Low income,DALY,ETS,2020,3,142829.70490034798,127607.27603538403,123577.00240808667,131637.54966268138,15222.42886496395,15222.42886496395,10.657747193123875,0,2441.6305305671613,6.234534125614805
Low income,DALY,ARIMA,2020,1,121100.67506912992,115932.40301703846,114999.10047283104,116865.7055612459,5168.272052091459,5168.272052091459,4.26774834173399,0,2441.6305305671613,2.116729778477554
Low income,DALY,ARIMA,2020,2,133051.92396700478,121990.26685852691,119903.3389261056,124077.19479094823,11061.65710847787,11061.65710847787,8.313789668476364,0,2441.6305305671613,4.530438561442947
Low income,DALY,ARIMA,2020,3,142829.70490034798,128048.13070001536,124556.03234138672,131540.229058644,14781.574200332616,14781.574200332616,10.34908964535472,0,2441.6305305671613,6.0539766419528815
Low income,DALY,Naive,2020,1,121100.67506912992,109874.53917555002,103921.06537665511,115828.01297444492,11226.135893579907,11226.135893579907,9.270085313043468,0,2441.6305305671613,4.59780288337573
Low income,DALY,Naive,2020,2,133051.92396700478,109874.53917555002,101455.05578591996,118294.02256518007,23177.384791454766,23177.384791454766,17.41980431429347,0,2441.6305305671613,9.492584771239299
Low income,DALY,Naive,2020,3,142829.70490034798,109874.53917555002,99562.82007433394,120186.2582767661,32955.16572479796,32955.16572479796,23.073047548330873,0,2441.6305305671613,13.49719595664741
Low income,DALY,Drift,2020,1,121100.67506912992,112284.02549896888,108535.9442131643,116032.10678477347,8816.64957016104,8816.64957016104,7.2804297458524365,0,2441.6305305671613,3.6109679412114164
Low income,DALY,Drift,2020,2,133051.92396700478,114693.51182238777,109308.10965152508,120078.91399325045,18358.412144617017,18358.412144617017,13.797930610285405,0,2441.6305305671613,7.518914886910666
Low income,DALY,Drift,2020,3,142829.70490034798,117102.99814580663,110404.98876608777,123801.00752552549,25726.706754541345,25726.706754541345,18.01215424514867,0,2441.6305305671613,10.536691130154464
Low income,DALY,ETS,2021,1,133051.92396700478,130510.3914795048,128223.30798569588,132797.4749733137,2541.5324874999787,2541.5324874999787,1.9101809366772082,0,2725.001671309507,0.9326719004464458
Low income,DALY,ETS,2021,2,142829.70490034798,140523.23242216356,136070.40833030627,144976.05651402086,2306.4724781844125,2306.4724781844125,1.614840890271134,1,2725.001671309507,0.8464113994748601
Low income,DALY,ARIMA,2021,1,133051.92396700478,132326.81096270983,130262.26984823433,134391.35207718532,725.1130042949517,725.1130042949517,0.5449849823101924,1,2725.001671309507,0.26609635213416094
Low income,DALY,ARIMA,2021,2,142829.70490034798,143552.94685628975,138936.49258197934,148169.40113060016,-723.2419559417758,723.2419559417758,0.506366624818262,1,2725.001671309507,0.2654097293064117
Low income,DALY,Naive,2021,1,133051.92396700478,121100.67506912992,114035.44972100276,128165.90041725709,11951.248897874859,11951.248897874859,8.982394648301831,0,2725.001671309507,4.38577672215946
Low income,DALY,Naive,2021,2,142829.70490034798,121100.67506912992,111108.93756058632,131092.41257767353,21729.029831218053,21729.029831218053,15.213242823947832,0,2725.001671309507,7.973951010744191
Low income,DALY,Drift,2021,1,133051.92396700478,123794.56944319916,118945.9616078536,128643.17727854471,9257.354523805625,9257.354523805625,6.957700608749809,0,2725.001671309507,3.3971922370810796
Low income,DALY,Drift,2021,2,142829.70490034798,126488.46381726838,119525.18095260895,133451.7466819278,16341.2410830796,16341.2410830796,11.441066194515246,0,2725.001671309507,5.996782040587436
Low income,DALY,ETS,2022,1,142829.70490034798,144807.08750383346,142481.08214524394,147133.092862423,-1977.3826034854865,1977.3826034854865,1.3844337246689005,1,3013.3218971396755,0.6562135314393295
Low income,DALY,ARIMA,2022,1,142829.70490034798,145003.17286487966,142956.22630578536,147050.11942397396,-2173.467964531679,2173.467964531679,1.5217198453557708,0,3013.3218971396755,0.7212863539719379
Low income,DALY,Naive,2022,1,142829.70490034798,133051.92396700478,124958.47700850139,141145.37092550818,9777.780933343194,9777.780933343194,6.845761489296036,0,3013.3218971396755,3.244851120162277
Low income,DALY,Drift,2022,1,142829.70490034798,136035.11066994295,130261.23346265157,141808.98787723432,6794.594230405026,6794.594230405026,4.757129642706747,0,3013.3218971396755,2.254851775661483
Low income,VLW,ETS,2009,1,0.8776894220366944,0.8795241878832614,0.8625762006879071,0.8964721750786157,-0.0018347658465669436,0.0018347658465669436,0.2090449993471877,1,0.018592279431090743,0.0986842873875258
Low income,VLW,ETS,2009,2,0.915784460807976,0.9167400799393312,0.8847562583881222,0.9487239014905401,-9.556191313551121e-4,9.556191313551121e-4,0.10434978668583117,1,0.018592279431090743,0.05139870745257239
Low income,VLW,ETS,2009,3,0.9563161334721092,0.9532116534776879,0.9038834221890732,1.0025398847663025,0.0031044799944213164,0.0031044799944213164,0.3246290516034527,1,0.018592279431090743,0.16697683605324276
Low income,VLW,ETS,2009,4,1.011453019213022,0.9889537948822179,0.9202824993196811,1.0576250904447548,0.02249922433080409,0.02249922433080409,2.224445812452069,1,0.018592279431090743,1.2101380260658088
Low income,VLW,ETS,2009,5,1.0667237725634842,1.0239810928088586,0.9342277879048019,1.1137343977129153,0.042742679754625534,0.042742679754625534,4.0069117098524005,1,0.018592279431090743,2.2989477924449404
Low income,VLW,ETS,2009,6,1.1254670286338146,1.0583078441401643,0.9459399588008932,1.1706757294794354,0.06715918449365033,0.06715918449365033,5.967228073768959,1,0.018592279431090743,3.61220821484342
Low income,VLW,ARIMA,2009,1,0.8776894220366944,0.8825131288207803,0.8668504143919725,0.898175843249588,-0.004823706784085835,0.004823706784085835,0.5495915369348231,1,0.018592279431090743,0.2594467667057242
Low income,VLW,ARIMA,2009,2,0.915784460807976,0.9233081800828357,0.8882852859078549,0.9583310742578164,-0.007523719274859619,0.007523719274859619,0.8215600500822661,1,0.018592279431090743,0.4046690080549327
Low income,VLW,ARIMA,2009,3,0.9563161334721092,0.9641032313448911,0.905498720205412,1.02270774248437,-0.007787097872781867,0.007787097872781867,0.8142807174557593,1,0.018592279431090743,0.41883502782127807
Low income,VLW,ARIMA,2009,4,1.011453019213022,1.0048982826069466,0.9191100625627504,1.0906865026511428,0.0065547366060754175,0.0065547366060754175,0.6480515141647845,1,0.018592279431090743,0.3525515324987171
Low income,VLW,ARIMA,2009,5,1.0667237725634842,1.0456933338690022,0.9295355348182672,1.1618511329197372,0.021030438694481957,0.021030438694481957,1.9714980799521244,1,0.018592279431090743,1.1311382648065211
Low income,VLW,ARIMA,2009,6,1.1254670286338146,1.0864883851310578,0.9370756121886731,1.2359011580734425,0.038978643502756816,0.038978643502756816,3.4633305562111696,1,0.018592279431090743,2.0964962175415236
Low income,VLW,Naive,2009,1,0.8776894220366944,0.841718077558725,0.7997581032972384,0.8836780518202115,0.03597134447796946,0.03597134447796946,4.0984138095793945,1,0.018592279431090743,1.934746334428298
Low income,VLW,Naive,2009,2,0.915784460807976,0.841718077558725,0.7823777128813048,0.9010584422361452,0.07406638324925108,0.07406638324925108,8.087752786709656,0,0.018592279431090743,3.983717194213118
Low income,VLW,Naive,2009,3,0.9563161334721092,0.841718077558725,0.769041270253548,0.914394884863902,0.11459805591338423,0.11459805591338423,11.983281668302679,0,0.018592279431090743,6.163744275580801
Low income,VLW,Naive,2009,4,1.011453019213022,0.841718077558725,0.7577981290357519,0.925638026081698,0.16973494165429703,0.16973494165429703,16.781297641126443,0,0.018592279431090743,9.12932393703483
Low income,VLW,Naive,2009,5,1.0667237725634842,0.841718077558725,0.7478927227758996,0.9355434323415504,0.2250056950047592,0.2250056950047592,21.093154647152893,0,0.018592279431090743,12.102103770476674
Low income,VLW,Naive,2009,6,1.1254670286338146,0.841718077558725,0.7389375509977676,0.9444986041196823,0.2837489510750897,0.2837489510750897,25.211662701441174,0,0.018592279431090743,15.261654824345717
Low income,VLW,Drift,2009,1,0.8776894220366944,0.8592829829236491,0.8339968449069862,0.884569120940312,0.018406439113045292,0.018406439113045292,2.097147197049819,1,0.018592279431090743,0.9900044360491548
Low income,VLW,Drift,2009,2,0.915784460807976,0.8768478882885733,0.8402047930430127,0.9134909835341339,0.038936572519402746,0.038936572519402746,4.2517179735775255,0,0.018592279431090743,2.0942333974548313
Low income,VLW,Drift,2009,3,0.9563161334721092,0.8944127936534974,0.8484782428215528,0.9403473444854419,0.06190333981861185,0.06190333981861185,6.4731042018352865,0,0.018592279431090743,3.329518580443377
Low income,VLW,Drift,2009,4,1.011453019213022,0.9119776990184215,0.8577449748689788,0.9662104231678642,0.09947532019460048,0.09947532019460048,9.834892803226682,0,0.018592279431090743,5.350356343518263
Low income,VLW,Drift,2009,5,1.0667237725634842,0.9295426043833457,0.86760446867693,0.9914807400897614,0.13718116818013848,0.13718116818013848,12.8600460314551,0,0.018592279431090743,7.378394278580964
Low income,VLW,Drift,2009,6,1.1254670286338146,0.9471075097482697,0.8778585688286935,1.016356450667846,0.1783595188855449,0.1783595188855449,15.847600538067516,0,0.018592279431090743,9.593203434070869
Low income,VLW,ETS,2010,1,0.915784460807976,0.9144378443089031,0.8984346534105421,0.9304410352072641,0.0013466164990729723,0.0013466164990729723,0.14704513525867025,1,0.019461232683434672,0.06919482033731642
Low income,VLW,ETS,2010,2,0.9563161334721092,0.9499830008657058,0.9183750631297102,0.9815909386017013,0.0063331326064034466,0.0063331326064034466,0.662242576982327,1,0.019461232683434672,0.3254229939809612
Low income,VLW,ETS,2010,3,1.011453019213022,0.9847780726225775,0.9334384665296346,1.0361176787155204,0.02667494659044445,0.02667494659044445,2.6372897291066804,1,0.019461232683434672,1.3706709654188587
Low income,VLW,ETS,2010,4,1.0667237725634842,1.018838888099114,0.9447795383917494,1.0928982378064784,0.047884884464370225,0.047884884464370225,4.488967593672001,1,0.019461232683434672,2.46052679412901
Low income,VLW,ETS,2010,5,1.1254670286338146,1.0521809417966335,0.952964272857004,1.151397610736263,0.07328608683718119,0.07328608683718119,6.511615620240953,1,0.019461232683434672,3.7657474235720962
Low income,VLW,ETS,2010,6,1.1884717681246015,1.0848194012467336,0.9583629386002216,1.2112758638932457,0.10365236687786794,0.10365236687786794,8.721483308049505,1,0.019461232683434672,5.326094629457693
Low income,VLW,ARIMA,2010,1,0.915784460807976,0.9136607665146642,0.8982622791520443,0.9290592538772842,0.0021236942933118286,0.0021236942933118286,0.23189892209332105,1,0.019461232683434672,0.10912434622497008
Low income,VLW,ARIMA,2010,2,0.9563161334721092,0.9496321109926339,0.9152000464991443,0.9840641754861235,0.0066840224794753045,0.0066840224794753045,0.6989344052167705,1,0.019461232683434672,0.34345319169657323
Low income,VLW,ARIMA,2010,3,1.011453019213022,0.9856034554706036,0.9279875914851116,1.0432193194560955,0.025849563742418424,0.025849563742418424,2.555686052776936,1,0.019461232683434672,1.3282593226698058
Low income,VLW,ARIMA,2010,4,1.0667237725634842,1.0215747999485734,0.9372338111489218,1.105915788748225,0.0451489726149108,0.0451489726149108,4.232489588791257,1,0.019461232683434672,2.3199441345430003
Low income,VLW,ARIMA,2010,5,1.1254670286338146,1.057546144426543,0.9433479057443196,1.1717443831087666,0.0679208842072716,0.0679208842072716,6.034906619140999,1,0.019461232683434672,3.4900607434330513
Low income,VLW,ARIMA,2010,6,1.1884717681246015,1.0935174889045127,0.9466252815272471,1.2404096962817783,0.09495427922008881,0.09495427922008881,7.989611681725167,1,0.019461232683434672,4.879150296626047
Low income,VLW,Naive,2010,1,0.915784460807976,0.8776894220366944,0.8338586352208658,0.9215202088525231,0.03809503877128162,0.03809503877128162,4.1598258544015065,1,0.019461232683434672,1.9574833409040926
Low income,VLW,Naive,2010,2,0.9563161334721092,0.8776894220366944,0.8157033288722657,0.9396755152011231,0.07862671143541478,0.07862671143541478,8.221832580607396,0,0.019461232683434672,4.040171181054813
Low income,VLW,Naive,2010,3,1.011453019213022,0.8776894220366944,0.8017722723359592,0.9536065717374297,0.13376359717632758,0.13376359717632758,13.224894744039084,0,0.019461232683434672,6.873336306707162
Low income,VLW,Naive,2010,4,1.0667237725634842,0.8776894220366944,0.7900278484050373,0.9653509956683516,0.18903435052678974,0.18903435052678974,17.721021635480586,0,0.019461232683434672,9.713380113259479
Low income,VLW,Naive,2010,5,1.1254670286338146,0.8776894220366944,0.7796808032092001,0.9756980408641888,0.24777760659712023,0.24777760659712023,22.015536687724495,0,0.019461232683434672,12.731855716828646
Low income,VLW,Naive,2010,6,1.1884717681246015,0.8776894220366944,0.7703263593132061,0.9850524847601827,0.3107823460879071,0.3107823460879071,26.1497457847332,0,0.019461232683434672,15.96930426470076
Low income,VLW,Drift,2010,1,0.915784460807976,0.8961746493572709,0.8702410839196262,0.9221082147949156,0.019609811450705172,0.019609811450705172,2.141312971548335,1,0.019461232683434672,1.007634602066958
Low income,VLW,Drift,2010,2,0.9563161334721092,0.9146598766778472,0.8771212033385406,0.9521985500171538,0.04165625679426199,0.04165625679426199,4.355908609741853,0,0.019461232683434672,2.140473703380549
Low income,VLW,Drift,2010,3,1.011453019213022,0.9331451039984237,0.8861365245761555,0.9801536834206918,0.07830791521459834,0.07830791521459834,7.7421208624724,0,0.019461232683434672,4.023790090195764
Low income,VLW,Drift,2010,4,1.0667237725634842,0.951630331319,0.8961820360703435,1.0070786265676566,0.11509344124448417,0.11509344124448417,10.789432485215809,0,0.019461232683434672,5.913985157910952
Low income,VLW,Drift,2010,5,1.1254670286338146,0.9701155586395764,0.9068441376335438,1.033386979645609,0.1553514699942382,0.1553514699942382,13.803289304957847,0,0.019461232683434672,7.982612022642985
Low income,VLW,Drift,2010,6,1.1884717681246015,0.9886007859601529,0.9179178010930645,1.0592837708272413,0.19987098216444865,0.19987098216444865,16.81747833857622,0,0.019461232683434672,10.270211831677964
Low income,VLW,ETS,2011,1,0.9563161334721092,0.9524362260777802,0.9367760968707746,0.9680963552847859,0.003879907394328974,0.003879907394328974,0.4057138908910953,1,0.020348556782855957,0.19067236245461247
Low income,VLW,ETS,2011,2,1.011453019213022,0.988465993409474,0.9578261196241578,1.0191058671947903,0.022987025803547945,0.022987025803547945,2.272673605881703,1,0.020348556782855957,1.1296636930494721
Low income,VLW,ETS,2011,3,1.0667237725634842,1.023775164986407,0.975086643253453,1.0724636867193613,0.04294860757707708,0.04294860757707708,4.026216409695798,1,0.020348556782855957,2.1106463733714076
Low income,VLW,ETS,2011,4,1.1254670286338146,1.0583781527318372,0.9892222002602601,1.1275341052034142,0.06708887590197743,0.06708887590197743,5.960981014558506,1,0.020348556782855957,3.296984479926413
Low income,VLW,ETS,2011,5,1.1884717681246015,1.0922890803303935,1.0006282359863994,1.1839499246743876,0.09618268779420802,0.09618268779420802,8.092972031298942,0,0.020348556782855957,4.726757225123884
Low income,VLW,ETS,2011,6,1.2610276632799886,1.1255217889928528,1.0095875451160319,1.2414560328696738,0.13550587428713579,0.13550587428713579,10.745670236502109,0,0.020348556782855957,6.659237592776213
Low income,VLW,ARIMA,2011,1,0.9563161334721092,0.9538794995792576,0.9388420793801568,0.9689169197783583,0.0024366338928516473,0.0024366338928516473,0.25479376615815624,1,0.020348556782855957,0.11974480150378809
Low income,VLW,ARIMA,2011,2,1.011453019213022,0.9919745383505391,0.9583498445791215,1.0255992321219565,0.01947848086248294,0.01947848086248294,1.9257919539988617,1,0.020348556782855957,0.9572413940871681
Low income,VLW,ARIMA,2011,3,1.0667237725634842,1.0300695771218207,0.9738047027558321,1.0863344514878093,0.036654195441663484,0.036654195441663484,3.4361468624232874,1,0.020348556782855957,1.8013167141438422
Low income,VLW,ARIMA,2011,4,1.1254670286338146,1.0681646158931022,0.9858012733957897,1.1505279583904147,0.05730241274071246,0.05730241274071246,5.09143415869507,1,0.020348556782855957,2.816043091026034
Low income,VLW,ARIMA,2011,5,1.1884717681246015,1.1062596546643837,0.9947391617339917,1.2177801475947756,0.08221211346021784,0.08221211346021784,6.917464567959226,1,0.020348556782855957,4.040193824924384
Low income,VLW,ARIMA,2011,6,1.2610276632799886,1.1443546934356652,1.000906847274654,1.2878025395966763,0.1166729698443234,0.1166729698443234,9.252213352786557,1,0.020348556782855957,5.733722105669066
Low income,VLW,Naive,2011,1,0.9563161334721092,0.915784460807976,0.8700119355988408,0.9615569860171113,0.040531672664133156,0.040531672664133156,4.23831317338277,1,0.020348556782855957,1.9918696493641188
Low income,VLW,Naive,2011,2,1.011453019213022,0.915784460807976,0.8510523348731526,0.9805165867427995,0.09566855840504596,0.09566855840504596,9.458527147359003,0,0.020348556782855957,4.7014910898078295
Low income,VLW,Naive,2011,3,1.0667237725634842,0.915784460807976,0.8365041215550265,0.9950648000609256,0.15093931175550812,0.15093931175550812,14.149802942216255,0,0.020348556782855957,7.417691257724839
Low income,VLW,Naive,2011,4,1.1254670286338146,0.915784460807976,0.8242394103897056,1.0073295112262466,0.2096825678258386,0.2096825678258386,18.630716181918604,0,0.020348556782855957,10.304542482467362
Low income,VLW,Naive,2011,5,1.1884717681246015,0.915784460807976,0.8134339829385269,1.0181349386774252,0.2726873073166255,0.2726873073166255,22.944365581937532,0,0.020348556782855957,13.400818064226042
Low income,VLW,Naive,2011,6,1.2610276632799886,0.915784460807976,0.8036651298069148,1.0279037918090372,0.34524320247201257,0.34524320247201257,27.37792457098203,0,0.020348556782855957,16.966471192831055
Low income,VLW,Drift,2011,1,0.9563161334721092,0.9352034886738241,0.9085357802968246,0.9618711970508236,0.02111264479828512,0.02111264479828512,2.207705596436104,1,0.020348556782855957,1.0375499856615344
Low income,VLW,Drift,2011,2,1.011453019213022,0.9546225165396722,0.9160610739366878,0.9931839591426567,0.05683050267334977,0.05683050267334977,5.618699197474115,0,0.020348556782855957,2.7928517624026554
Low income,VLW,Drift,2011,3,1.0667237725634842,0.9740415444055203,0.9257978447481793,1.0222852440628611,0.0926822281579639,0.0926822281579639,8.68849373584651,0,0.020348556782855957,4.554732266617081
Low income,VLW,Drift,2011,4,1.1254670286338146,0.9934605722713684,0.9366048269759802,1.0503163175667567,0.13200645636244623,0.13200645636244623,11.729038079657174,0,0.020348556782855957,6.4872638276570145
Low income,VLW,Drift,2011,5,1.1884717681246015,1.0128796001372165,0.9480540765757189,1.077705123698714,0.17559216798738508,0.17559216798738508,14.774618354163183,0,0.020348556782855957,8.629219745713112
Low income,VLW,Drift,2011,6,1.2610276632799886,1.0322986280030646,0.9599330785170532,1.104664177489076,0.228729035276924,0.228729035276924,18.138304332038974,0,0.020348556782855957,11.240553210615532
Low income,VLW,ETS,2012,1,1.011453019213022,0.9947330794575157,0.9792706554863257,1.0101955034287056,0.01671993975550634,0.01671993975550634,1.653061431218582,0,0.021265971141095835,0.7862297773552214
Low income,VLW,ETS,2012,2,1.0667237725634842,1.0326032857960286,1.0031113480311986,1.0620952235608585,0.034120486767455604,0.034120486767455604,3.1986243904042166,0,0.021265971141095835,1.6044640774254986
Low income,VLW,ETS,2012,3,1.1254670286338146,1.069716087955398,1.0236083562241498,1.1158238196866461,0.05575094067841668,0.05575094067841668,4.95358275809215,0,0.021265971141095835,2.6216033262021927
Low income,VLW,ETS,2012,4,1.1884717681246015,1.1060866340202542,1.041263580719533,1.1709096873209754,0.08238513410434734,0.08238513410434734,6.932022814000065,0,0.021265971141095835,3.874035827366501
Low income,VLW,ETS,2012,5,1.2610276632799886,1.141729769113514,1.0564039284238242,1.2270556098032037,0.11929789416647463,0.11929789416647463,9.460370905438786,0,0.021265971141095835,5.609802316336973
Low income,VLW,ETS,2012,6,1.3353057929938226,1.1766600414556152,1.0692718518706987,1.2840482310405317,0.15864575153820737,0.15864575153820737,11.880855484234488,0,0.021265971141095835,7.460075558535361
Low income,VLW,ARIMA,2012,1,1.011453019213022,0.9968478061362424,0.9821358291956207,1.0115597830768641,0.014605213076779644,0.014605213076779644,1.4439833387559093,1,0.021265971141095835,0.686787966553548
Low income,VLW,ARIMA,2012,2,1.0667237725634842,1.0373794788003754,1.0044824982777358,1.070276459323015,0.029344293763108764,0.029344293763108764,2.7508802670245536,1,0.021265971141095835,1.3798708541648408
Low income,VLW,ARIMA,2012,3,1.1254670286338146,1.0779111514645083,1.0228639742705832,1.1329583286584335,0.047555877169306315,0.047555877169306315,4.225434949172486,1,0.021265971141095835,2.2362429090955573
Low income,VLW,ARIMA,2012,4,1.1884717681246015,1.1184428241286413,1.037862007769898,1.1990236404873846,0.07002894399596027,0.07002894399596027,5.8923523363508545,1,0.021265971141095835,3.2930047507038833
Low income,VLW,ARIMA,2012,5,1.2610276632799886,1.1589744967927742,1.0498675556635493,1.2680814379219991,0.10205316648721441,0.10205316648721441,8.092857076724997,1,0.021265971141095835,4.798895183770837
Low income,VLW,ARIMA,2012,6,1.3353057929938226,1.1995061694569071,1.0591628541168954,1.339849484796919,0.13579962353691544,0.13579962353691544,10.169926937293207,1,0.021265971141095835,6.3857710816924245
Low income,VLW,Naive,2012,1,1.011453019213022,0.9563161334721092,0.9084961979009255,1.0041360690432928,0.0551368857409128,0.0551368857409128,5.451255243057456,0,0.021265971141095835,2.5927283252238817
Low income,VLW,Naive,2012,2,1.0667237725634842,0.9563161334721092,0.8886885320355337,1.0239437349086846,0.11040763909137497,0.11040763909137497,10.350162050485686,0,0.021265971141095835,5.1917515715055025
Low income,VLW,Naive,2012,3,1.1254670286338146,0.9563161334721092,0.8734895754481489,1.0391426914960695,0.16915089516170545,0.16915089516170545,15.029395873732069,0,0.021265971141095835,7.954063985106542
Low income,VLW,Naive,2012,4,1.1884717681246015,0.9563161334721092,0.8606762623297419,1.0519560046144765,0.23215563465249234,0.23215563465249234,19.533962932820188,0,0.021265971141095835,10.91676618538519
Low income,VLW,Naive,2012,5,1.2610276632799886,0.9563161334721092,0.8493875068552823,1.063244760088936,0.3047115298078794,0.3047115298078794,24.163746655272515,0,0.021265971141095835,14.328596977122467
Low income,VLW,Naive,2012,6,1.3353057929938226,0.9563161334721092,0.8391816917899424,1.073450575154276,0.3789896595217134,0.3789896595217134,28.38223735044237,0,0.021265971141095835,17.821413233714377
Low income,VLW,Drift,2012,1,1.011453019213022,0.9766948270106066,0.9491762489875709,1.0042134050336422,0.03475819220241538,0.03475819220241538,3.4364613622350526,0,0.021265971141095835,1.6344512071328003
Low income,VLW,Drift,2012,2,1.0667237725634842,0.997073520549104,0.9573193506569787,1.0368276904412295,0.06965025201438013,0.06965025201438013,6.529361565365792,0,0.021265971141095835,3.27519733532334
Low income,VLW,Drift,2012,3,1.1254670286338146,1.0174522140876014,0.9677595017224447,1.0671449264527582,0.1080148145462132,0.1080148145462132,9.59733264486038,0,0.021265971141095835,5.079232630833299
Low income,VLW,Drift,2012,4,1.1884717681246015,1.0378309076260988,0.9793143539716619,1.0963474612805357,0.15064086049850278,0.15064086049850278,12.675173659043898,0,0.021265971141095835,7.083657713020872
Low income,VLW,Drift,2012,5,1.2610276632799886,1.0582096011645963,0.9915398314636954,1.1248793708654972,0.20281806211539233,0.20281806211539233,16.083553757088374,0,0.021265971141095835,9.537211386667062
Low income,VLW,Drift,2012,6,1.3353057929938226,1.0785882947030936,1.004215052987125,1.1529615364190622,0.256717498290729,0.256717498290729,19.225371419617336,0,0.021265971141095835,12.071750525167896
Low income,VLW,ETS,2013,1,1.0667237725634842,1.062254646185246,1.045737731701881,1.078771560668611,0.004469126378238153,0.004469126378238153,0.4189581682892682,1,0.022738619601957437,0.1965434338790483
Low income,VLW,ETS,2013,2,1.1254670286338146,1.1137777379594578,1.0804101871833298,1.1471452887355857,0.011689290674356867,0.011689290674356867,1.0386168920955685,1,0.022738619601957437,0.5140721327406613
Low income,VLW,ETS,2013,3,1.1884717681246015,1.1642185443274742,1.1097637157824014,1.218673372872547,0.024253223797127355,0.024253223797127355,2.0407067670945804,1,0.022738619601957437,1.0666093290482566
Low income,VLW,ETS,2013,4,1.2610276632799886,1.2135997995946357,1.1349274023673273,1.2922721968219442,0.0474278636853529,0.0474278636853529,3.761048632509055,1,0.022738619601957437,2.085784648126578
Low income,VLW,ETS,2013,5,1.3353057929938226,1.2619437605132853,1.1564794390524327,1.3674080819741379,0.0733620324805373,0.0733620324805373,5.494024879204331,1,0.022738619601957437,3.226318649273766
Low income,VLW,ETS,2013,6,1.4200387772773657,1.309272216314167,1.1748087185662308,1.4437357140621032,0.1107665609631987,0.1107665609631987,7.800249030915266,1,0.022738619601957437,4.871296626716226
Low income,VLW,ARIMA,2013,1,1.0667237725634842,1.0665899049539354,1.0509741818226548,1.082205628085216,1.3386760954881005e-4,1.3386760954881005e-4,0.012549416539870274,1,0.022738619601957437,0.005887235544293381
Low income,VLW,ARIMA,2013,2,1.1254670286338146,1.1217267906948485,1.086808972255489,1.156644609134208,0.003740237938966162,0.003740237938966162,0.3323276332231939,1,0.022738619601957437,0.1644883464537217
Low income,VLW,ARIMA,2013,3,1.1884717681246015,1.1768636764357616,1.1184349906317888,1.2352923622397345,0.011608091688839917,0.011608091688839917,0.9767242268747695,1,0.022738619601957437,0.5105011602305288
Low income,VLW,ARIMA,2013,4,1.2610276632799886,1.2320005621766748,1.1464697240690986,1.3175314002842509,0.029027101103313857,0.029027101103313857,2.3018607718575406,1,0.022738619601957437,1.2765551124666812
Low income,VLW,ARIMA,2013,5,1.3353057929938226,1.2871374479175879,1.1713281456564797,1.402946750178696,0.048168345076234687,0.048168345076234687,3.6072894560158266,1,0.022738619601957437,2.1183495708810818
Low income,VLW,ARIMA,2013,6,1.4200387772773657,1.342274333658501,1.1933098291244812,1.4912388381925208,0.0777644436188647,0.0777644436188647,5.476219724644571,1,0.022738619601957437,3.41992807743573
Low income,VLW,Naive,2013,1,1.0667237725634842,1.011453019213022,0.9595388992218675,1.0633671392041766,0.055270753350462165,0.055270753350462165,5.181355733512803,0,0.022738619601957437,2.4306995902998536
Low income,VLW,Naive,2013,2,1.1254670286338146,1.011453019213022,0.9380353666428671,1.0848706717831769,0.11401400942079265,0.11401400942079265,10.130373126895803,0,0.022738619601957437,5.014113055964833
Low income,VLW,Naive,2013,3,1.1884717681246015,1.011453019213022,0.9215351257581152,1.1013709126679287,0.17701874891157954,0.17701874891157954,14.894653256333859,0,0.022738619601957437,7.78493822449719
Low income,VLW,Naive,2013,4,1.2610276632799886,1.011453019213022,0.907624779230713,1.115281259195331,0.2495746440669666,0.2495746440669666,19.791369478589544,0,0.022738619601957437,10.975804531488894
Low income,VLW,Naive,2013,5,1.3353057929938226,1.011453019213022,0.8953695179207198,1.1275365205053243,0.3238527737808006,0.3238527737808006,24.25307936803797,0,0.022738619601957437,14.242411344658844
Low income,VLW,Naive,2013,6,1.4200387772773657,1.011453019213022,0.8842899147890739,1.13861612363697,0.4085857580643437,0.4085857580643437,28.77285920654388,0,0.022738619601957437,17.968802205969045
Low income,VLW,Drift,2013,1,1.0667237725634842,1.0333429384994506,1.0028136165835924,1.0638722604153088,0.03338083406403358,0.03338083406403358,3.1292856616305493,0,0.022738619601957437,1.468023769620563
Low income,VLW,Drift,2013,2,1.1254670286338146,1.055232857785879,1.0111675772201352,1.0992981383516227,0.0702341708479357,0.0702341708479357,6.240446771078827,0,0.022738619601957437,3.0887614146062607
Low income,VLW,Drift,2013,3,1.1884717681246015,1.0771227770723075,1.0220852592859209,1.1321602948586942,0.11134899105229401,0.11134899105229401,9.369090123865693,0,0.022738619601957437,4.896910762459328
Low income,VLW,Drift,2013,4,1.2610276632799886,1.099012696358736,1.0342502247035448,1.1637751680139274,0.1620149669212525,0.1620149669212525,12.847851925773334,0,0.022738619601957437,7.12510124877174
Low income,VLW,Drift,2013,5,1.3353057929938226,1.1209026156451647,1.0471672980304314,1.194637933259898,0.21440317734865788,0.21440317734865788,16.056485224104,0,0.022738619601957437,9.4290322412624
Low income,VLW,Drift,2013,6,1.4200387772773657,1.142792534931593,1.0605898199481132,1.224995249915073,0.27724624234577266,0.27724624234577266,19.52385010762422,0,0.022738619601957437,12.192747281893318
Low income,VLW,ETS,2014,1,1.1254670286338146,1.1029794529523276,1.0762674454945969,1.1296914604100583,0.02248757568148707,0.02248757568148707,1.9980661458189812,1,0.024094125174811805,0.933321941275368
Low income,VLW,ETS,2014,2,1.1884717681246015,1.1521243063699134,1.1194871591782511,1.1847614535615756,0.03634746175468817,0.03634746175468817,3.058336153162827,0,0.024094125174811805,1.50856117377053
Low income,VLW,ETS,2014,3,1.2610276632799886,1.200286262718571,1.1573827911305967,1.2431897343065454,0.060741400561417525,0.060741400561417525,4.81681745215854,0,0.024094125174811805,2.5210046067543916
Low income,VLW,ETS,2014,4,1.3353057929938226,1.2474849799396905,1.1909857278029214,1.3039842320764596,0.08782081305413203,0.08782081305413203,6.576831577824086,0,0.024094125174811805,3.6449056530153925
Low income,VLW,ETS,2014,5,1.4200387772773657,1.2937397228158336,1.2211985733562742,1.366280872275393,0.1262990544615321,0.1262990544615321,8.894056731583397,0,0.024094125174811805,5.241902478101433
Low income,VLW,ETS,2014,6,1.4981914760271204,1.3390693708339114,1.2486007584554677,1.4295379832123551,0.15912210519320902,0.15912210519320902,10.620945836320361,0,0.024094125174811805,6.604186872887859
Low income,VLW,ARIMA,2014,1,1.1254670286338146,1.1219945259139465,1.1067219494149796,1.1372671024129135,0.003472502719868098,0.003472502719868098,0.30853882268619726,1,0.024094125174811805,0.14412238230995333
Low income,VLW,ARIMA,2014,2,1.1884717681246015,1.1772652792644087,1.1431147600211526,1.2114157985076648,0.01120648886019282,0.01120648886019282,0.9429326939651723,1,0.024094125174811805,0.46511291772934654
Low income,VLW,ARIMA,2014,3,1.2610276632799886,1.2325360326148709,1.175391283942441,1.2896807812873008,0.02849163066511773,0.02849163066511773,2.259397751117508,1,0.024094125174811805,1.182513598580583
Low income,VLW,ARIMA,2014,4,1.3353057929938226,1.287806785965333,1.2041554393682579,1.3714581325624082,0.047499007028489526,0.047499007028489526,3.5571632563649986,1,0.024094125174811805,1.9713937187537058
Low income,VLW,ARIMA,2014,5,1.4200387772773657,1.3430775393157952,1.2298130805901033,1.4563419980414871,0.0769612379615705,0.0769612379615705,5.419657490560079,1,0.024094125174811805,3.194191007276181
Low income,VLW,ARIMA,2014,6,1.4981914760271204,1.3983482926662574,1.2526571983762194,1.5440393869562954,0.09984318336086306,0.09984318336086306,6.664247191261932,1,0.024094125174811805,4.143880827233351
Low income,VLW,Naive,2014,1,1.1254670286338146,1.0667237725634842,1.0113004588560677,1.1221470862709007,0.058743256070330485,0.058743256070330485,5.21945597479101,0,0.024094125174811805,2.4380738310325194
Low income,VLW,Naive,2014,2,1.1884717681246015,1.0667237725634842,0.9883433706467971,1.145104174480171,0.12174799556111737,0.12174799556111737,10.244079735544302,0,0.024094125174811805,5.0530158151744695
Low income,VLW,Naive,2014,3,1.2610276632799886,1.0667237725634842,0.9707277772984102,1.1627197678285581,0.19430389071650445,0.19430389071650445,15.408376546721541,0,0.024094125174811805,8.064367944748263
Low income,VLW,Naive,2014,4,1.3353057929938226,1.0667237725634842,0.9558771451486512,1.1775703999783171,0.2685820204303384,0.2685820204303384,20.11389614570338,0,0.024094125174811805,11.147199513643942
Low income,VLW,Naive,2014,5,1.4200387772773657,1.0667237725634842,0.942793475575405,1.1906540695515633,0.35331500471388155,0.35331500471388155,24.880658920546587,0,0.024094125174811805,14.663948250888973
Low income,VLW,Naive,2014,6,1.4981914760271204,1.0667237725634842,0.9309649341261133,1.202482611000855,0.4314677034636363,0.4314677034636363,28.799236303746383,0,0.024094125174811805,17.907589519568702
Low income,VLW,Drift,2014,1,1.1254670286338146,1.090004559935914,1.0572058988469946,1.1228032210248335,0.035462468697900595,0.035462468697900595,3.1509113812910083,0,0.024094125174811805,1.4718305163855192
Low income,VLW,Drift,2014,2,1.1884717681246015,1.113285347308344,1.065982445579278,1.16058824903741,0.0751864208162576,0.0751864208162576,6.326311051957181,0,0.024094125174811805,3.120529185880469
Low income,VLW,Drift,2014,3,1.2610276632799886,1.1365661346807738,1.0775285447207186,1.195603724640829,0.12446152859921478,0.12446152859921478,9.869849189151397,0,0.024094125174811805,5.165638000807262
Low income,VLW,Drift,2014,4,1.3353057929938226,1.1598469220532037,1.090425241591466,1.2292686025149415,0.17545887094061885,0.17545887094061885,13.139976764964919,0,0.024094125174811805,7.282226255055941
Low income,VLW,Drift,2014,5,1.4200387772773657,1.1831277094256338,1.104138073513638,1.2621173453376298,0.23691106785173188,0.23691106785173188,16.6834224277988,0,0.024094125174811805,9.832731677653964
Low income,VLW,Drift,2014,6,1.4981914760271204,1.2064084967980637,1.118400453879102,1.2944165397170255,0.2917829792290567,0.2917829792290567,19.475680104842276,0,0.024094125174811805,12.110129631686691
Low income,VLW,ETS,2015,1,1.1884717681246015,1.1824097516250978,1.166440927877619,1.1983785753725764,0.006062016499503775,0.006062016499503775,0.5100681953151975,1,0.025480090410632553,0.2379118912770484
Low income,VLW,ETS,2015,2,1.2610276632799886,1.238468363872539,1.2057703801555,1.2711663475895778,0.022559299407449718,0.022559299407449718,1.788961500556775,1,0.025480090410632553,0.8853696766333286
Low income,VLW,ETS,2015,3,1.3353057929938226,1.2934058029607258,1.2403680800731176,1.346443525848334,0.041899990033096746,0.041899990033096746,3.1378572798036672,1,0.025480090410632553,1.6444207755091935
Low income,VLW,ETS,2015,4,1.4200387772773657,1.3472444923711295,1.2710384528241985,1.4234505319180606,0.07279428490623618,0.07279428490623618,5.1262181055227485,1,0.025480090410632553,2.8569084227369914
Low income,VLW,ETS,2015,5,1.4981914760271204,1.4000064071152263,1.2982556680346342,1.5017571461958183,0.09818506891189416,0.09818506891189416,6.553572789791843,1,0.025480090410632553,3.853403474224826
Low income,VLW,ETS,2015,6,1.6536615030381598,1.451713082703904,1.3223585217413905,1.5810676436664175,0.20194842033425586,0.20194842033425586,12.21219820158054,0,0.025480090410632553,7.925734056657236
Low income,VLW,ARIMA,2015,1,1.1884717681246015,1.1842102847041445,1.169194864845874,1.1992257045624148,0.004261483420457068,0.004261483420457068,0.35856833412051964,1,0.025480090410632553,0.16724757847322236
Low income,VLW,ARIMA,2015,2,1.2610276632799886,1.2429535407744745,1.2093780412606818,1.2765290402882672,0.0180741225055141,0.0180741225055141,1.4332851714372792,1,0.025480090410632553,0.7093429502892178
Low income,VLW,ARIMA,2015,3,1.3353057929938226,1.3016967968448045,1.2455142402165953,1.3578793534730138,0.03360899614901802,0.03360899614901802,2.5169512725369794,1,0.025480090410632553,1.319029705443799
Low income,VLW,ARIMA,2015,4,1.4200387772773657,1.3604400529151346,1.2781972112472777,1.4426828945829915,0.059598724362231126,0.059598724362231126,4.196978654097004,1,0.025480090410632553,2.339031118090588
Low income,VLW,ARIMA,2015,5,1.4981914760271204,1.4191833089854646,1.307825974949454,1.5305406430214752,0.07900816704165581,0.07900816704165581,5.2735693872166705,1,0.025480090410632553,3.1007804826582013
Low income,VLW,ARIMA,2015,6,1.6536615030381598,1.4779265650557947,1.3346885887704092,1.6211645413411802,0.17573493798236517,0.17573493798236517,10.627019959012127,0,0.025480090410632553,6.8969511155671945
Low income,VLW,Naive,2015,1,1.1884717681246015,1.1254670286338146,1.066483017164971,1.1844510401026582,0.06300473949078689,0.06300473949078689,5.301324034832383,0,0.025480090410632553,2.4727047069069945
Low income,VLW,Naive,2015,2,1.2610276632799886,1.1254670286338146,1.0420510396514058,1.2088830176162235,0.13556063464617396,0.13556063464617396,10.75001275496009,0,0.025480090410632553,5.320257207156771
Low income,VLW,Naive,2015,3,1.3353057929938226,1.1254670286338146,1.023303723935552,1.2276303333320773,0.20983876436000792,0.20983876436000792,15.71465992741175,0,0.025480090410632553,8.235401090745134
Low income,VLW,Naive,2015,4,1.4200387772773657,1.1254670286338146,1.0074990056961273,1.243435051571502,0.29457174864355107,0.29457174864355107,20.743922867256643,0,0.025480090410632553,11.560859631825702
Low income,VLW,Naive,2015,5,1.4981914760271204,1.1254670286338146,0.9935747694038529,1.2573592878637763,0.3727244473933058,0.3727244473933058,24.87829181765807,0,0.025480090410632553,14.628066124827097
Low income,VLW,Naive,2015,6,1.6536615030381598,1.1254670286338146,0.9809862975526766,1.2699477597149527,0.5281944744043452,0.5281944744043452,31.94090649349516,0,0.025480090410632553,20.729693886169873
Low income,VLW,Drift,2015,1,1.1884717681246015,1.1501663147541605,1.115091424559088,1.1852412049492331,0.038305453370441,0.038305453370441,3.22308483868209,0,0.025480090410632553,1.5033484086248206
Low income,VLW,Drift,2015,2,1.2610276632799886,1.1748656008745064,1.1243173041678283,1.2254138975811846,0.08616206240548219,0.08616206240548219,6.832686142774287,0,0.025480090410632553,3.381544610592423
Low income,VLW,Drift,2015,3,1.3353057929938226,1.1995648869948525,1.1365200844077248,1.2626096895819803,0.13574090599897004,0.13574090599897004,10.165529627085053,0,0.025480090410632553,5.327332195898602
Low income,VLW,Drift,2015,4,1.4200387772773657,1.2242641731151984,1.1501777477586799,1.298350598471717,0.1957746041621673,0.1957746041621673,13.786567472299954,0,0.025480090410632553,7.683434438696999
Low income,VLW,Drift,2015,5,1.4981914760271204,1.2489634592355443,1.1647162980577475,1.3332106204133412,0.24922801679157613,0.24922801679157613,16.635257961317127,0,0.025480090410632553,9.781284633416218
Low income,VLW,Drift,2015,6,1.6536615030381598,1.2736627453558902,1.1798490770208234,1.367476413690957,0.37999875768226965,0.37999875768226965,22.979234685219662,0,0.025480090410632553,14.91355609647682
Low income,VLW,ETS,2016,1,1.2610276632799886,1.2454022098529174,1.2273889167296117,1.263415502976223,0.015625453427071223,0.015625453427071223,1.2391047303775025,1,0.026923346144484644,0.5803681809540662
Low income,VLW,ETS,2016,2,1.3353057929938226,1.301195017033665,1.268786108292823,1.3336039257745071,0.03411077596015755,0.03411077596015755,2.554529167710677,0,0.026923346144484644,1.2669590093705823
Low income,VLW,ETS,2016,3,1.4200387772773657,1.3558719680125928,1.3076603683161974,1.4040835677089882,0.06416680926477292,0.06416680926477292,4.518665989375281,0,0.026923346144484644,2.3833147975151574
Low income,VLW,ETS,2016,4,1.4981914760271204,1.4094553799149008,1.3440016031260846,1.474909156703717,0.08873609611221966,0.08873609611221966,5.922880855491755,0,0.026923346144484644,3.2958791836652
Low income,VLW,ETS,2016,5,1.6536615030381598,1.4619671235232625,1.3779500428237879,1.5459842042227372,0.19169437951489732,0.19169437951489732,11.592117199481894,0,0.026923346144484644,7.120005755828633
Low income,VLW,ETS,2016,6,1.8127532124747345,1.5134286322046748,1.409654061785119,1.6172032026242307,0.2993245802700597,0.2993245802700597,16.512152796652764,0,0.026923346144484644,11.117658951592745
Low income,VLW,ARIMA,2016,1,1.2610276632799886,1.2514765076153886,1.2366699282369649,1.2662830869938124,0.009551155664599964,0.009551155664599964,0.7574104789863996,1,0.026923346144484644,0.3547536629861499
Low income,VLW,ARIMA,2016,2,1.3353057929938226,1.3144812471061758,1.2813727291017736,1.347589765110578,0.020824545887646817,0.020824545887646817,1.559533853362318,1,0.026923346144484644,0.7734753984847017
Low income,VLW,ARIMA,2016,3,1.4200387772773657,1.3774859865969629,1.3220848394928288,1.4328871337010969,0.04255279068040285,0.04255279068040285,2.9965935692255625,1,0.026923346144484644,1.5805164206574658
Low income,VLW,ARIMA,2016,4,1.4981914760271204,1.44049072608775,1.3593917508372146,1.5215897013382853,0.057700749939370466,0.057700749939370466,3.8513601807681064,1,0.026923346144484644,2.143149281286149
Low income,VLW,ARIMA,2016,5,1.6536615030381598,1.503495465578537,1.3936869339932088,1.6133039971638654,0.15016603745962276,0.15016603745962276,9.080820783681116,0,0.026923346144484644,5.577539903612051
Low income,VLW,ARIMA,2016,6,1.8127532124747345,1.5665002050693242,1.4252544399896223,1.707745970149026,0.24625300740541034,0.24625300740541034,13.58447502455288,0,0.026923346144484644,9.146448813750302
Low income,VLW,Naive,2016,1,1.2610276632799886,1.1884717681246015,1.125767675387384,1.251175860861819,0.07255589515538707,0.07255589515538707,5.753711616973254,0,0.026923346144484644,2.694906300502712
Low income,VLW,Naive,2016,2,1.3353057929938226,1.1884717681246015,1.0997947897593283,1.2771487464898748,0.14683402486922104,0.14683402486922104,10.996284569395282,0,0.026923346144484644,5.4537806735178265
Low income,VLW,Naive,2016,3,1.4200387772773657,1.1884717681246015,1.0798650936612304,1.2970784425879727,0.23156700915276418,0.23156700915276418,16.307090542748885,0,0.026923346144484644,8.600974333207153
Low income,VLW,Naive,2016,4,1.4981914760271204,1.1884717681246015,1.0630635826501666,1.3138799535990364,0.3097197079025189,0.3097197079025189,20.67290549028009,0,0.026923346144484644,11.503759831352399
Low income,VLW,Naive,2016,5,1.6536615030381598,1.1884717681246015,1.0482611542967324,1.3286823819524707,0.4651897349135583,0.4651897349135583,28.13089220852616,0,0.026923346144484644,17.278303091194864
Low income,VLW,Naive,2016,6,1.8127532124747345,1.1884717681246015,1.0348787361342622,1.342064800114941,0.624281444350133,0.624281444350133,34.43830302183696,0,0.026923346144484644,23.187364638849676
Low income,VLW,Drift,2016,1,1.2610276632799886,1.2146443409130414,1.1771687291892132,1.2521199526368696,0.0463833223669472,0.0463833223669472,3.6782160865767315,0,0.026923346144484644,1.7227918891667562
Low income,VLW,Drift,2016,2,1.3353057929938226,1.2408169137014813,1.1868458643467381,1.2947879630562245,0.09448887929234129,0.09448887929234129,7.076197810876899,0,0.026923346144484644,3.5095518508459143
Low income,VLW,Drift,2016,3,1.4200387772773657,1.266989486489921,1.1997187046962554,1.3342602682835865,0.15304929078744478,0.15304929078744478,10.777824749327305,0,0.026923346144484644,5.684631099199293
Low income,VLW,Drift,2016,4,1.4981914760271204,1.2931620592783608,1.2141565327747568,1.3721675857819648,0.20502941674875963,0.20502941674875963,13.685127704267366,0,0.026923346144484644,7.615302186008582
Low income,VLW,Drift,2016,5,1.6536615030381598,1.3193346320668007,1.229543654939952,1.4091256091936493,0.33432687097135916,0.33432687097135916,20.217370384272908,0,0.026923346144484644,12.41773103451509
Low income,VLW,Drift,2016,6,1.8127532124747345,1.3455072048552406,1.2455722402583653,1.4454421694521158,0.467246007619494,0.467246007619494,25.77548915120217,0,0.026923346144484644,17.354678170833946
Low income,VLW,ETS,2017,1,1.3353057929938226,1.3185320653145902,1.2937024494295162,1.3433616811996643,0.016773727679232353,0.016773727679232353,1.2561712655814077,1,0.028613440552295845,0.5862184817857036
Low income,VLW,ETS,2017,2,1.4200387772773657,1.364890195845269,1.314530663455997,1.415249728234541,0.055148581432096666,0.055148581432096666,3.883596864716103,0,0.028613440552295845,1.9273663134394277
Low income,VLW,ETS,2017,3,1.4981914760271204,1.4019767097869247,1.3241091473590043,1.479844272214845,0.09621476624019576,0.09621476624019576,6.422060716520461,0,0.028613440552295845,3.3625724269106048
Low income,VLW,ETS,2017,4,1.6536615030381598,1.4316459285539411,1.3256919667961875,1.5375998903116948,0.22201557448421871,0.22201557448421871,13.425696496914549,0,0.028613440552295845,7.759135923498894
Low income,VLW,ETS,2017,5,1.8127532124747345,1.455381309658509,1.3215109923740984,1.5892516269429198,0.35737190281622544,0.35737190281622544,19.7143163425069,0,0.028613440552295845,12.489651573464874
Low income,VLW,ETS,2017,6,1.9500451013099103,1.474369619414929,1.313170599219496,1.635568639610362,0.4756754818949813,0.4756754818949813,24.393050272296485,0,0.028613440552295845,16.624197325225705
Low income,VLW,ARIMA,2017,1,1.3353057929938226,1.3335835584353757,1.3186075452184276,1.3485595716523238,0.001722234558446889,0.001722234558446889,0.1289767907458525,1,0.028613440552295845,0.060189705439274856
Low income,VLW,ARIMA,2017,2,1.4200387772773657,1.4061394535907628,1.3726520700057319,1.4396268371757936,0.01389932368660296,0.01389932368660296,0.9787988827496721,1,0.028613440552295845,0.4857620551153093
Low income,VLW,ARIMA,2017,3,1.4981914760271204,1.4786953487461498,1.4226602382685323,1.5347304592237674,0.01949612728097061,0.01949612728097061,1.3013107865671563,1,0.028613440552295845,0.6813625661457307
Low income,VLW,ARIMA,2017,4,1.6536615030381598,1.551251243901537,1.4692242412973577,1.633278246505716,0.10241025913662294,0.10241025913662294,6.1929396644036,0,0.028613440552295845,3.579096297400904
Low income,VLW,ARIMA,2017,5,1.8127532124747345,1.623807139056924,1.5127420524946698,1.7348722256191782,0.18894607341781056,0.18894607341781056,10.423154796667834,0,0.028613440552295845,6.6034027985023345
Low income,VLW,ARIMA,2017,6,1.9500451013099103,1.696363034212311,1.5535009733264613,1.8392250950981608,0.2536820670975992,0.2536820670975992,13.009035889846471,0,0.028613440552295845,8.865835851999442
Low income,VLW,Naive,2017,1,1.3353057929938226,1.2610276632799886,1.1936839626012443,1.328371363958733,0.07427812971383396,0.07427812971383396,5.562630680070568,0,0.028613440552295845,2.595917452781614
Low income,VLW,Naive,2017,2,1.4200387772773657,1.2610276632799886,1.165789288439714,1.3562660381202631,0.1590111139973771,0.1590111139973771,11.197659989415813,0,0.028613440552295845,5.557217549799987
Low income,VLW,Naive,2017,3,1.4981914760271204,1.2610276632799886,1.1443849521346927,1.3776703744252845,0.23716381274713183,0.23716381274713183,15.830006814351858,0,0.028613440552295845,8.288545808172747
Low income,VLW,Naive,2017,4,1.6536615030381598,1.2610276632799886,1.1263402619224998,1.3957150646374774,0.39263383975817123,0.39263383975817123,23.74330169970165,0,0.028613440552295845,13.72200728677026
Low income,VLW,Naive,2017,5,1.8127532124747345,1.2610276632799886,1.1104425707059176,1.4116127558540597,0.5517255491947459,0.5517255491947459,30.435778317642104,0,0.028613440552295845,19.282041535214027
Low income,VLW,Naive,2017,6,1.9500451013099103,1.2610276632799886,1.0960699592263436,1.4259853673336336,0.6890174380299217,0.6890174380299217,35.33341036917996,0,0.028613440552295845,24.080202336053475
Low income,VLW,Drift,2017,1,1.3353057929938226,1.2889181368968339,1.2481016619584324,1.3297346118352353,0.046387656096988694,0.046387656096988694,3.473935059697842,0,0.028613440552295845,1.6211841428928304
Low income,VLW,Drift,2017,2,1.4200387772773657,1.3168086105136791,1.2580636689894948,1.3755535520378634,0.10323016676368657,0.10323016676368657,7.269531537836546,0,0.028613440552295845,3.60775093002242
Low income,VLW,Drift,2017,3,1.4981914760271204,1.3446990841305244,1.2715215562626878,1.417876611998361,0.15349239189659603,0.15349239189659603,10.245178560461753,0,0.028613440552295845,5.3643458785063975
Low income,VLW,Drift,2017,4,1.6536615030381598,1.3725895577473697,1.2866946689768397,1.4584844465178997,0.28107194529079016,0.28107194529079016,16.996945552302922,0,0.028613440552295845,9.823074047215126
Low income,VLW,Drift,2017,5,1.8127532124747345,1.400480031364215,1.3029099942070994,1.4980500685213305,0.4122731811105196,0.4122731811105196,22.742929278701567,0,0.028613440552295845,14.408374985770111
Low income,VLW,Drift,2017,6,1.9500451013099103,1.4283705049810602,1.31983069068849,1.5369103192736304,0.52167459632885,0.52167459632885,26.751924659507814,0,0.028613440552295845,18.231802476720777
Low income,VLW,ETS,2018,1,1.4200387772773657,1.4081766577569337,1.392333453214272,1.4240198622995954,0.011862119520432035,0.011862119520432035,0.8353377182540906,1,0.030244322308065057,0.39220979725073357
Low income,VLW,ETS,2018,2,1.4981914760271204,1.4798603907337329,1.4466844815936677,1.513036299873798,0.01833108529338756,0.01833108529338756,1.2235475629588837,1,0.030244322308065057,0.6061000510002941
Low income,VLW,ETS,2018,3,1.6536615030381598,1.5501104447112184,1.4956745595984655,1.6045463298239713,0.10355105832694145,0.10355105832694145,6.261925922366466,0,0.030244322308065057,3.4238181061616366
Low income,VLW,ETS,2018,4,1.8127532124747345,1.618955493356172,1.5402188159576689,1.6976921707546753,0.19379771911856247,0.19379771911856247,10.690794410674009,0,0.030244322308065057,6.407738852422019
Low income,VLW,ETS,2018,5,1.9500451013099103,1.6864236368603045,1.5808417848302663,1.7920054888903427,0.26362146444960577,0.26362146444960577,13.518736785755491,0,0.030244322308065057,8.71639515557297
Low income,VLW,ARIMA,2018,1,1.4200387772773657,1.4095839227076565,1.3948735089252713,1.4242943364900418,0.010454854569709182,0.010454854569709182,0.7362372589398037,1,0.030244322308065057,0.34567990855332387
Low income,VLW,ARIMA,2018,2,1.4981914760271204,1.4838620524214905,1.4509685672269272,1.5167555376160538,0.014329423605629943,0.014329423605629943,0.9564480798962007,1,0.030244322308065057,0.47378888042761036
Low income,VLW,ARIMA,2018,3,1.6536615030381598,1.5581401821353245,1.5030988537439613,1.6131815105266876,0.09552132090283538,0.09552132090283538,5.776352701404765,0,0.030244322308065057,3.158322409405197
Low income,VLW,ARIMA,2018,4,1.8127532124747345,1.6324183118491584,1.5518460572606851,1.7129905664376317,0.1803349006255761,0.1803349006255761,9.948121971847812,0,0.030244322308065057,5.962603452929325
Low income,VLW,ARIMA,2018,5,1.9500451013099103,1.7066964415629924,1.5976010931255153,1.8157917900004694,0.24334865974691788,0.24334865974691788,12.479129820302745,0,0.030244322308065057,8.046093983135
Low income,VLW,Naive,2018,1,1.4200387772773657,1.3353057929938226,1.2636807896377633,1.4069307963498818,0.08473298428354314,0.08473298428354314,5.9669486241778085,0,0.030244322308065057,2.8016162313198185
Low income,VLW,Naive,2018,2,1.4981914760271204,1.3353057929938226,1.2340127418426652,1.43659884414498,0.16288568303329787,0.16288568303329787,10.872153902866637,0,0.030244322308065057,5.3856615259606
Low income,VLW,Naive,2018,3,1.6536615030381598,1.3353057929938226,1.2112476480888368,1.4593639378988084,0.31835571004433727,0.31835571004433727,19.25156445012743,0,0.030244322308065057,10.526131377704681
Low income,VLW,Naive,2018,4,1.8127532124747345,1.3353057929938226,1.1920557862817043,1.4785557997059409,0.47744741948091196,0.47744741948091196,26.338247048483243,0,0.030244322308065057,15.786348743995305
Low income,VLW,Naive,2018,5,1.9500451013099103,1.3353057929938226,1.1751474166010236,1.4954641693866215,0.6147393083160877,0.6147393083160877,31.524363611033756,0,0.030244322308065057,20.325775596967475
Low income,VLW,Drift,2018,1,1.4200387772773657,1.3648529686141317,1.3211723454779605,1.408533591750303,0.05518580866323397,0.05518580866323397,3.8862184291221604,0,0.030244322308065057,1.8246667292167407
Low income,VLW,Drift,2018,2,1.4981914760271204,1.394400144234441,1.3315703768950184,1.4572299115738634,0.10379133179267952,0.10379133179267952,6.927774817402624,0,0.030244322308065057,3.4317625217544436
Low income,VLW,Drift,2018,3,1.6536615030381598,1.42394731985475,1.34572489034067,1.5021697493688302,0.22971418318340975,0.22971418318340975,13.89124574535789,0,0.030244322308065057,7.5952828713954474
Low income,VLW,Drift,2018,4,1.8127532124747345,1.4534944954750593,1.3617257465294512,1.5452632444206673,0.35925871699967526,0.35925871699967526,19.818401894277844,0,0.030244322308065057,11.878550735582992
Low income,VLW,Drift,2018,5,1.9500451013099103,1.4830416710953684,1.3788502891302732,1.5872330530604637,0.4670034302145418,0.4670034302145418,23.94833995894967,0,0.030244322308065057,15.441028086452082
Low income,VLW,ETS,2019,1,1.4981914760271204,1.4972191467770812,1.4784353945365543,1.5160028990176082,9.723292500392056e-4,9.723292500392056e-4,0.06490019904649387,1,0.03212324168652982,0.0302687150794912
Low income,VLW,ETS,2019,2,1.6536615030381598,1.5728574017398884,1.5374896767031512,1.6082251267766257,0.08080410129827142,0.08080410129827142,4.886374941293338,0,0.03212324168652982,2.5154404429909967
Low income,VLW,ETS,2019,3,1.8127532124747345,1.6469828916020393,1.5928896305303857,1.7010761526736928,0.16577032087269528,0.16577032087269528,9.144671195831943,0,0.03212324168652982,5.160448079628509
Low income,VLW,ETS,2019,4,1.9500451013099103,1.7196258716655748,1.6448190323324634,1.7944327109986862,0.23041922964433548,0.23041922964433548,11.816097457928292,0,0.03212324168652982,7.172975625961085
Low income,VLW,ARIMA,2019,1,1.4981914760271204,1.5047717615609093,1.4898163681927725,1.519727154929046,-0.0065802855337888655,0.0065802855337888655,0.4392152564663069,1,0.03212324168652982,0.20484500281763793
Low income,VLW,ARIMA,2019,2,1.6536615030381598,1.5895047458444527,1.556063469643049,1.6229460220458563,0.06415675719370717,0.06415675719370717,3.8796789473442006,0,0.03212324168652982,1.9972068142988788
Low income,VLW,ARIMA,2019,3,1.8127532124747345,1.674237730127996,1.6182797720599966,1.7301956881959955,0.1385154823467385,0.1385154823467385,7.641166011651411,0,0.03212324168652982,4.312001998379321
Low income,VLW,ARIMA,2019,4,1.9500451013099103,1.7589707144115394,1.677056651370622,1.8408847774524568,0.19107438689837086,0.19107438689837086,9.798459880236607,0,0.03212324168652982,5.948166401228856
Low income,VLW,Naive,2019,1,1.4981914760271204,1.4200387772773657,1.3431994036717059,1.4968781508830256,0.07815269874975472,0.07815269874975472,5.21646932320018,0,0.03212324168652982,2.4329019939020147
Low income,VLW,Naive,2019,2,1.6536615030381598,1.4200387772773657,1.3113714929999882,1.5287060615547432,0.23362272576079413,0.23362272576079413,14.127602615866367,0,0.03212324168652982,7.272700807738177
Low income,VLW,Naive,2019,3,1.8127532124747345,1.4200387772773657,1.286949078170596,1.5531284763841355,0.3927144351973688,0.3927144351973688,21.6639767892753,0,0.03212324168652982,12.225242988538264
Low income,VLW,Naive,2019,4,1.9500451013099103,1.4200387772773657,1.2663600300660458,1.5737175244886856,0.5300063240325446,0.5300063240325446,27.179182864874335,0,0.03212324168652982,16.499154388107446
Low income,VLW,Drift,2019,1,1.4981914760271204,1.4514889118170968,1.4040021433105898,1.4989756803236038,0.04670256421002361,0.04670256421002361,3.1172627102290495,1,0.03212324168652982,1.4538558924334
Low income,VLW,Drift,2019,2,1.6536615030381598,1.4829390463568277,1.414672515426506,1.5512055772871494,0.17072245668133212,0.17072245668133212,10.323905851812802,0,0.03212324168652982,5.314608604800955
Low income,VLW,Drift,2019,3,1.8127532124747345,1.5143891808965588,1.429442266966682,1.5993360948264357,0.2983640315781757,0.2983640315781757,16.45916440941539,0,0.03212324168652982,9.288104684132428
Low income,VLW,Drift,2019,4,1.9500451013099103,1.5458393154362897,1.446230229475025,1.6454484013975543,0.40420578587362055,0.40420578587362055,20.728022423794304,0,0.03212324168652982,12.582969982233001
Low income,VLW,ETS,2020,1,1.6536615030381598,1.5762894335192839,1.5603034078934361,1.5922754591451316,0.07737206951887599,0.07737206951887599,4.678833568824427,0,0.03365755692197066,2.2988023075545865
Low income,VLW,ETS,2020,2,1.8127532124747345,1.6525555065184916,1.619438843578794,1.685672169458189,0.16019770595624294,0.16019770595624294,8.837259526217816,0,0.03365755692197066,4.759635594693761
Low income,VLW,ETS,2020,3,1.9500451013099103,1.7272962579870323,1.6729721055218778,1.7816204104521869,0.22274884332287792,0.22274884332287792,11.422753410844196,0,0.03365755692197066,6.618093043392406
Low income,VLW,ARIMA,2020,1,1.6536615030381598,1.5763441747768745,1.561455018904646,1.5912333306491029,0.07731732826128535,0.07731732826128535,4.675523262725502,0,0.03365755692197066,2.297175889519625
Low income,VLW,ARIMA,2020,2,1.8127532124747345,1.6544968735266288,1.621203708868736,1.6877900381845214,0.15825633894810576,0.15825633894810576,8.730164583851838,0,0.03365755692197066,4.701955620694522
Low income,VLW,ARIMA,2020,3,1.9500451013099103,1.732649572276383,1.6769394522242311,1.788359692328535,0.2173955290335272,0.2173955290335272,11.148230822327925,0,0.03365755692197066,6.459040670644097
Low income,VLW,Naive,2020,1,1.6536615030381598,1.4981914760271204,1.4176335417618002,1.5787494102924406,0.1554700270110394,0.1554700270110394,9.401562939295914,0,0.03365755692197066,4.619171479720596
Low income,VLW,Naive,2020,2,1.8127532124747345,1.4981914760271204,1.3842653528323445,1.6121175992218963,0.3145617364476141,0.3145617364476141,17.352706054134124,0,0.03365755692197066,9.345946801096472
Low income,VLW,Naive,2020,3,1.9500451013099103,1.4981914760271204,1.3586610409267923,1.6377219111274486,0.45185362528278983,0.45185362528278983,23.171444854237713,0,0.03365755692197066,13.425027441247025
Low income,VLW,Drift,2020,1,1.6536615030381598,1.5311983627071857,1.4815655512332857,1.5808311741810857,0.12246314033097416,0.12246314033097416,7.405574847451003,0,0.03365755692197066,3.638503549585735
Low income,VLW,Drift,2020,2,1.8127532124747345,1.5642052493872507,1.4928907206255886,1.6355197781489128,0.24854796308748384,0.24854796308748384,13.711075582548332,0,0.03365755692197066,7.384610940826756
Low income,VLW,Drift,2020,3,1.9500451013099103,1.597212136067316,1.5085158108160253,1.6859084613186066,0.35283296524259433,0.35283296524259433,18.09357973339102,0,0.03365755692197066,10.483023650842448
Low income,VLW,ETS,2021,1,1.8127532124747345,1.7762698382981026,1.7421975521593207,1.8103421244368845,0.036483374176631944,0.036483374176631944,2.0125946502571948,0,0.03758699144097286,0.9706383186833654
Low income,VLW,ETS,2021,2,1.9500451013099103,1.8999714241582069,1.8356854299541077,1.964257418362306,0.05007367715170341,0.05007367715170341,2.5678214887474784,1,0.03758699144097286,1.3322076397186462
Low income,VLW,ARIMA,2021,1,1.8127532124747345,1.8091315300492,1.777830281608588,1.8404327784898118,0.0036216824255346225,0.0036216824255346225,0.1997890501923521,1,0.03758699144097286,0.09635467715531751
Low income,VLW,ARIMA,2021,2,1.9500451013099103,1.9646015570602398,1.8946098377664224,2.034593276354057,-0.014556455750329489,0.014556455750329489,0.746467645315046,1,0.03758699144097286,0.3872737665952634
Low income,VLW,Naive,2021,1,1.8127532124747345,1.6536615030381598,1.5573523481535585,1.7499706579227612,0.1590917094365747,0.1590917094365747,8.776247552163257,0,0.03758699144097286,4.232626856725538
Low income,VLW,Naive,2021,2,1.9500451013099103,1.6536615030381598,1.5174597900196658,1.7898632160566539,0.2963835982717504,0.2963835982717504,15.198807354386815,0,0.03758699144097286,7.885270592545173
Low income,VLW,Drift,2021,1,1.8127532124747345,1.6906188135998694,1.625065786289939,1.7561718409098,0.1221343988748651,0.1221343988748651,6.737508340042033,0,0.03758699144097286,3.2493794845662674
Low income,VLW,Drift,2021,2,1.9500451013099103,1.7275761241615788,1.6334327561485504,1.8217194921746072,0.22246897714833147,0.22246897714833147,11.408401631269536,0,0.03758699144097286,5.918775848226637
Low income,VLW,ETS,2022,1,1.9500451013099103,1.96708395621401,1.9336174157588981,2.0005504966691223,-0.017038854904099843,0.017038854904099843,0.8737672217249887,1,0.041384013878335436,0.41172552653283584
Low income,VLW,ARIMA,2022,1,1.9500451013099103,1.971844921911309,1.9410262893853036,2.0026635544373144,-0.021799820601398734,0.021799820601398734,1.117913661933002,1,0.041384013878335436,0.5267691206920593
Low income,VLW,Naive,2022,1,1.9500451013099103,1.8127532124747345,1.703099348503993,1.9224070764454761,0.13729188883517573,0.13729188883517573,7.040446846226899,0,0.041384013878335436,3.3175102163555032
Low income,VLW,Drift,2022,1,1.9500451013099103,1.8535272230012836,1.7760599677829425,1.9309944782196247,0.09651787830862668,0.09651787830862668,4.949520308211969,0,0.041384013878335436,2.3322502885384413
Lower middle income,DALY,ETS,2009,1,739579.1818997089,730508.9781141815,718651.3478099387,742366.6084184244,9070.203785527381,9070.203785527381,1.2264006353220136,1,19574.151092671367,0.4633766104382068
Lower middle income,DALY,ETS,2009,2,766970.409887886,754912.9723090016,728616.8055989096,781209.1390190936,12057.437578884419,12057.437578884419,1.5720864095196252,1,19574.151092671367,0.6159877647720196
Lower middle income,DALY,ETS,2009,3,797086.158639021,778818.9697878078,735162.3419910544,822475.5975845612,18267.1888512132,18267.1888512132,2.291745836159466,1,19574.151092671367,0.9332301955129232
Lower middle income,DALY,ETS,2009,4,824639.1072409948,802237.1328513767,738823.2134892537,865651.0522134997,22401.974389618146,22401.974389618146,2.716579191177181,1,19574.151092671367,1.1444672253503512
Lower middle income,DALY,ETS,2009,5,864034.7065912806,825177.4164249065,739970.2728923045,910384.5599575085,38857.29016637418,38857.29016637418,4.497190896378549,1,19574.151092671367,1.9851328408782176
Lower middle income,DALY,ETS,2009,6,917031.3568059762,847649.572289798,738879.5244912665,956419.6200883294,69381.7845161783,69381.7845161783,7.56591189616845,1,19574.151092671367,3.5445616102429645
Lower middle income,DALY,ARIMA,2009,1,739579.1818997089,731027.2583943005,720433.9278912124,741620.5888973885,8551.923505408457,8551.923505408457,1.1563229083114113,1,19574.151092671367,0.4368988195156176
Lower middle income,DALY,ARIMA,2009,2,766970.409887886,756458.3391341526,732770.9320211257,780145.7462471796,10512.070753733395,10512.070753733395,1.3705966512150092,1,19574.151092671367,0.5370383984452409
Lower middle income,DALY,ARIMA,2009,3,797086.158639021,781889.4198740048,742252.8065465876,821526.033201422,15196.738765016198,15196.738765016198,1.9065365268622605,1,19574.151092671367,0.7763677051980002
Lower middle income,DALY,ARIMA,2009,4,824639.1072409948,807320.500613857,749298.4398573681,865342.5613703458,17318.606627137866,17318.606627137866,2.1001437447080264,1,19574.151092671367,0.884769231888785
Lower middle income,DALY,ARIMA,2009,5,864034.7065912806,832751.5813537091,754189.3397034031,911313.8230040151,31283.12523757154,31283.12523757154,3.620586649926041,1,19574.151092671367,1.5981855401782434
Lower middle income,DALY,ARIMA,2009,6,917031.3568059762,858182.6620935613,757128.7296889452,959236.5944981773,58848.69471241499,58848.69471241499,6.4173045202494725,1,19574.151092671367,3.0064493951131372
Lower middle income,DALY,Naive,2009,1,739579.1818997089,705596.1776544483,664557.8569957505,746634.4983131462,33983.004245260614,33983.004245260614,4.594910873230732,1,19574.151092671367,1.7361163753346103
Lower middle income,DALY,Naive,2009,2,766970.409887886,705596.1776544483,647559.2280019019,763633.1273069947,61374.23223343771,61374.23223343771,8.002164287199717,0,19574.151092671367,3.135473510083226
Lower middle income,DALY,Naive,2009,3,797086.158639021,705596.1776544483,634515.7212162801,776676.6340926165,91489.98098457267,91489.98098457267,11.478054159262605,0,19574.151092671367,4.6740203726549785
Lower middle income,DALY,Naive,2009,4,824639.1072409948,705596.1776544483,623519.5363370526,787672.818971844,119042.9295865465,119042.9295865465,14.435760872999328,0,19574.151092671367,6.081639455164756
Lower middle income,DALY,Naive,2009,5,864034.7065912806,705596.1776544483,613831.702979166,797360.6523297307,158438.52893683233,158438.52893683233,18.33705610760604,0,19574.151092671367,8.094273319273206
Lower middle income,DALY,Naive,2009,6,917031.3568059762,705596.1776544483,605073.2321399209,806119.1231689757,211435.17915152793,211435.17915152793,23.056483028885456,0,19574.151092671367,10.801754730027094
Lower middle income,DALY,Drift,2009,1,739579.1818997089,725170.3287471196,709811.6960783743,740528.961415865,14408.85315258929,14408.85315258929,1.948250235434995,1,19574.151092671367,0.7361163753346125
Lower middle income,DALY,Drift,2009,2,766970.409887886,744744.4798397911,722487.7066088789,767001.2530707032,22225.930048094946,22225.930048094946,2.897886249789465,1,19574.151092671367,1.1354735100832247
Lower middle income,DALY,Drift,2009,3,797086.158639021,764318.6309324624,736418.2891496744,792218.9727152504,32767.527706558583,32767.527706558583,4.110914152932634,0,19574.151092671367,1.674020372654979
Lower middle income,DALY,Drift,2009,4,824639.1072409948,783892.7820251337,750952.1847584497,816833.3792918178,40746.325215861085,40746.325215861085,4.941109978665281,0,19574.151092671367,2.0816394551647583
Lower middle income,DALY,Drift,2009,5,864034.7065912806,803466.9331178052,765846.119932539,841087.7463030714,60567.77347347548,60567.77347347548,7.009877382405451,0,19574.151092671367,3.0942733192732055
Lower middle income,DALY,Drift,2009,6,917031.3568059762,823041.0842104765,780979.7363849386,865102.4320360144,93990.27259549976,93990.27259549976,10.24940662038736,0,19574.151092671367,4.801754730027095
Lower middle income,DALY,ETS,2010,1,766970.409887886,772880.2841753269,760574.305742279,785186.2626083748,-5909.874287440907,5909.874287440907,0.7705478870175446,1,20294.593750300828,0.29120436507152575
Lower middle income,DALY,ETS,2010,2,797086.158639021,805516.2558164701,778221.361813495,832811.1498194452,-8430.097177449148,8430.097177449148,1.0576142975362985,1,20294.593750300828,0.415386347771765
Lower middle income,DALY,ETS,2010,3,824639.1072409948,837499.5070605107,792177.7202388657,882821.2938821557,-12860.399819515878,12860.399819515878,1.5595185465485715,1,20294.593750300828,0.6336859942971388
Lower middle income,DALY,ETS,2010,4,864034.7065912806,868843.0923346763,803000.3372034279,934685.8474659247,-4808.385743395658,4808.385743395658,0.5565037731372285,1,20294.593750300828,0.2369293912731997
Lower middle income,DALY,ETS,2010,5,917031.3568059762,899559.8049772643,811075.733147456,988043.8768070725,17471.551828711992,17471.551828711992,1.9052294885057668,1,20294.593750300828,0.8608968498545584
Lower middle income,DALY,ETS,2010,6,974544.7431107,929662.1824594281,816692.108745214,1042632.2561736422,44882.56065127195,44882.56065127195,4.605489996078474,1,20294.593750300828,2.2115525545125365
Lower middle income,DALY,ARIMA,2010,1,766970.409887886,773562.1861449695,762557.6838812951,784566.6884086439,-6591.776257083518,6591.776257083518,0.8594563978090223,1,20294.593750300828,0.3248045434260446
Lower middle income,DALY,ARIMA,2010,2,797086.158639021,807545.1903902302,782938.3752701038,832152.0055103565,-10459.031751209171,10459.031751209171,1.312158245109584,1,20294.593750300828,0.5153604886056976
Lower middle income,DALY,ARIMA,2010,3,824639.1072409948,841528.1946354908,800353.1174528428,882703.2718181388,-16889.08739449596,16889.08739449596,2.0480580227394243,1,20294.593750300828,0.8321963771383999
Lower middle income,DALY,ARIMA,2010,4,864034.7065912806,875511.1988807514,815237.05764144,935785.3401200628,-11476.492289470742,11476.492289470742,1.328244363556513,1,20294.593750300828,0.5654950491088606
Lower middle income,DALY,ARIMA,2010,5,917031.3568059762,909494.203126012,827882.6300869089,991105.7761651151,7537.153679964249,7537.153679964249,0.8219079559303386,1,20294.593750300828,0.3713872656284399
Lower middle income,DALY,ARIMA,2010,6,974544.7431107,943477.2073712726,838500.9463572671,1048453.4683852781,31067.535739427432,31067.535739427432,3.187902449738875,1,20294.593750300828,1.5308281664404795
Lower middle income,DALY,Naive,2010,1,766970.409887886,739579.1818997089,696897.2071468156,782261.1566526023,27391.227988177096,27391.227988177096,3.5713539446953475,1,20294.593750300828,1.349681019743057
Lower middle income,DALY,Naive,2010,2,797086.158639021,739579.1818997089,679217.7543353011,799940.6094641167,57506.97673931206,57506.97673931206,7.214650024471875,1,20294.593750300828,2.8336106377325057
Lower middle income,DALY,Naive,2010,3,824639.1072409948,739579.1818997089,665651.8330603256,813506.5307390923,85059.92534128588,85059.92534128588,10.31480614906464,0,20294.593750300828,4.191260312368906
Lower middle income,DALY,Naive,2010,4,864034.7065912806,739579.1818997089,654215.2323939223,824943.1314054956,124455.52469157171,124455.52469157171,14.403996013373527,0,20294.593750300828,6.132447203567546
Lower middle income,DALY,Naive,2010,5,917031.3568059762,739579.1818997089,644139.3849383097,835018.9788611082,177452.17490626732,177452.17490626732,19.35072051672627,0,20294.593750300828,8.743815081473949
Lower middle income,DALY,Naive,2010,6,974544.7431107,739579.1818997089,635030.1225407661,844128.2412586517,234965.56121099112,234965.56121099112,24.11028974010904,0,20294.593750300828,11.57774154545509
Lower middle income,DALY,Drift,2010,1,766970.409887886,759873.7756500097,743601.5639273798,776145.9873726397,7096.634237876278,7096.634237876278,0.9252813598002625,1,20294.593750300828,0.34968101974305765
Lower middle income,DALY,Drift,2010,2,797086.158639021,780168.3694003106,756614.4449762837,803722.2938243374,16917.789238710422,16917.789238710422,2.122454273650489,1,20294.593750300828,0.8336106377325069
Lower middle income,DALY,Drift,2010,3,824639.1072409948,800462.9631506114,770967.0745510111,829958.8517502117,24176.14409038343,24176.14409038343,2.931724178261428,1,20294.593750300828,1.191260312368907
Lower middle income,DALY,Drift,2010,4,864034.7065912806,820757.5569009122,785966.1047916963,855549.0090101281,43277.149690368446,43277.149690368446,5.0087281633745855,0,20294.593750300828,2.1324472035675486
Lower middle income,DALY,Drift,2010,5,917031.3568059762,841052.150651213,801352.0191333416,880752.2821690844,75979.20615476323,75979.20615476323,8.285344398625485,0,20294.593750300828,3.7438150814739513
Lower middle income,DALY,Drift,2010,6,974544.7431107,861346.7444015138,816996.1710987337,905697.317704294,113197.99870918621,113197.99870918621,11.615474764951648,0,20294.593750300828,5.577741545455093
Lower middle income,DALY,ETS,2011,1,797086.158639021,793815.8071848514,781552.1326607687,806079.4817089341,3270.351454169606,3270.351454169606,0.4102883256376631,1,20632.52871400922,0.1585046360288877
Lower middle income,DALY,ETS,2011,2,824639.1072409948,820123.6041612212,792922.659320015,847324.5490024274,4515.503079773625,4515.503079773625,0.5475732402361075,1,20632.52871400922,0.2188535948435471
Lower middle income,DALY,ETS,2011,3,864034.7065912806,845905.1346036344,800739.474214556,891070.7949927127,18129.571987646283,18129.571987646283,2.098245805329926,1,20632.52871400922,0.8786888044089592
Lower middle income,DALY,ETS,2011,4,917031.3568059762,871170.9260551236,805555.1384563273,936786.7136539199,45860.43075085268,45860.43075085268,5.000966478462061,1,20632.52871400922,2.2227246784207333
Lower middle income,DALY,ETS,2011,5,974544.7431107,895931.2954636044,807752.4153652996,984110.1755619092,78613.44764709566,78613.44764709566,8.066684285440328,1,20632.52871400922,3.8101702770789383
Lower middle income,DALY,ETS,2011,6,1033023.286244297,920196.3533946631,807616.1350481099,1032776.5717412162,112826.93284963397,112826.93284963397,10.92201253853941,0,20632.52871400922,5.468400621831
Lower middle income,DALY,ARIMA,2011,1,797086.158639021,794361.6378760631,783253.5337760394,805469.7419760869,2724.5207629578654,2724.5207629578654,0.34181007077200143,1,20632.52871400922,0.13204977444708224
Lower middle income,DALY,ARIMA,2011,2,824639.1072409948,821752.8658642402,796914.389995443,846591.3417330374,2886.241376754595,2886.241376754595,0.35000054586437557,1,20632.52871400922,0.1398879127595676
Lower middle income,DALY,ARIMA,2011,3,864034.7065912806,849144.0938524173,807581.3740935096,890706.813611325,14890.612738863332,14890.612738863332,1.72338132082779,1,20632.52871400922,0.721705659314207
Lower middle income,DALY,ARIMA,2011,4,917031.3568059762,876535.3218405944,815693.7299736082,937376.9137075807,40496.03496538184,40496.03496538184,4.415992393807524,1,20632.52871400922,1.9627276678832664
Lower middle income,DALY,ARIMA,2011,5,974544.7431107,903926.5498287715,821546.6450076743,986306.4546498687,70618.19328192854,70618.19328192854,7.246275122937779,1,20632.52871400922,3.422663031796956
Lower middle income,DALY,ARIMA,2011,6,1033023.286244297,931317.7778169486,825353.2182726192,1037282.337361278,101705.50842734845,101705.50842734845,9.84542263293147,1,20632.52871400922,4.929376802868169
Lower middle income,DALY,Naive,2011,1,797086.158639021,766970.409887886,723700.9404563089,810239.8793194632,30115.74875113496,30115.74875113496,3.778230047621938,1,20632.52871400922,1.4596247105032143
Lower middle income,DALY,Naive,2011,2,824639.1072409948,766970.409887886,705778.1393810615,828162.6803947105,57668.697353108786,57668.697353108786,6.993204281331218,1,20632.52871400922,2.7950377848718317
Lower middle income,DALY,Naive,2011,3,864034.7065912806,766970.409887886,692025.490415846,841915.329359926,97064.29670339462,97064.29670339462,11.233842340237093,0,20632.52871400922,4.704430467482603
Lower middle income,DALY,Naive,2011,4,917031.3568059762,766970.409887886,680431.4710247318,853509.3487510403,150060.94691809022,150060.94691809022,16.36377489214252,0,20632.52871400922,7.273027412107794
Lower middle income,DALY,Naive,2011,5,974544.7431107,766970.409887886,670216.9348885303,863723.8848872418,207574.33322281402,207574.33322281402,21.299620637247163,0,20632.52871400922,10.060537712077616
Lower middle income,DALY,Naive,2011,6,1033023.286244297,766970.409887886,660982.2883395675,872958.5314362046,266052.876356411,266052.876356411,25.75478015831415,0,20632.52871400922,12.89482641920496
Lower middle income,DALY,Drift,2011,1,797086.158639021,787602.9386018952,771459.0073313109,803746.8698724796,9483.22003712575,9483.22003712575,1.1897358816665196,1,20632.52871400922,0.4596247105032146
Lower middle income,DALY,Drift,2011,2,824639.1072409948,808235.4673159044,784891.3812670977,831579.5533647112,16403.639925090363,16403.639925090363,1.9891901537355199,1,20632.52871400922,0.7950377848718323
Lower middle income,DALY,Drift,2011,3,864034.7065912806,828867.9960299137,799662.5254849243,858073.466574903,35166.710561366985,35166.710561366985,4.070057636932645,0,20632.52871400922,1.704430467482604
Lower middle income,DALY,Drift,2011,4,917031.3568059762,849500.524743923,815081.5476270798,883919.5018607662,67530.83206205326,67530.83206205326,7.364070111764052,0,20632.52871400922,3.27302741210779
Lower middle income,DALY,Drift,2011,5,974544.7431107,870133.0534579322,830889.381592258,909376.7253236064,104411.68965276785,104411.68965276785,10.713893886440836,0,20632.52871400922,5.060537712077612
Lower middle income,DALY,Drift,2011,6,1033023.286244297,890765.5821719414,846957.3763544575,934573.7879894254,142257.70407235564,142257.70407235564,13.771006517147717,0,20632.52871400922,6.894826419204957
Lower middle income,DALY,ETS,2012,1,824639.1072409948,826598.129898056,814584.4153509506,838611.8444451615,-1959.0226570612285,1959.0226570612285,0.23756121191190588,1,21063.58417024221,0.09300519043804792
Lower middle income,DALY,ETS,2012,2,864034.7065912806,855520.1703731205,828874.2410566377,882166.0996896032,8514.536218160181,8514.536218160181,0.9854391441926026,1,21063.58417024221,0.4042301703899556
Lower middle income,DALY,ETS,2012,3,917031.3568059762,883863.7584632924,839620.0644111781,928107.4525154067,33167.598342683865,33167.598342683865,3.616844516441263,1,21063.58417024221,1.574641716937316
Lower middle income,DALY,ETS,2012,4,974544.7431107,911640.463447782,847364.3687279999,975916.5581675641,62904.27966291807,62904.27966291807,6.45473490135821,1,21063.58417024221,2.986399615303207
Lower middle income,DALY,ETS,2012,5,1033023.286244297,938861.623215585,852483.3065284903,1025239.9399026798,94161.66302871204,94161.66302871204,9.115153964345774,0,21063.58417024221,4.470353301112916
Lower middle income,DALY,ETS,2012,6,1079776.7120067629,965538.3488933798,855257.0812603032,1075819.6165264565,114238.36311338306,114238.36311338306,10.579813570999443,0,21063.58417024221,5.423500682033708
Lower middle income,DALY,ARIMA,2012,1,824639.1072409948,827201.907390156,816299.0577534917,838104.7570268202,-2562.800149161136,2562.800149161136,0.31077839101464977,1,21063.58417024221,0.1216697086520421
Lower middle income,DALY,ARIMA,2012,2,864034.7065912806,857317.6561412909,832938.1432052506,881697.1690773312,6717.050449989736,6717.050449989736,0.7774051665689792,1,21063.58417024221,0.31889399238517613
Lower middle income,DALY,ARIMA,2012,3,917031.3568059762,887433.4048924259,846638.6770125153,928228.1327723365,29597.95191355038,29597.95191355038,3.22758340746822,1,21063.58417024221,1.4051716780169436
Lower middle income,DALY,ARIMA,2012,4,974544.7431107,917549.1536435608,857831.7867726804,977266.5205144413,56995.589467139216,56995.589467139216,5.848432293135359,1,21063.58417024221,2.7058827693560485
Lower middle income,DALY,ARIMA,2012,5,1033023.286244297,947664.9023946958,866807.2054142344,1028522.5993751572,85358.38384960126,85358.38384960126,8.262968026590551,0,21063.58417024221,4.052414971721298
Lower middle income,DALY,ARIMA,2012,6,1079776.7120067629,977780.6511458308,873774.0943901448,1081787.2079015167,101996.0608609321,101996.0608609321,9.44603265904602,1,21063.58417024221,4.842293696864186
Lower middle income,DALY,Naive,2012,1,824639.1072409948,797086.158639021,752978.217830562,841194.0994474799,27552.948601973825,27552.948601973825,3.3412129451582846,1,21063.58417024221,1.3080845301199748
Lower middle income,DALY,Naive,2012,2,864034.7065912806,797086.158639021,734708.1105393487,859464.2067386933,66948.54795225966,66948.54795225966,7.7483632823477215,0,21063.58417024221,3.1784024699292104
Lower middle income,DALY,Naive,2012,3,917031.3568059762,797086.158639021,720688.9641415294,873483.3531365126,119945.19816695526,119945.19816695526,13.079727020973944,0,21063.58417024221,5.694434394332995
Lower middle income,DALY,Naive,2012,4,974544.7431107,797086.158639021,708870.2770221031,885302.0402559389,177458.58447167906,177458.58447167906,18.209382968424805,0,21063.58417024221,8.424899724444117
Lower middle income,DALY,Naive,2012,5,1033023.286244297,797086.158639021,698457.8046437697,895714.5126342722,235937.12760527607,235937.12760527607,22.83947813636022,0,21063.58417024221,11.201186165581383
Lower middle income,DALY,Naive,2012,6,1079776.7120067629,797086.158639021,689044.2100534133,905128.1072246287,282690.5533677419,282690.5533677419,26.180464000039606,0,21063.58417024221,13.420819129496289
Lower middle income,DALY,Drift,2012,1,824639.1072409948,818149.7428092632,801897.981177668,834401.5044408584,6489.364431731636,6489.364431731636,0.7869338689797507,1,21063.58417024221,0.308084530119976
Lower middle income,DALY,Drift,2012,2,864034.7065912806,839213.3269795054,815735.5407215115,862691.1132374993,24821.37961177528,24821.37961177528,2.872729465891314,0,21063.58417024221,1.1784024699292124
Lower middle income,DALY,Drift,2012,3,917031.3568059762,860276.9111497477,830929.6783272553,889624.14397224,56754.44565622858,56754.44565622858,6.188931843498191,0,21063.58417024221,2.6944343943329923
Lower middle income,DALY,Drift,2012,4,974544.7431107,881340.4953199899,846782.1296697631,915898.8609702166,93204.24779071019,93204.24779071019,9.563875691659543,0,21063.58417024221,4.424899724444115
Lower middle income,DALY,Drift,2012,5,1033023.286244297,902404.079490232,863030.6349646685,941777.5240157956,130619.206754065,130619.206754065,12.644362280442845,0,21063.58417024221,6.201186165581382
Lower middle income,DALY,Drift,2012,6,1079776.7120067629,923467.6636604742,879544.747471813,967390.5798491355,156309.04834628862,156309.04834628862,14.476052929108702,0,21063.58417024221,7.420819129496289
Lower middle income,DALY,ETS,2013,1,864034.7065912806,851641.6148687974,839914.6542073744,863368.5755302203,12393.091722483281,12393.091722483281,1.434327999551719,0,21345.730449882714,0.5805887857330915
Lower middle income,DALY,ETS,2013,2,917031.3568059762,878103.7864819758,852093.2052347552,904114.3677291964,38927.57032400044,38927.57032400044,4.244955206284909,0,21345.730449882714,1.8236700971839699
Lower middle income,DALY,ETS,2013,3,974544.7431107,904036.6229727998,860847.4358146947,947225.8101309049,70508.12013790023,70508.12013790023,7.234980295808861,0,21345.730449882714,3.3031486227864195
Lower middle income,DALY,ETS,2013,4,1033023.286244297,929450.7128778358,866706.2510921278,992195.1746635439,103572.5733664612,103572.5733664612,10.026160566332829,0,21345.730449882714,4.8521447232568375
Lower middle income,DALY,ETS,2013,5,1079776.7120067629,954356.4329262305,870036.1762717512,1038676.6895807098,125420.27908053237,125420.27908053237,11.615390264107385,0,21345.730449882714,5.8756611480222976
Lower middle income,DALY,ETS,2013,6,1134644.0286993897,978763.9522765925,871110.0782080195,1086417.8263451655,155880.07642279717,155880.07642279717,13.738236176281479,0,21345.730449882714,7.302634912812443
Lower middle income,DALY,ARIMA,2013,1,864034.7065912806,852192.0558429686,841486.1839984474,862897.9276874899,11842.650748312008,11842.650748312008,1.3706221125112752,0,21345.730449882714,0.5548018502396613
Lower middle income,DALY,ARIMA,2013,2,917031.3568059762,879745.0044449425,855805.9472421919,903684.061647693,37286.35236103379,37286.35236103379,4.065984449092591,0,21345.730449882714,1.7467826855856627
Lower middle income,DALY,ARIMA,2013,3,974544.7431107,907297.9530469163,867240.2485780083,947355.6575158243,67246.79006378376,67246.79006378376,6.900328644648498,0,21345.730449882714,3.150362561809322
Lower middle income,DALY,ARIMA,2013,4,1033023.286244297,934850.9016488901,876212.4265788528,993489.3767189274,98172.38459540694,98172.38459540694,9.503404802453835,0,21345.730449882714,4.599157889016928
Lower middle income,DALY,ARIMA,2013,5,1079776.7120067629,962403.8502508639,883006.9796744855,1041800.7208272424,117372.86175589892,117372.86175589892,10.870104943989919,0,21345.730449882714,5.498657543318871
Lower middle income,DALY,ARIMA,2013,6,1134644.0286993897,989956.7988528378,887829.2904744903,1092084.3072311853,144687.2298465519,144687.2298465519,12.751772907349872,0,21345.730449882714,6.778274942910042
Lower middle income,DALY,Naive,2013,1,864034.7065912806,824639.1072409948,780055.2679345631,869222.9465474265,39395.59935028583,39395.59935028583,4.559492697429499,1,21345.730449882714,1.8455962161979935
Lower middle income,DALY,Naive,2013,2,917031.3568059762,824639.1072409948,761588.0370311765,887690.1774508131,92392.24956498144,92392.24956498144,10.07514616368016,0,21345.730449882714,4.328371417502328
Lower middle income,DALY,Naive,2013,3,974544.7431107,824639.1072409948,747417.6323657688,901860.5821162208,149905.63586970523,149905.63586970523,15.382119387480728,0,21345.730449882714,7.022745659684319
Lower middle income,DALY,Naive,2013,4,1033023.286244297,824639.1072409948,735471.4286281315,913806.7858538581,208384.17900330224,208384.17900330224,20.17226346957894,0,21345.730449882714,9.762335352850258
Lower middle income,DALY,Naive,2013,5,1079776.7120067629,824639.1072409948,724946.6118538866,924331.602628103,255137.60476576805,255137.60476576805,23.62873749069799,0,21345.730449882714,11.952629373110533
Lower middle income,DALY,Naive,2013,6,1134644.0286993897,824639.1072409948,715431.450165997,933846.7643159926,310004.92145839485,310004.92145839485,27.321777898372645,0,21345.730449882714,14.523041138660036
Lower middle income,DALY,Drift,2013,1,864034.7065912806,845984.8376908775,829892.0737767128,862077.6016050422,18049.868900403148,18049.868900403148,2.0890212815191207,0,21345.730449882714,0.845596216197995
Lower middle income,DALY,Drift,2013,2,917031.3568059762,867330.5681407603,844102.6641961401,890558.4720853805,49700.78866521595,49700.78866521595,5.4197480049454345,0,21345.730449882714,2.328371417502325
Lower middle income,DALY,Drift,2013,3,974544.7431107,888676.298590643,859664.6558624143,917687.9413188717,85868.44452005706,85868.44452005706,8.811134134895553,0,21345.730449882714,4.022745659684317
Lower middle income,DALY,Drift,2013,4,1033023.286244297,910022.0290405257,875884.1215653056,944159.9365157457,123001.25720377138,123001.25720377138,11.906920089958469,0,21345.730449882714,5.762335352850257
Lower middle income,DALY,Drift,2013,5,1079776.7120067629,931367.7594904084,892500.0420291346,970235.4769516821,148408.9525163545,148408.9525163545,13.744411308939675,0,21345.730449882714,6.952629373110534
Lower middle income,DALY,Drift,2013,6,1134644.0286993897,952713.489940291,909382.3970002491,996044.582880333,181930.53875909862,181930.53875909862,16.034151166127447,0,21345.730449882714,8.523041138660039
Lower middle income,DALY,ETS,2014,1,917031.3568059762,902636.9953929997,889981.5009051823,915292.4898808171,14394.36141297652,14394.36141297652,1.569669489068742,0,22097.808320732845,0.6513931700399123
Lower middle income,DALY,ETS,2014,2,974544.7431107,940468.4483214685,912400.8039860483,968536.0926568888,34076.2947892315,34076.2947892315,3.49663727911164,0,22097.808320732845,1.5420667196782618
Lower middle income,DALY,ETS,2014,3,1033023.286244297,977543.265664846,930940.1403436264,1024146.3909860657,55480.020579451,55480.020579451,5.370645688071224,0,22097.808320732845,2.5106571554156316
Lower middle income,DALY,ETS,2014,4,1079776.7120067629,1013876.5802653655,946173.7524900627,1081579.4080406683,65900.13174139732,65900.13174139732,6.103125860060646,1,22097.808320732845,2.982202161631015
Lower middle income,DALY,ETS,2014,5,1134644.0286993897,1049483.2223058052,958500.6850925365,1140465.7595190739,85160.80639358447,85160.80639358447,7.505508709299946,1,22097.808320732845,3.8538123400085778
Lower middle income,DALY,ETS,2014,6,1210530.9144183055,1084377.725362729,968218.8802626013,1200536.5704628567,126153.18905557645,126153.18905557645,10.421310811066451,0,22097.808320732845,5.7088552504646195
Lower middle income,DALY,ARIMA,2014,1,917031.3568059762,903430.3059415665,891895.2863191302,914965.3255640027,13601.050864409772,13601.050864409772,1.4831609370242567,0,22097.808320732845,0.6154932048916746
Lower middle income,DALY,ARIMA,2014,2,974544.7431107,942825.9052918523,917032.817294291,968618.9932894136,31718.837818847736,31718.837818847736,3.2547338686167175,0,22097.808320732845,1.4353838787300977
Lower middle income,DALY,ARIMA,2014,3,1033023.286244297,982221.5046421381,939061.4132652674,1025381.5960190089,50801.78160215891,50801.78160215891,4.91777700257426,0,22097.808320732845,2.2989511387197212
Lower middle income,DALY,ARIMA,2014,4,1079776.7120067629,1021617.103992424,958437.1995076936,1084797.0084771544,58159.60801433888,58159.60801433888,5.386262489978078,1,22097.808320732845,2.6319174811454826
Lower middle income,DALY,ARIMA,2014,5,1134644.0286993897,1061012.7033427097,975466.7082701795,1146558.6984152398,73631.32535667997,73631.32535667997,6.489376711485581,1,22097.808320732845,3.3320646232412465
Lower middle income,DALY,ARIMA,2014,6,1210530.9144183055,1100408.3026929954,990371.2286234394,1210445.3767625513,110122.6117253101,110122.6117253101,9.097050757950047,0,22097.808320732845,4.98341781804622
Lower middle income,DALY,Naive,2014,1,917031.3568059762,864034.7065912806,817630.8967126952,910438.516469866,52996.650214695605,52996.650214695605,5.779153550352208,0,22097.808320732845,2.3982763107313456
Lower middle income,DALY,Naive,2014,2,974544.7431107,864034.7065912806,798409.8093152025,929659.6038673588,110510.0365194194,110510.0365194194,11.33965754785939,0,22097.808320732845,5.00095009040944
Lower middle income,DALY,Naive,2014,3,1033023.286244297,864034.7065912806,783660.9502168042,944408.4629657571,168988.5796530164,168988.5796530164,16.35864185282777,0,22097.808320732845,7.647300456238735
Lower middle income,DALY,Naive,2014,4,1079776.7120067629,864034.7065912806,771227.0868341099,956842.3263484514,215742.0054154822,215742.0054154822,19.98024249055401,0,22097.808320732845,9.763049904504168
Lower middle income,DALY,Naive,2014,5,1134644.0286993897,864034.7065912806,760272.6332877874,967796.7798947738,270609.322108109,270609.322108109,23.84971103389147,0,22097.808320732845,12.245980152439598
Lower middle income,DALY,Naive,2014,6,1210530.9144183055,864034.7065912806,750369.050267625,977700.3629149363,346496.20782702486,346496.20782702486,28.62349104017109,0,22097.808320732845,15.680116453084239
Lower middle income,DALY,Drift,2014,1,917031.3568059762,886132.5149120135,868765.6680342305,903499.3617897966,30898.8418939627,30898.8418939627,3.369442240403151,0,22097.808320732845,1.3982763107313432
Lower middle income,DALY,Drift,2014,2,974544.7431107,908230.3232327463,883183.5004683549,933277.1459971378,66314.41987795371,66314.41987795371,6.804656260961531,0,22097.808320732845,3.00095009040944
Lower middle income,DALY,Drift,2014,3,1033023.286244297,930328.1315534792,899067.8071734697,961588.4559334888,102695.15469081781,102695.15469081781,9.941223596631655,0,22097.808320732845,4.647300456238733
Lower middle income,DALY,Drift,2014,4,1079776.7120067629,952425.939874212,915667.2535574499,989184.6261909741,127350.77213255083,127350.77213255083,11.7941765845153,0,22097.808320732845,5.763049904504168
Lower middle income,DALY,Drift,2014,5,1134644.0286993897,974523.7481949449,932698.8423520993,1016348.6540377906,160120.28050444473,160120.28050444473,14.11193964401206,0,22097.808320732845,7.245980152439595
Lower middle income,DALY,Drift,2014,6,1210530.9144183055,996621.5565156778,950021.4163074143,1043221.6967239414,213909.35790262767,213909.35790262767,17.670705915463316,0,22097.808320732845,9.680116453084233
Lower middle income,DALY,ETS,2015,1,974544.7431107,968946.4851536785,955138.9320084375,982754.0382989194,5598.257957021589,5598.257957021589,0.5744485306187399,1,23333.761996491354,0.23992093336099798
Lower middle income,DALY,ETS,2015,2,1033023.286244297,1019841.887452762,989246.0804987078,1050437.6944068163,13181.398791535059,13181.398791535059,1.27600209666695,1,23333.761996491354,0.564906713007406
Lower middle income,DALY,ETS,2015,3,1079776.7120067629,1069719.3800778924,1018924.5891840396,1120514.1709717454,10057.331928870408,10057.331928870408,0.9314270086617146,1,23333.761996491354,0.43102059283808186
Lower middle income,DALY,ETS,2015,4,1134644.0286993897,1118599.3212551086,1044808.9510884742,1192389.691421743,16044.707444281084,16044.707444281084,1.4140741094519909,1,23333.761996491354,0.687617686624801
Lower middle income,DALY,ETS,2015,5,1210530.9144183055,1166501.6620452767,1067338.9085379739,1265664.4155525796,44029.25237302878,44029.25237302878,3.637185291892036,1,23333.761996491354,1.8869332934676097
Lower middle income,DALY,ETS,2015,6,1345317.3764894754,1213445.9544874083,1086843.2586243218,1340048.6503504948,131871.4220020671,131871.4220020671,9.802253676837031,0,23333.761996491354,5.651528545713988
Lower middle income,DALY,ARIMA,2015,1,974544.7431107,970028.0070206716,957493.1728624621,982562.8411788811,4516.736090028426,4516.736090028426,0.46347139235610885,1,23333.761996491354,0.19357084771446617
Lower middle income,DALY,ARIMA,2015,2,1033023.286244297,1023024.6572353671,994995.9159709242,1051053.39849981,9998.629008929944,9998.629008929944,0.9678996729378075,1,23333.761996491354,0.4285047996303989
Lower middle income,DALY,ARIMA,2015,3,1079776.7120067629,1076021.3074500626,1029120.2526300116,1122922.3622701135,3755.4045567002613,3755.4045567002613,0.347794550015887,1,23333.761996491354,0.16094295284510715
Lower middle income,DALY,ARIMA,2015,4,1134644.0286993897,1129017.957664758,1060361.8434343815,1197674.0718951344,5626.071034631692,5626.071034631692,0.4958445902263019,1,23333.761996491354,0.24111290050347098
Lower middle income,DALY,ARIMA,2015,5,1210530.9144183055,1182014.6078794533,1089053.789759345,1274975.4259995618,28516.306538852165,28516.306538852165,2.355685939053862,1,23333.761996491354,1.2221049714632428
Lower middle income,DALY,ARIMA,2015,6,1345317.3764894754,1235011.2580941487,1115436.5612263863,1354585.954961911,110306.11839532666,110306.11839532666,8.199263632732064,1,23333.761996491354,4.727318227207133
Lower middle income,DALY,Naive,2015,1,974544.7431107,917031.3568059762,867043.8305356035,967018.883076349,57513.3863047238,57513.3863047238,5.901564470107737,0,23333.761996491354,2.464814131273472
Lower middle income,DALY,Naive,2015,2,1033023.286244297,917031.3568059762,846338.3192049337,987724.3944070188,115991.9294383208,115991.9294383208,11.228394459531106,0,23333.761996491354,4.970991366748416
Lower middle income,DALY,Naive,2015,3,1079776.7120067629,917031.3568059762,830450.4215610066,1003612.2920509459,162745.3552007866,162745.3552007866,15.072130505419468,0,23333.761996491354,6.974672803522135
Lower middle income,DALY,Naive,2015,4,1134644.0286993897,917031.3568059762,817056.3042652307,1017006.4093467218,217612.6718934134,217612.6718934134,19.17893774515842,0,23333.761996491354,9.326086034739506
Lower middle income,DALY,Naive,2015,5,1210530.9144183055,917031.3568059762,805255.8500383662,1028806.8635735863,293499.55761232926,293499.55761232926,24.24552352331821,0,23333.761996491354,12.578321389258283
Lower middle income,DALY,Naive,2015,6,1345317.3764894754,917031.3568059762,794587.4239395934,1039475.2896723591,428286.0196834991,428286.0196834991,31.835314637880145,0,23333.761996491354,18.35477792856118
Lower middle income,DALY,Drift,2015,1,974544.7431107,940365.1188024676,919361.5570080866,961368.6805968486,34179.62430823245,34179.62430823245,3.5072401292867,0,23333.761996491354,1.4648141312734726
Lower middle income,DALY,Drift,2015,2,1033023.286244297,963698.8807989589,933429.5266377713,993968.2349601466,69324.40544533811,69324.40544533811,6.710826984101863,0,23333.761996491354,2.9709913667484167
Lower middle income,DALY,Drift,2015,3,1079776.7120067629,987032.6427954503,949280.1252654223,1024785.1603254783,92744.06921131257,92744.06921131257,8.589189614855455,0,23333.761996491354,3.9746728035221364
Lower middle income,DALY,Drift,2015,4,1134644.0286993897,1010366.4047919416,966001.937663288,1054730.8719205954,124277.62390744803,124277.62390744803,10.953005591533756,0,23333.761996491354,5.3260860347395065
Lower middle income,DALY,Drift,2015,5,1210530.9144183055,1033700.166788433,983251.2431864536,1084149.0903904124,176830.74762987252,176830.74762987252,14.607701920181421,0,23333.761996491354,7.578321389258285
Lower middle income,DALY,Drift,2015,6,1345317.3764894754,1057033.9287849243,1000856.3849900773,1113211.4725797714,288283.44770455104,288283.44770455104,21.428657114116024,0,23333.761996491354,12.35477792856118
Lower middle income,DALY,ETS,2016,1,1033023.286244297,1030793.4105089484,1017044.3114688981,1044542.5095489987,2229.8757353486726,2229.8757353486726,0.21585919359627437,1,24648.362931423377,0.09046749845223508
Lower middle income,DALY,ETS,2016,2,1079776.7120067629,1085917.6737145218,1055661.7079315414,1116173.6394975022,-6140.96170775895,6140.96170775895,0.568725148400912,1,24648.362931423377,0.24914278180844388
Lower middle income,DALY,ETS,2016,3,1134644.0286993897,1139939.4461754574,1089872.1092180074,1190006.7831329075,-5295.417476067785,5295.417476067785,0.46670297839030384,1,24648.362931423377,0.21483850634627072
Lower middle income,DALY,ETS,2016,4,1210530.9144183055,1192880.7778162593,1120282.0317300088,1265479.5239025098,17650.1366020462,17650.1366020462,1.4580492238422176,1,24648.362931423377,0.7160774389419846
Lower middle income,DALY,ETS,2016,5,1345317.3764894754,1244763.2775607489,1147318.3153876502,1342208.2397338476,100554.09892872651,100554.09892872651,7.474377473003164,0,24648.362931423377,4.079544723050692
Lower middle income,DALY,ETS,2016,6,1378346.1453151617,1295608.122152123,1171301.9820013386,1419914.2623029072,82738.02316303877,82738.02316303877,6.002702836602816,1,24648.362931423377,3.356735025089996
Lower middle income,DALY,ARIMA,2016,1,1033023.286244297,1032058.129415424,1019649.5858214697,1044466.6730093783,965.1568288730923,965.1568288730923,0.09343030711166803,1,24648.362931423377,0.039157035765756514
Lower middle income,DALY,ARIMA,2016,2,1079776.7120067629,1089571.5157201479,1061825.1687422965,1117317.8626979992,-9794.803713385016,9794.803713385016,0.9071138138533653,1,24648.362931423377,0.39738151132536054
Lower middle income,DALY,ARIMA,2016,3,1134644.0286993897,1147084.9020248717,1100656.3832274461,1193513.4208222972,-12440.87332548201,12440.87332548201,1.0964560699925097,1,24648.362931423377,0.5047342641008241
Lower middle income,DALY,ARIMA,2016,4,1210530.9144183055,1204598.2883295955,1136633.8960076456,1272562.6806515453,5932.626088710036,5932.626088710036,0.4900846412138786,1,24648.362931423377,0.24069047121773465
Lower middle income,DALY,ARIMA,2016,5,1345317.3764894754,1262111.6746343193,1170087.452405775,1354135.8968628636,83205.7018551561,83205.7018551561,6.184838113982916,1,24648.362931423377,3.3757090516173767
Lower middle income,DALY,ARIMA,2016,6,1378346.1453151617,1319625.060939043,1201255.099271402,1437995.0226066841,58721.08437611861,58721.08437611861,4.260256726926306,1,24648.362931423377,2.3823523103539284
Lower middle income,DALY,Naive,2016,1,1033023.286244297,974544.7431107,920773.3047678348,1028316.1814535653,58478.543133597006,58478.543133597006,5.660912383321392,0,24648.362931423377,2.3725122555317726
Lower middle income,DALY,Naive,2016,2,1079776.7120067629,974544.7431107,898500.4457379114,1050589.0404834887,105231.96889606281,105231.96889606281,9.74571573232853,0,24648.362931423377,4.269328928206671
Lower middle income,DALY,Naive,2016,3,1134644.0286993897,974544.7431107,881409.8799048002,1067679.6063165998,160099.2855886896,160099.2855886896,14.110089291370695,0,24648.362931423377,6.495331395197219
Lower middle income,DALY,Naive,2016,4,1210530.9144183055,974544.7431107,867001.8664249696,1082087.6197964305,235986.17130760546,235986.17130760546,19.494435746897345,0,24648.362931423377,9.57411135028179
Lower middle income,DALY,Naive,2016,5,1345317.3764894754,974544.7431107,854308.1517281147,1094781.3344932853,370772.6333787753,370772.6333787753,27.560235217230613,0,24648.362931423377,15.042485150447442
Lower middle income,DALY,Naive,2016,6,1378346.1453151617,974544.7431107,842832.1564351536,1106257.3297862466,403801.4022044616,403801.4022044616,29.296080928360098,0,24648.362931423377,16.382483628950006
Lower middle income,DALY,Drift,2016,1,1033023.286244297,999193.1060421234,974654.9223925422,1023731.2896917046,33830.18020217365,33830.18020217365,3.2748710172031146,0,24648.362931423377,1.3725122555317733
Lower middle income,DALY,Drift,2016,2,1079776.7120067629,1023841.4689735468,988502.445541803,1059180.4924052905,55935.2430332161,55935.2430332161,5.180260178908709,0,24648.362931423377,2.269328928206673
Lower middle income,DALY,Drift,2016,3,1134644.0286993897,1048489.8319049701,1004442.4442313943,1092537.219578546,86154.19679441955,86154.19679441955,7.593059551300478,0,24648.362931423377,3.4953313951972214
Lower middle income,DALY,Drift,2016,4,1210530.9144183055,1073138.1948363935,1021407.1615189406,1124869.2281538462,137392.71958191204,137392.71958191204,11.349790240419688,0,24648.362931423377,5.574111350281792
Lower middle income,DALY,Drift,2016,5,1345317.3764894754,1097786.5577678168,1038993.4551214626,1156579.6604141712,247530.81872165855,247530.81872165855,18.39943667178189,0,24648.362931423377,10.042485150447446
Lower middle income,DALY,Drift,2016,6,1378346.1453151617,1122434.9206992402,1056999.7643003573,1187870.077098123,255911.2246159215,255911.2246159215,18.566542626881787,0,24648.362931423377,10.38248362895001
Lower middle income,DALY,ETS,2017,1,1079776.7120067629,1090332.379820199,1076921.7349121927,1103743.0247282053,-10555.667813436128,10555.667813436128,0.9775787619848219,1,25901.33256854092,0.4075337740057732
Lower middle income,DALY,ETS,2017,2,1134644.0286993897,1146495.4928809586,1116750.4109705996,1176240.5747913176,-11851.46418156894,11851.46418156894,1.044509456869388,1,25901.33256854092,0.4575619478344298
Lower middle income,DALY,ETS,2017,3,1210530.9144183055,1201535.337635054,1152145.1311489716,1250925.5441211364,8995.576783251483,8995.576783251483,0.7431100417269487,1,25901.33256854092,0.3473016980669664
Lower middle income,DALY,ETS,2017,4,1345317.3764894754,1255474.3795695284,1183721.086732949,1327227.672406108,89842.99691994698,89842.99691994698,6.678200883302858,0,25901.33256854092,3.468663115389975
Lower middle income,DALY,ETS,2017,5,1378346.1453151617,1308334.6348592653,1211907.5696811844,1404761.7000373462,70011.51045589638,70011.51045589638,5.079385225101646,1,25901.33256854092,2.7030080506718996
Lower middle income,DALY,ETS,2017,6,1467499.5918065947,1360137.6793532812,1237026.564844963,1483248.7938615994,107361.91245331359,107361.91245331359,7.315975626347096,1,25901.33256854092,4.145034320887125
Lower middle income,DALY,ARIMA,2017,1,1079776.7120067629,1091501.829377894,1079328.5969546426,1103675.0618011456,-11725.1173711312,11725.1173711312,1.0858835202455972,1,25901.33256854092,0.45268394358104264
Lower middle income,DALY,ARIMA,2017,2,1134644.0286993897,1149980.3725114912,1122760.1973071962,1177200.5477157861,-15336.34381210152,15336.34381210152,1.3516436366109588,1,25901.33256854092,0.5921063625401514
Lower middle income,DALY,ARIMA,2017,3,1210530.9144183055,1208458.9156450883,1162910.8506277131,1254006.9806624635,2071.9987732172012,2071.9987732172012,0.1711644658172861,1,25901.33256854092,0.07999583680624203
Lower middle income,DALY,ARIMA,2017,4,1345317.3764894754,1266937.4587786854,1200261.918819004,1333612.9987383669,78379.91771078994,78379.91771078994,5.826128397695837,0,25901.33256854092,3.0260959548462822
Lower middle income,DALY,ARIMA,2017,5,1378346.1453151617,1325416.0019122825,1235136.8940319004,1415695.1097926646,52930.14340287913,52930.14340287913,3.8401198119051974,1,25901.33256854092,2.0435297397465444
Lower middle income,DALY,ARIMA,2017,6,1467499.5918065947,1383894.5450458797,1267769.3088808851,1500019.7812108742,83605.04676071508,83605.04676071508,5.697108689331314,1,25901.33256854092,3.22782800998662
Lower middle income,DALY,Naive,2017,1,1079776.7120067629,1033023.286244297,975832.1358240866,1090214.4366645075,46753.425762465806,46753.425762465806,4.329916106041466,1,25901.33256854092,1.8050587026264158
Lower middle income,DALY,Naive,2017,2,1134644.0286993897,1033023.286244297,952142.7856723157,1113903.7868162785,101620.74245509261,101620.74245509261,8.956178315376814,0,25901.33256854092,3.92337892987477
Lower middle income,DALY,Naive,2017,3,1210530.9144183055,1033023.286244297,933965.3079731785,1132081.2645154158,177507.62817400845,177507.62817400845,14.663617926627333,0,25901.33256854092,6.853223775428626
Lower middle income,DALY,Naive,2017,4,1345317.3764894754,1033023.286244297,918640.9854038762,1147405.5870847178,312294.0902451783,312294.0902451783,23.21341385332366,0,25901.33256854092,12.057066539676129
Lower middle income,DALY,Naive,2017,5,1378346.1453151617,1033023.286244297,905139.9861932909,1160906.5862953032,345322.8590708646,345322.8590708646,25.05342074228429,0,25901.33256854092,13.332242970783854
Lower middle income,DALY,Naive,2017,6,1467499.5918065947,1033023.286244297,892934.1499120218,1173112.4225765723,434476.3055622977,434476.3055622977,29.60657079484615,0,25901.33256854092,16.774283887231395
Lower middle income,DALY,Drift,2017,1,1079776.7120067629,1058924.6188128379,1031592.7139159841,1086256.5237096916,20852.093193924986,20852.093193924986,1.9311486311990755,1,25901.33256854092,0.8050587026264198
Lower middle income,DALY,Drift,2017,2,1134644.0286993897,1084825.9513813788,1045488.6211162504,1124163.2816465073,49818.07731801085,49818.07731801085,4.390634953159354,0,25901.33256854092,1.9233789298747732
Lower middle income,DALY,Drift,2017,3,1210530.9144183055,1110727.2839499197,1061725.47192943,1159729.0959704095,99803.63046838576,99803.63046838576,8.244616414141248,0,25901.33256854092,3.853223775428629
Lower middle income,DALY,Drift,2017,4,1345317.3764894754,1136628.6165184607,1079110.8878428473,1194146.345194074,208688.7599710147,208688.7599710147,15.512232549584354,0,25901.33256854092,8.057066539676132
Lower middle income,DALY,Drift,2017,5,1378346.1453151617,1162529.9490870016,1097194.1997263487,1227865.6984476545,215816.19622816006,215816.19622816006,15.657619601701228,0,25901.33256854092,8.332242970783856
Lower middle income,DALY,Drift,2017,6,1467499.5918065947,1188431.2816555426,1115749.8488212824,1261112.7144898027,279068.3101510522,279068.3101510522,19.016585197648986,0,25901.33256854092,10.774283887231395
Lower middle income,DALY,ETS,2018,1,1134644.0286993897,1125856.4935163464,1111992.4735862087,1139720.5134464842,8787.53518304322,8787.53518304322,0.7744750741883445,1,26646.05018260966,0.3297875340930768
Lower middle income,DALY,ETS,2018,2,1210530.9144183055,1171013.6489211095,1140567.975968221,1201459.321873998,39517.265497196,39517.265497196,3.2644573572237245,0,26646.05018260966,1.4830440244005336
Lower middle income,DALY,ETS,2018,3,1345317.3764894754,1215267.6600805882,1164931.939603417,1265603.3805577594,130049.71640888718,130049.71640888718,9.666842834383369,0,26646.05018260966,4.8806376749137526
Lower middle income,DALY,ETS,2018,4,1378346.1453151617,1258636.589902432,1185685.612765178,1331587.5670396858,119709.55541272974,119709.55541272974,8.685013979950435,0,26646.05018260966,4.492581624381135
Lower middle income,DALY,ETS,2018,5,1467499.5918065947,1301138.1400356826,1203252.05331453,1399024.2267568351,166361.45177091216,166361.45177091216,11.336388282473699,0,26646.05018260966,6.243381312832875
Lower middle income,DALY,ARIMA,2018,1,1134644.0286993897,1126530.1377692288,1113792.0426680453,1139268.2328704123,8113.89093016088,8113.89093016088,0.715104537187897,1,26646.05018260966,0.3045063292516183
Lower middle income,DALY,ARIMA,2018,2,1210530.9144183055,1173283.5635316947,1144800.3169815913,1201766.8100817981,37247.3508866108,37247.3508866108,3.076943384342168,0,26646.05018260966,1.397856366378834
Lower middle income,DALY,ARIMA,2018,3,1345317.3764894754,1220036.9892941606,1172375.4016653884,1267698.5769229329,125280.38719531475,125280.38719531475,9.312329520505145,0,26646.05018260966,4.701649450359365
Lower middle income,DALY,ARIMA,2018,4,1378346.1453151617,1266790.4150566265,1197020.9947909839,1336559.8353222692,111555.73025853513,111555.73025853513,8.093448125327596,0,26646.05018260966,4.1865766030622105
Lower middle income,DALY,ARIMA,2018,5,1467499.5918065947,1313543.8408190925,1219075.5992012145,1408012.0824369704,153955.75098750228,153955.75098750228,10.491025131936969,0,26646.05018260966,5.777807589958692
Lower middle income,DALY,Naive,2018,1,1134644.0286993897,1079776.7120067629,1021006.7833580886,1138546.6406554373,54867.3166926268,54867.3166926268,4.83564142628236,1,26646.05018260966,2.059116316174903
Lower middle income,DALY,Naive,2018,2,1210530.9144183055,1079776.7120067629,996663.4818521085,1162889.942161417,130754.20241154265,130754.20241154265,10.801393079198952,0,26646.05018260966,4.907076340225403
Lower middle income,DALY,Naive,2018,3,1345317.3764894754,1079776.7120067629,977984.2096300612,1181569.2143834645,265540.6644827125,265540.6644827125,19.738142770119037,0,26646.05018260966,9.965479411129218
Lower middle income,DALY,Naive,2018,4,1378346.1453151617,1079776.7120067629,962236.8547094142,1197316.5693041114,298569.4333083988,298569.4333083988,21.661426218892956,0,26646.05018260966,11.20501655075535
Lower middle income,DALY,Naive,2018,5,1467499.5918065947,1079776.7120067629,948363.1565155147,1211190.267498011,387722.8797998319,387722.8797998319,26.420646517694625,0,26646.05018260966,14.550857524575116
Lower middle income,DALY,Drift,2018,1,1134644.0286993897,1106422.7621893724,1078490.132909745,1134355.391469,28221.266510017216,28221.266510017216,2.487235273459858,0,26646.05018260966,1.0591163161749058
Lower middle income,DALY,Drift,2018,2,1210530.9144183055,1133068.8123719823,1092890.8004112497,1173246.8243327148,77462.10204632324,77462.10204632324,6.399018903498717,0,26646.05018260966,2.9070763402254003
Lower middle income,DALY,Drift,2018,3,1345317.3764894754,1159714.8625545918,1109693.6410588007,1209736.084050383,185602.51393488352,185602.51393488352,13.796187961178507,0,26646.05018260966,6.965479411129218
Lower middle income,DALY,Drift,2018,4,1378346.1453151617,1186360.9127372014,1127677.1701595865,1245044.6553148164,191985.23257796024,191985.23257796024,13.928666121387268,0,26646.05018260966,7.205016550755351
Lower middle income,DALY,Drift,2018,5,1467499.5918065947,1213006.9629198113,1146379.2676717304,1279634.6581678921,254492.6288867835,254492.6288867835,17.3419216133127,0,26646.05018260966,9.550857524575113
Lower middle income,DALY,ETS,2019,1,1210530.9144183055,1188411.1525522894,1174441.8653465637,1202380.439758015,22119.76186601608,22119.76186601608,1.8272777343026596,0,27619.197303644738,0.8008835891511253
Lower middle income,DALY,ETS,2019,2,1345317.3764894754,1241103.8149518727,1210119.6593916216,1272087.9705121238,104213.56153760268,104213.56153760268,7.746392290683237,0,27619.197303644738,3.7732291924302324
Lower middle income,DALY,ETS,2019,3,1378346.1453151617,1292742.615453448,1241294.9920714698,1344190.238835426,85603.52986171376,85603.52986171376,6.21059739983822,0,27619.197303644738,3.0994213524959027
Lower middle income,DALY,ETS,2019,4,1467499.5918065947,1343348.6314679773,1268606.3586000921,1418090.9043358625,124150.96033861744,124150.96033861744,8.460033722106793,0,27619.197303644738,4.495096616085725
Lower middle income,DALY,ARIMA,2019,1,1210530.9144183055,1189511.3453920165,1176646.8064886206,1202375.8842954123,21019.569026289042,21019.569026289042,1.7363925841075725,0,27619.197303644738,0.7610492367030238
Lower middle income,DALY,ARIMA,2019,2,1345317.3764894754,1244378.6620846433,1215612.6785974596,1273144.645571827,100938.7144048321,100938.7144048321,7.502966673055663,0,27619.197303644738,3.65465778368265
Lower middle income,DALY,ARIMA,2019,3,1378346.1453151617,1299245.97877727,1251111.2817619382,1347380.675792602,79100.16653789161,79100.16653789161,5.738773733052752,0,27619.197303644738,2.86395602552335
Lower middle income,DALY,ARIMA,2019,4,1467499.5918065947,1354113.2954698969,1283651.3139769703,1424575.2769628235,113386.29633669788,113386.29633669788,7.726495937018382,0,27619.197303644738,4.105343652465055
Lower middle income,DALY,Naive,2019,1,1210530.9144183055,1134644.0286993897,1073541.023464151,1195747.0339346284,75886.88571891584,75886.88571891584,6.268892831653263,0,27619.197303644738,2.7476137298494736
Lower middle income,DALY,Naive,2019,2,1345317.3764894754,1134644.0286993897,1048231.3299939608,1221056.7274048184,210673.3477900857,210673.3477900857,15.65975073776458,0,27619.197303644738,7.6277867699755495
Lower middle income,DALY,Naive,2019,3,1378346.1453151617,1134644.0286993897,1028810.519136809,1240477.5382619703,243702.116615772,243702.116615772,17.6807630974329,0,27619.197303644738,8.823649504962699
Lower middle income,DALY,Naive,2019,4,1467499.5918065947,1134644.0286993897,1012438.0182289121,1256850.039169867,332855.5631072051,332855.5631072051,22.681816401559377,0,27619.197303644738,12.051601625050854
Lower middle income,DALY,Drift,2019,1,1210530.9144183055,1162263.2260030345,1132927.0817586966,1191599.3702473724,48267.688415271,48267.688415271,3.9873156348481187,0,27619.197303644738,1.7476137298494696
Lower middle income,DALY,Drift,2019,2,1345317.3764894754,1189882.4233066791,1147709.058779715,1232055.7878336431,155434.95318279625,155434.95318279625,11.553775778054277,0,27619.197303644738,5.62778676997555
Lower middle income,DALY,Drift,2019,3,1378346.1453151617,1217501.620610324,1165023.5304278608,1269979.7107927871,160844.5247048377,160844.5247048377,11.669385462536356,0,27619.197303644738,5.823649504962696
Lower middle income,DALY,Drift,2019,4,1467499.5918065947,1245120.8179139686,1183584.8026046534,1306656.8332232838,222378.77389262617,222378.77389262617,15.153583355949172,0,27619.197303644738,8.051601625050855
Lower middle income,DALY,ETS,2020,1,1345317.3764894754,1284896.5302435113,1268774.7849182358,1301018.2755687868,60420.84624596406,60420.84624596406,4.491196449393125,0,29228.120250820433,2.0672162878578564
Lower middle income,DALY,ETS,2020,2,1378346.1453151617,1357776.9983691457,1322018.656658851,1393535.3400794403,20569.146946016,20569.146946016,1.4923063423457263,1,29228.120250820433,0.7037451183826515
Lower middle income,DALY,ETS,2020,3,1467499.5918065947,1429199.8526221665,1369824.9431947859,1488574.7620495472,38299.73918442824,38299.73918442824,2.6098637027406992,1,29228.120250820433,1.3103729851854966
Lower middle income,DALY,ARIMA,2020,1,1345317.3764894754,1286417.8001372213,1271642.3075950148,1301193.292679428,58899.57635225402,58899.57635225402,4.378117564046405,0,29228.120250820433,2.015168127365314
Lower middle income,DALY,ARIMA,2020,2,1378346.1453151617,1362304.6858561372,1329265.680130722,1395343.6915815524,16041.459459024481,16041.459459024481,1.16381937248111,1,29228.120250820433,0.5488365081765461
Lower middle income,DALY,ARIMA,2020,3,1467499.5918065947,1438191.571575053,1382906.7407612822,1493476.402388824,29308.020231541712,29308.020231541712,1.997139923934254,1,29228.120250820433,1.0027336681262982
Lower middle income,DALY,Naive,2020,1,1345317.3764894754,1210530.9144183055,1144602.6686030999,1276459.1602335111,134786.46207116987,134786.46207116987,10.018934150905492,0,29228.120250820433,4.611533718710029
Lower middle income,DALY,Naive,2020,2,1378346.1453151617,1210530.9144183055,1117294.2950429746,1303767.5337936364,167815.23089685617,167815.23089685617,12.175115189115639,0,29228.120250820433,5.741567690865977
Lower middle income,DALY,Naive,2020,3,1467499.5918065947,1210530.9144183055,1096339.8430124794,1324721.9858241316,256968.67738828924,256968.67738828924,17.510647282153094,0,29228.120250820433,8.791830442160444
Lower middle income,DALY,Drift,2020,1,1345317.3764894754,1239759.034669126,1206020.6609619383,1273497.4083763135,105558.34182034945,105558.34182034945,7.8463523674835445,0,29228.120250820433,3.61153371871003
Lower middle income,DALY,Drift,2020,2,1378346.1453151617,1268987.1549199463,1220510.4285233733,1317463.8813165193,109358.99039521534,109358.99039521534,7.934073074961165,0,29228.120250820433,3.741567690865978
Lower middle income,DALY,Drift,2020,3,1467499.5918065947,1298215.2751707667,1237923.1079749607,1358507.4423665728,169284.316635828,169284.316635828,11.535561412145073,0,29228.120250820433,5.791830442160446
Lower middle income,DALY,ETS,2021,1,1378346.1453151617,1477398.2528133818,1449655.2976013764,1505141.2080253873,-99052.10749822017,99052.10749822017,7.186301339100252,0,32633.228051476864,3.035314414558428
Lower middle income,DALY,ETS,2021,2,1467499.5918065947,1606843.4594688779,1545309.0385009095,1668377.8804368463,-139343.86766228313,139343.86766228313,9.495325820891102,0,32633.228051476864,4.2699995061008655
Lower middle income,DALY,ARIMA,2021,1,1378346.1453151617,1520738.8445581798,1500624.4129473881,1540853.2761689716,-142392.69924301817,142392.69924301817,10.330692310273033,0,32633.228051476864,4.363426720102671
Lower middle income,DALY,ARIMA,2021,2,1467499.5918065947,1724176.4193920367,1665699.7040159968,1782653.1347680767,-256676.827585442,256676.827585442,17.4907597261717,0,32633.228051476864,7.865505281320942
Lower middle income,DALY,Naive,2021,1,1378346.1453151617,1345317.3764894754,1264958.2451203235,1425676.5078586272,33028.768825686304,33028.768825686304,2.3962608331693205,1,32633.228051476864,1.012120798273021
Lower middle income,DALY,Naive,2021,2,1467499.5918065947,1345317.3764894754,1231672.4030466997,1458962.349932251,122182.21531711938,122182.21531711938,8.325877294909807,0,32633.228051476864,3.7441044791641396
Lower middle income,DALY,Drift,2021,1,1378346.1453151617,1377950.6045409522,1327706.246179318,1428194.9629025864,395.54077420942485,395.54077420942485,0.02869676645114306,1,32633.228051476864,0.012120798273020499
Lower middle income,DALY,Drift,2021,2,1467499.5918065947,1410583.8325924291,1338425.8665315507,1482741.7986533076,56915.75921416562,56915.75921416562,3.8784173795986097,1,32633.228051476864,1.7441044791641387
Lower middle income,DALY,ETS,2022,1,1467499.5918065947,1466235.3374067731,1427069.109207838,1505401.5656057082,1264.2543998216279,1264.2543998216279,0.08615023860178674,1,32645.58870067091,0.03872665343589426
Lower middle income,DALY,ARIMA,2022,1,1467499.5918065947,1445744.6903052933,1408503.8499369558,1482985.5306736308,21754.901501301443,21754.901501301443,1.482446851962639,1,32645.58870067091,0.6663963606468629
Lower middle income,DALY,Naive,2022,1,1467499.5918065947,1378346.1453151617,1298429.0133121551,1458263.2773181682,89153.44649143307,89153.44649143307,6.075193955023792,0,32645.58870067091,2.7309492657303758
Lower middle income,DALY,Drift,2022,1,1467499.5918065947,1410991.7340158327,1361588.3558488465,1460395.1121828188,56507.85779076209,56507.85779076209,3.8506217041734887,0,32645.58870067091,1.7309492657303736
Lower middle income,VLW,ETS,2009,1,44.60917576164941,44.165644129503846,43.44937473836616,44.88191352064153,0.44353163214556446,0.44353163214556446,0.9942609890740672,1,1.2318648883159207,0.36004892772933517
Lower middle income,VLW,ETS,2009,2,46.364884071537716,45.756053559661424,44.16757773134986,47.34452938797299,0.6088305118762918,0.6088305118762918,1.3131285110880675,1,1.2318648883159207,0.4942348123166514
Lower middle income,VLW,ETS,2009,3,48.26262496589452,47.31465429477625,44.6771469851578,49.952161604394696,0.94797067111827,0.94797067111827,1.9641921088796293,1,1.2318648883159207,0.7695411080465475
Lower middle income,VLW,ETS,2009,4,49.77526493482517,48.84208251887812,45.01039763396899,52.67376740378725,0.9331824159470443,0.9331824159470443,1.874791459510937,1,1.2318648883159207,0.7575363376277374
Lower middle income,VLW,ETS,2009,5,52.23807691491036,50.338961692113685,45.18970706449193,55.48821631973544,1.8991152227966737,1.8991152227966737,3.635499878546654,1,1.2318648883159207,1.5416587004058124
Lower middle income,VLW,ETS,2009,6,55.52972203075145,51.8059028052281,45.231729720482186,58.380075889974016,3.72381922552335,3.72381922552335,6.7059929157598885,1,1.2318648883159207,3.0229120586545606
Lower middle income,VLW,ARIMA,2009,1,44.60917576164941,44.19873000802356,43.592521052789365,44.804938963257754,0.4104457536258508,0.4104457536258508,0.9200926639373411,1,1.2318648883159207,0.3331905613341818
Lower middle income,VLW,ARIMA,2009,2,46.364884071537716,45.85471728023647,44.49919284776369,47.210241712709255,0.5101667913012449,0.5101667913012449,1.1003301345779142,1,1.2318648883159207,0.4141418398560678
Lower middle income,VLW,ARIMA,2009,3,48.26262496589452,47.51070455244938,45.24247833716885,49.77893076772992,0.7519204134451343,0.7519204134451343,1.55797662057646,1,1.2318648883159207,0.610391951728637
Lower middle income,VLW,ARIMA,2009,4,49.77526493482517,49.166691824662294,45.84634863122822,52.48703501809637,0.6085731101628724,0.6085731101628724,1.222641629250446,1,1.2318648883159207,0.49402585943889604
Lower middle income,VLW,ARIMA,2009,5,52.23807691491036,50.822679096875206,46.32691316020353,55.31844503354688,1.415397818035153,1.415397818035153,2.7095136376108724,1,1.2318648883159207,1.1489878731507153
Lower middle income,VLW,ARIMA,2009,6,55.52972203075145,52.47866636908812,46.69580150260903,58.261531235567205,3.0510556616633338,3.0510556616633338,5.494455131566675,1,1.2318648883159207,2.476777843578628
Lower middle income,VLW,Naive,2009,1,44.60917576164941,42.54274273581064,39.963402719373995,45.12208275224729,2.0664330258387693,2.0664330258387693,4.632304880233375,1,1.2318648883159207,1.6774835011847644
Lower middle income,VLW,Naive,2009,2,46.364884071537716,42.54274273581064,38.89500510259429,46.19048036902699,3.822141335727075,3.822141335727075,8.243612406815863,0,1.2318648883159207,3.102727719557227
Lower middle income,VLW,Naive,2009,3,48.26262496589452,42.54274273581064,38.07519477734682,47.01029069427446,5.719882230083876,5.719882230083876,11.851577145101231,0,1.2318648883159207,4.643270771280373
Lower middle income,VLW,Naive,2009,4,49.77526493482517,42.54274273581064,37.38406270293734,47.70142276868394,7.232522199014525,7.232522199014525,14.530353999089025,0,1.2318648883159207,5.871197618841209
Lower middle income,VLW,Naive,2009,5,52.23807691491036,42.54274273581064,36.77516312197287,48.310322349648416,9.695334179099717,9.695334179099717,18.55989873994073,0,1.2318648883159207,7.870452572403605
Lower middle income,VLW,Naive,2009,6,55.52972203075145,42.54274273581064,36.22467582239887,48.86080964922241,12.98697929494081,12.98697929494081,23.387437970153773,0,1.2318648883159207,10.542535482682094
Lower middle income,VLW,Drift,2009,1,44.60917576164941,43.77460762412656,42.81798431663341,44.73123093161971,0.8345681375228509,0.8345681375228509,1.8708441105973779,1,1.2318648883159207,0.6774835011847662
Lower middle income,VLW,Drift,2009,2,46.364884071537716,45.006472512442485,43.62019363713557,46.3927513877494,1.3584115590952308,1.3584115590952308,2.9298284386935993,1,1.2318648883159207,1.102727719557225
Lower middle income,VLW,Drift,2009,3,48.26262496589452,46.238337400758404,44.500544863356666,47.97612993816014,2.024287565136113,2.024287565136113,4.194317168961708,0,1.2318648883159207,1.6432707712803727
Lower middle income,VLW,Drift,2009,4,49.77526493482517,47.47020228907432,45.41847387107645,49.521930707072194,2.3050626457508443,2.3050626457508443,4.630939983481859,0,1.2318648883159207,1.8711976188412103
Lower middle income,VLW,Drift,2009,5,52.23807691491036,48.70206717739024,46.35882819797844,51.04530615680204,3.536009737520118,3.536009737520118,6.76902739601203,0,1.2318648883159207,2.870452572403608
Lower middle income,VLW,Drift,2009,6,55.52972203075145,49.93393206570616,47.31411124296015,52.553752888452166,5.595789965045292,5.595789965045292,10.077107826951547,0,1.2318648883159207,4.5425354826821
Lower middle income,VLW,ETS,2010,1,46.364884071537716,46.557448850239105,45.85140487113787,47.263492829340336,-0.19256477870138866,0.19256477870138866,0.4153246202541452,1,1.273593295192063,0.15119801543266537
Lower middle income,VLW,ETS,2010,2,48.26262496589452,48.466796998902836,47.01648281931965,49.917111178486024,-0.20417203300831943,0.20417203300831943,0.42304378005257803,1,1.273593295192063,0.1603117995195864
Lower middle income,VLW,ETS,2010,3,49.77526493482517,50.337958167343665,48.01349512951451,52.66242120517282,-0.5626932325184981,0.5626932325184981,1.1304675791385108,1,1.273593295192063,0.4418154795904777
Lower middle income,VLW,ETS,2010,4,52.23807691491036,52.17169609551106,48.862617580364514,55.480774610657605,0.06638081939929918,0.06638081939929918,0.12707362774365846,1,1.273593295192063,0.05212089263495117
Lower middle income,VLW,ETS,2010,5,55.52972203075145,53.968759248548565,49.57989648545475,58.35762201164238,1.5609627822028855,1.5609627822028855,2.811040151323736,1,1.273593295192063,1.225636777529899
Lower middle income,VLW,ETS,2010,6,58.91214251617243,55.729881122290124,50.17786290400374,61.28189934057651,3.1822613938823068,3.1822613938823068,5.401707114978409,1,1.273593295192063,2.4986480424289677
Lower middle income,VLW,ARIMA,2010,1,46.364884071537716,46.87257420464006,46.31810287586022,47.4270455334199,-0.5076901331023436,0.5076901331023436,1.0949884665278444,1,1.273593295192063,0.3986281452791268
Lower middle income,VLW,ARIMA,2010,2,48.26262496589452,48.9747998667774,47.60404739231852,50.345552341236285,-0.7121749008828857,0.7121749008828857,1.4756240494298734,1,1.273593295192063,0.5591854978912141
Lower middle income,VLW,ARIMA,2010,3,49.77526493482517,50.93297132136813,48.746582036157825,53.11936060657843,-1.1577063865429622,1.1577063865429622,2.325866849847695,1,1.273593295192063,0.9090079155672498
Lower middle income,VLW,ARIMA,2010,4,52.23807691491036,52.93702694579774,49.96503301307082,55.90902087852466,-0.6989500308873815,0.6989500308873815,1.3380087326451324,1,1.273593295192063,0.5488015942970059
Lower middle income,VLW,ARIMA,2010,5,55.52972203075145,55.02765636409701,51.19788632532946,58.85742640286456,0.5020656666544383,0.5020656666544383,0.9041386275558927,1,1.273593295192063,0.3942119266407765
Lower middle income,VLW,ARIMA,2010,6,58.91214251617243,57.11711047262685,52.304480354918894,61.9297405903348,1.7950320435455822,1.7950320435455822,3.0469644573744943,1,1.273593295192063,1.4094232831799607
Lower middle income,VLW,Naive,2010,1,46.364884071537716,44.60917576164941,41.9369997626455,47.28135176065332,1.7557083098883055,1.7557083098883055,3.7867199391232655,1,1.273593295192063,1.3785470734780663
Lower middle income,VLW,Naive,2010,2,48.26262496589452,44.60917576164941,40.83014822281021,48.38820330048861,3.6534492042451063,3.6534492042451063,7.569934720349067,1,1.273593295192063,2.8686152934670965
Lower middle income,VLW,Naive,2010,3,49.77526493482517,44.60917576164941,39.98083116460852,49.237520358690304,5.166089173175756,5.166089173175756,10.378828078444464,0,1.273593295192063,4.056309963846574
Lower middle income,VLW,Naive,2010,4,52.23807691491036,44.60917576164941,39.26482376364159,49.953527759657234,7.628901153260948,7.628901153260948,14.604100311134202,0,1.273593295192063,5.990060706240197
Lower middle income,VLW,Naive,2010,5,55.52972203075145,44.60917576164941,38.63400858003325,50.58434294326557,10.92054626910204,10.92054626910204,19.666128101729775,0,1.273593295192063,8.574594660892258
Lower middle income,VLW,Naive,2010,6,58.91214251617243,44.60917576164941,38.06370806117794,51.15464346212088,14.30296675452302,14.30296675452302,24.27846984277749,0,1.273593295192063,11.230403621405745
Lower middle income,VLW,Drift,2010,1,46.364884071537716,45.882769056841475,44.88014018753975,46.8853979261432,0.48211501469624096,0.48211501469624096,1.0398279308805598,1,1.273593295192063,0.37854707347806515
Lower middle income,VLW,Drift,2010,2,48.26262496589452,47.15636235203353,45.70506335129366,48.607661352773405,1.1062626138609843,1.1062626138609843,2.292172492985495,1,1.273593295192063,0.8686152934670998
Lower middle income,VLW,Drift,2010,3,49.77526493482517,48.4299556472256,46.612536482593,50.247374811858194,1.3453092875995694,1.3453092875995694,2.702766704227678,1,1.273593295192063,1.0563099638465758
Lower middle income,VLW,Drift,2010,4,52.23807691491036,49.70354894241766,47.55983824812303,51.847259636712295,2.534527972492697,2.534527972492697,4.851878403987082,0,1.273593295192063,1.9900607062401972
Lower middle income,VLW,Drift,2010,5,55.52972203075145,50.977142237609726,48.53097827088008,53.423306204339376,4.5525797931417245,4.5525797931417245,8.198455937922002,0,1.273593295192063,3.5745946608922567
Lower middle income,VLW,Drift,2010,6,58.91214251617243,52.250735532801784,49.51802986737531,54.983441198228256,6.661406983370647,6.661406983370647,11.30735820979855,0,1.273593295192063,5.230403621405748
Lower middle income,VLW,ETS,2011,1,48.26262496589452,48.080418674585,47.39607353004237,48.76476381912762,0.18220629130951949,0.18220629130951949,0.37753083558608386,1,1.2965511530347411,0.14053150998558192
Lower middle income,VLW,ETS,2011,2,49.77526493482517,49.755302885792226,48.24273574801713,51.26787002356732,0.019962049032940854,0.019962049032940854,0.04010435516331013,1,1.2965511530347411,0.015396268003940427
Lower middle income,VLW,ETS,2011,3,52.23807691491036,51.39052466445639,48.884730970944005,53.89631835796878,0.8475522504539654,0.8475522504539654,1.6224798088079078,1,1.2965511530347411,0.6536975023855887
Lower middle income,VLW,ETS,2011,4,55.52972203075145,52.98702324479126,49.353463420547925,56.620583069034595,2.542698785960191,2.542698785960191,4.578987059492367,1,1.2965511530347411,1.9611249274729226
Lower middle income,VLW,ETS,2011,5,58.91214251617243,54.5457156192858,49.670873897278256,59.420557341293346,4.3664268968866295,4.3664268968866295,7.411760479917986,1,1.2965511530347411,3.3677243560089845
Lower middle income,VLW,ETS,2011,6,62.290008862989886,56.06749706540386,49.85340038171612,62.281593749091606,6.222511797586023,6.222511797586023,9.98958245659069,0,1.2965511530347411,4.799279830202959
Lower middle income,VLW,ARIMA,2011,1,48.26262496589452,48.12059238142602,47.50282002302584,48.7383647398262,0.14203258446849532,0.14203258446849532,0.29429104730392247,1,1.2965511530347411,0.10954645648654138
Lower middle income,VLW,ARIMA,2011,2,49.77526493482517,49.87630069131433,48.49491970331116,51.25768167931749,-0.10103575648916063,0.10103575648916063,0.20298386482011702,1,1.2965511530347411,0.0779265486384195
Lower middle income,VLW,ARIMA,2011,3,52.23807691491036,51.63200900120263,49.32051649304984,53.94350150935543,0.6060679137077258,0.6060679137077258,1.1602033411278496,1,1.2965511530347411,0.46744620317458946
Lower middle income,VLW,ARIMA,2011,4,55.52972203075145,53.38771731109094,50.004038750101486,56.77139587208039,2.1420047196605125,2.1420047196605125,3.8574022007066873,1,1.2965511530347411,1.652078835954047
Lower middle income,VLW,ARIMA,2011,5,58.91214251617243,55.143425620979244,50.5619031912423,59.724948050716186,3.7687168951931866,3.7687168951931866,6.397181861377062,1,1.2965511530347411,2.9067244175997455
Lower middle income,VLW,ARIMA,2011,6,62.290008862989886,56.89913393086755,51.00596122857023,62.79230663316487,5.390874932122337,5.390874932122337,8.654477709225963,1,1.2965511530347411,4.157857497179587
Lower middle income,VLW,Naive,2011,1,48.26262496589452,46.364884071537716,43.65114624306463,49.0786219000108,1.8977408943568008,1.8977408943568008,3.9321128838264947,1,1.2965511530347411,1.463683781326251
Lower middle income,VLW,Naive,2011,2,49.77526493482517,46.364884071537716,42.52707922978617,50.202688913289265,3.4103808632874504,3.4103808632874504,6.851557430689603,1,1.2965511530347411,2.630348101041
Lower middle income,VLW,Naive,2011,3,52.23807691491036,46.364884071537716,41.6645522742007,51.06521586887473,5.873192843372642,5.873192843372642,11.243126068632614,0,1.2965511530347411,4.529858177693719
Lower middle income,VLW,Naive,2011,4,55.52972203075145,46.364884071537716,40.93740841459155,51.79235972848388,9.164837959213735,9.164837959213735,16.504382921525156,0,1.2965511530347411,7.068628135312887
Lower middle income,VLW,Naive,2011,5,58.91214251617243,46.364884071537716,40.29678181395924,52.43298632911619,12.547258444634714,12.547258444634714,21.298255179210752,0,1.2965511530347411,9.677411041798294
Lower middle income,VLW,Naive,2011,6,62.290008862989886,46.364884071537716,39.7176110960902,53.01215704698523,15.92512479145217,15.92512479145217,25.566098130569078,0,1.2965511530347411,12.282681446217847
Lower middle income,VLW,Drift,2011,1,48.26262496589452,47.66143522457246,46.662746534929184,48.66012391421573,0.6011897413220595,0.6011897413220595,1.2456631642951432,1,1.2965511530347411,0.463683781326251
Lower middle income,VLW,Drift,2011,2,49.77526493482517,48.9579863776072,47.513884918287815,50.40208783692658,0.8172785572179677,0.8172785572179677,1.6419371314007016,1,1.2965511530347411,0.6303481010409997
Lower middle income,VLW,Drift,2011,3,52.23807691491036,50.25453753064194,48.447841712868254,52.06123334841563,1.9835393842684184,1.9835393842684184,3.7971141003130136,0,1.2965511530347411,1.5298581776937183
Lower middle income,VLW,Drift,2011,4,55.52972203075145,51.55108868367668,49.421877243194764,53.6803001241586,3.9786333470747692,3.9786333470747692,7.164871714775499,0,1.2965511530347411,3.0686281353128857
Lower middle income,VLW,Drift,2011,5,58.91214251617243,52.84763983671142,50.41996527743401,55.275314395988836,6.0645026794610075,6.0645026794610075,10.294147217267126,0,1.2965511530347411,4.677411041798294
Lower middle income,VLW,Drift,2011,6,62.290008862989886,54.144190989746164,51.434147263085634,56.854234716406694,8.145817873243722,8.145817873243722,13.077246290269235,0,1.2965511530347411,6.282681446217845
Lower middle income,VLW,ETS,2012,1,49.77526493482517,50.10933058824662,49.443304099736636,50.775357076756606,-0.33406565342145456,0.33406565342145456,0.6711479162569484,1,1.323877959458471,0.25233870768428174
Lower middle income,VLW,ETS,2012,2,52.23807691491036,51.9202261624361,50.46663230458216,53.37382002029004,0.3178507524742571,0.3178507524742571,0.608465646604867,1,1.323877959458471,0.24009067467538558
Lower middle income,VLW,ETS,2012,3,55.52972203075145,53.69296189307038,51.28661500817187,56.09930877796889,1.8367601376810683,1.8367601376810683,3.30770634267519,1,1.323877959458471,1.38740895605845
Lower middle income,VLW,ETS,2012,4,58.91214251617243,55.428341898112365,51.936589847752714,58.920093948472015,3.483800618060066,3.483800618060066,5.913552740173557,1,1.323877959458471,2.631511910270872
Lower middle income,VLW,ETS,2012,5,62.290008862989886,57.12715335086172,52.438045271723034,61.8162614300004,5.162855512128168,5.162855512128168,8.288416724236045,0,1.323877959458471,3.899797164264311
Lower middle income,VLW,ETS,2012,6,65.00902146976568,58.790166837018916,52.80672124030893,64.7736124337289,6.218854632746769,6.218854632746769,9.566140963433861,0,1.323877959458471,4.697453106093386
Lower middle income,VLW,ARIMA,2012,1,49.77526493482517,50.16036586025132,49.55442902303447,50.76630269746816,-0.38510092542615126,0.38510092542615126,0.7736793082475713,1,1.323877959458471,0.2908885389886511
Lower middle income,VLW,ARIMA,2012,2,52.23807691491036,52.05810675460812,50.703190796520026,53.41302271269621,0.1799701603022399,0.1799701603022399,0.3445191150420602,1,1.323877959458471,0.1359416546037644
Lower middle income,VLW,ARIMA,2012,3,55.52972203075145,53.95584764896492,51.68863960607407,56.22305569185577,1.5738743817865313,1.5738743817865313,2.8342918426909205,1,1.323877959458471,1.1888364562170977
Lower middle income,VLW,ARIMA,2012,4,58.91214251617243,55.85358854332172,52.53473580165169,59.17244128499175,3.05855397285071,3.05855397285071,5.1917208273508,1,1.323877959458471,2.3102990354955404
Lower middle income,VLW,ARIMA,2012,5,62.290008862989886,57.75132943767852,53.25758158223542,62.245077293121625,4.538679425311365,4.538679425311365,7.286368244535694,0,1.323877959458471,3.428321615965191
Lower middle income,VLW,ARIMA,2012,6,65.00902146976568,59.64907033203532,53.86880130599784,65.42933935807281,5.359951137730363,5.359951137730363,8.244934343802056,1,1.323877959458471,4.048674652702004
Lower middle income,VLW,Naive,2012,1,49.77526493482517,48.26262496589452,45.4952292292507,51.03002070253834,1.5126399689306496,1.5126399689306496,3.0389390612210163,1,1.323877959458471,1.1425826362041642
Lower middle income,VLW,Naive,2012,2,52.23807691491036,48.26262496589452,44.34893638267934,52.17631354910969,3.9754519490158415,3.9754519490158415,7.61025708410243,0,1.323877959458471,3.002884004989395
Lower middle income,VLW,Naive,2012,3,55.52972203075145,48.26262496589452,43.469354945377916,53.05589498641112,7.267097064856934,7.267097064856934,13.086860151816598,0,1.323877959458471,5.489249981795544
Lower middle income,VLW,Naive,2012,4,58.91214251617243,48.26262496589452,42.72783349260687,53.797416439182165,10.649517550277913,10.649517550277913,18.076948308838762,0,1.323877959458471,8.044183736266802
Lower middle income,VLW,Naive,2012,5,62.290008862989886,48.26262496589452,42.07453997811582,54.45070995367321,14.027383897095369,14.027383897095369,22.519476482896845,0,1.323877959458471,10.595677491929267
Lower middle income,VLW,Naive,2012,6,65.00902146976568,48.26262496589452,41.483917494763574,55.04133243702546,16.746396503871168,16.746396503871168,25.76011163567438,0,1.323877959458471,12.649501703858895
Lower middle income,VLW,Drift,2012,1,49.77526493482517,49.58650292535299,48.57957657060215,50.59342928010383,0.18876200947217825,0.18876200947217825,0.3792285379481954,1,1.323877959458471,0.14258263620416406
Lower middle income,VLW,Drift,2012,2,52.23807691491036,50.91038088481146,49.455744626276775,52.365017143346144,1.327696030098899,1.327696030098899,2.5416250147599397,1,1.323877959458471,1.0028840049893946
Lower middle income,VLW,Drift,2012,3,55.52972203075145,52.23425884426993,50.41596352110158,54.05255416743828,3.29546318648152,3.29546318648152,5.934593342024198,0,1.323877959458471,2.489249981795543
Lower middle income,VLW,Drift,2012,4,58.91214251617243,53.5581368037284,51.41697020658371,55.69930340087309,5.354005712444028,5.354005712444028,9.088119161468722,0,1.323877959458471,4.044183736266801
Lower middle income,VLW,Drift,2012,5,62.290008862989886,54.882014763186874,52.44251559572224,57.321513930651506,7.4079940998030125,7.4079940998030125,11.892748508187372,0,1.323877959458471,5.5956774919292664
Lower middle income,VLW,Drift,2012,6,65.00902146976568,56.205892722645345,53.4845174717376,58.92726797355309,8.80312874712034,8.80312874712034,13.54139556032925,0,1.323877959458471,6.649501703858895
Lower middle income,VLW,ETS,2013,1,52.23807691491036,51.24688814648333,50.581166607455145,51.91260968551151,0.9911887684270297,0.9911887684270297,1.897444980682499,0,1.3320850033485658,0.7440882270541305
Lower middle income,VLW,ETS,2013,2,55.52972203075145,52.6784873383719,51.20617408355458,54.150800593189224,2.851234692379549,2.851234692379549,5.134610057656298,0,1.3320850033485658,2.140429991488665
Lower middle income,VLW,ETS,2013,3,58.91214251617243,54.071182612808315,51.6332308740124,56.50913435160423,4.840959903364116,4.840959903364116,8.217253178383704,0,1.3320850033485658,3.634122365460926
Lower middle income,VLW,ETS,2013,4,62.290008862989886,55.42603118944015,51.89378268934951,58.9582796895308,6.8639776735497335,6.8639776735497335,11.019387858247716,0,1.3320850033485658,5.15280755829787
Lower middle income,VLW,ETS,2013,5,65.00902146976568,56.744061557816416,52.00981497101956,61.47830814461327,8.26495991194927,8.26495991194927,12.713558403264273,0,1.3320850033485658,6.204528908570396
Lower middle income,VLW,ETS,2013,6,68.11551302116776,58.026274258132176,51.99782342397717,64.05472509228719,10.089238763035581,10.089238763035581,14.811954451404077,0,1.3320850033485658,7.574020229695159
Lower middle income,VLW,ARIMA,2013,1,52.23807691491036,51.2879049037558,50.67441832291721,51.90139148459439,0.9501720111545566,0.9501720111545566,1.818926092364147,0,1.3320850033485658,0.7132968307322995
Lower middle income,VLW,ARIMA,2013,2,55.52972203075145,52.800544872686444,51.42874717464744,54.17234257072545,2.7291771580650064,2.7291771580650064,4.91480428544849,0,1.3320850033485658,2.0488010533895817
Lower middle income,VLW,ARIMA,2013,3,58.91214251617243,54.31318484161709,52.01772824473569,56.60864143849848,4.5989576745553435,4.5989576745553435,7.8064682052479215,0,1.3320850033485658,3.45245060412405
Lower middle income,VLW,ARIMA,2013,4,62.290008862989886,55.82582481054773,52.46562042002761,59.186029201067846,6.464184052442157,6.464184052442157,10.377561619328816,0,1.3320850033485658,4.852681350058468
Lower middle income,VLW,ARIMA,2013,5,65.00902146976568,57.33846477947837,52.78872652680974,61.888203032147004,7.670556690287313,7.670556690287313,11.79921881127641,0,1.3320850033485658,5.758308719792834
Lower middle income,VLW,ARIMA,2013,6,68.11551302116776,58.851104748409014,52.99881575835726,64.70339373846076,9.264408272758743,9.264408272758743,13.601025466665298,0,1.3320850033485658,6.954817635113434
Lower middle income,VLW,Naive,2013,1,52.23807691491036,49.77526493482517,46.99899824043622,52.55153162921411,2.462811980085192,2.462811980085192,4.714591588233274,1,1.3320850033485658,1.8488399568302545
Lower middle income,VLW,Naive,2013,2,55.52972203075145,49.77526493482517,45.8490309228556,53.701498946794736,5.754457095926284,5.754457095926284,10.362841529693883,0,1.3320850033485658,4.319887305585497
Lower middle income,VLW,Naive,2013,3,58.91214251617243,49.77526493482517,44.966629964782214,54.58389990486812,9.136877581347264,9.136877581347264,15.50932828294104,0,1.3320850033485658,6.859079982417926
Lower middle income,VLW,Naive,2013,4,62.290008862989886,49.77526493482517,44.22273154604727,55.32779832360306,12.51474392816472,12.51474392816472,20.09109351018323,0,1.3320850033485658,9.394853854450304
Lower middle income,VLW,Naive,2013,5,65.00902146976568,49.77526493482517,43.56734388250285,55.983185987147486,15.233756534940518,15.233756534940518,23.433296164941375,0,1.3320850033485658,11.436024350282631
Lower middle income,VLW,Naive,2013,6,68.11551302116776,49.77526493482517,42.97482814368888,56.57570172596145,18.34024808634259,18.34024808634259,26.925214643312056,0,1.3320850033485658,13.768076391701191
Lower middle income,VLW,Drift,2013,1,52.23807691491036,51.10734993817373,50.12135063793832,52.09334923840915,1.130726976736625,1.130726976736625,2.164564707422988,0,1.3320850033485658,0.8488399568302537
Lower middle income,VLW,Drift,2013,2,55.52972203075145,52.4394349415223,51.01626753799306,53.86260234505154,3.0902870892291503,3.0902870892291503,5.565104553409793,0,1.3320850033485658,2.3198873055854956
Lower middle income,VLW,Drift,2013,3,58.91214251617243,53.77151994487087,51.99398442758567,55.54905546215606,5.140622571301563,5.140622571301563,8.725913456449781,0,1.3320850033485658,3.8590799824179234
Lower middle income,VLW,Drift,2013,4,62.290008862989886,55.103604948219434,53.01198457389449,57.19522532254438,7.186403914770452,7.186403914770452,11.537008977759692,0,1.3320850033485658,5.3948538544503
Lower middle income,VLW,Drift,2013,5,65.00902146976568,56.435689951567994,54.054275396369576,58.81710450676641,8.57333151819769,8.57333151819769,13.18791042284026,0,1.3320850033485658,6.436024350282632
Lower middle income,VLW,Drift,2013,6,68.11551302116776,57.76777495491656,55.11289058917307,60.42265932066005,10.347738066251196,10.347738066251196,15.191455818640765,0,1.3320850033485658,7.768076391701191
Lower middle income,VLW,ETS,2014,1,55.52972203075145,54.399500154371104,53.62863169120586,55.17036861753635,1.1302218763803467,1.1302218763803467,2.0353458203058326,0,1.3791986273792587,0.819477234057276
Lower middle income,VLW,ETS,2014,2,58.91214251617243,56.517775938870116,54.998915969524035,58.0366359082162,2.394366577302314,2.394366577302314,4.064300626386178,0,1.3791986273792587,1.7360563806912053
Lower middle income,VLW,ETS,2014,3,62.290008862989886,58.59367982303354,56.21097518987089,60.97638445619619,3.696329039956346,3.696329039956346,5.9340640777345435,0,1.3791986273792587,2.680055625475845
Lower middle income,VLW,ETS,2014,4,65.00902146976568,60.62805937258024,57.27972752607294,63.97639121908754,4.380962097185446,4.380962097185446,6.7390063688667246,0,1.3791986273792587,3.1764547978923905
Lower middle income,VLW,ETS,2014,5,68.11551302116776,62.62174519936007,58.219059399094775,67.02443099962537,5.493767821807687,5.493767821807687,8.065369514431211,0,1.3791986273792587,3.9833042991399266
Lower middle income,VLW,ETS,2014,6,72.52871319836039,64.57555130048239,59.04031877959248,70.1107838213723,7.9531618978780045,7.9531618978780045,10.965535643968652,0,1.3791986273792587,5.766509435258454
Lower middle income,VLW,ARIMA,2014,1,55.52972203075145,54.70088889499554,53.98619165180936,55.41558613818173,0.8288331357559073,0.8288331357559073,1.4925937055779122,0,1.3791986273792587,0.6009526976769466
Lower middle income,VLW,ARIMA,2014,2,58.91214251617243,57.163700875080735,55.56558925598472,58.76181249417675,1.748441641091695,1.748441641091695,2.9678799079692553,0,1.3791986273792587,1.2677228691954752
Lower middle income,VLW,ARIMA,2014,3,62.290008862989886,59.62651285516593,56.95236063589135,62.3006650744405,2.6634960078239587,2.6634960078239587,4.275960232534975,1,1.3791986273792587,1.931191022779011
Lower middle income,VLW,ARIMA,2014,4,65.00902146976568,62.08932483525112,58.174766816452816,66.00388285404942,2.9196966345145654,2.9196966345145654,4.491217631805847,1,1.3791986273792587,2.1169515228292735
Lower middle income,VLW,ARIMA,2014,5,68.11551302116776,64.55213681533631,59.251800201687466,69.85247342898516,3.563376205831446,3.563376205831446,5.2313724844501746,1,1.3791986273792587,2.5836570129152046
Lower middle income,VLW,ARIMA,2014,6,72.52871319836039,67.0149487954215,60.19717162122225,73.83272596962075,5.5137644029388895,5.5137644029388895,7.602181480676726,1,1.3791986273792587,3.9978029947840774
Lower middle income,VLW,Naive,2014,1,55.52972203075145,52.23807691491036,49.347169802534424,55.12898402728629,3.291645115841092,3.291645115841092,5.92771761763589,0,1.3791986273792587,2.3866360149269057
Lower middle income,VLW,Naive,2014,2,58.91214251617243,52.23807691491036,48.14971686902747,56.326436960793245,6.674065601262072,6.674065601262072,11.328845491283774,0,1.3791986273792587,4.839089503695399
Lower middle income,VLW,Naive,2014,3,62.290008862989886,52.23807691491036,47.23087891631301,57.24527491350771,10.051931948079528,10.051931948079528,16.137310190771164,0,1.3791986273792587,7.2882409745288985
Lower middle income,VLW,Naive,2014,4,65.00902146976568,52.23807691491036,46.45626269015849,58.01989113966223,12.770944554855326,12.770944554855326,19.64488045831427,0,1.3791986273792587,9.259684791829125
Lower middle income,VLW,Naive,2014,5,68.11551302116776,52.23807691491036,45.773812095000146,58.70234173482057,15.877436106257399,15.877436106257399,23.309574283501743,0,1.3791986273792587,11.51207359916502
Lower middle income,VLW,Naive,2014,6,72.52871319836039,52.23807691491036,45.15682959580657,59.31932423401415,20.290636283450034,20.290636283450034,27.97600479682677,0,1.3791986273792587,14.711902898283858
Lower middle income,VLW,Drift,2014,1,55.52972203075145,53.61727554228962,52.54887375870939,54.68567732586985,1.912446488461832,1.912446488461832,3.4440051534973475,0,1.3791986273792587,1.3866360149269046
Lower middle income,VLW,Drift,2014,2,58.91214251617243,54.99647416966888,53.45560320427061,56.53734513506715,3.9156683465035513,3.9156683465035513,6.646623563942919,0,1.3791986273792587,2.8390895036953965
Lower middle income,VLW,Drift,2014,3,62.290008862989886,56.37567279704814,54.45254958660374,58.29879600749254,5.914336065941747,5.914336065941747,9.494839018165235,0,1.3791986273792587,4.288240974528895
Lower middle income,VLW,Drift,2014,4,65.00902146976568,57.75487142442739,55.49349108870649,60.01625176014829,7.254150045338292,7.254150045338292,11.158682104932225,0,1.3791986273792587,5.259684791829126
Lower middle income,VLW,Drift,2014,5,68.11551302116776,59.13407005180665,56.56101782678032,61.70712227683298,8.981442969361105,8.981442969361105,13.185605702727376,0,1.3791986273792587,6.51207359916502
Lower middle income,VLW,Drift,2014,6,72.52871319836039,60.51326867918591,57.64644586074503,63.38009149762679,12.01544451917448,12.01544451917448,16.566465871679227,0,1.3791986273792587,8.711902898283856
Lower middle income,VLW,ETS,2015,1,58.91214251617243,58.66458056785918,57.76972972937829,59.559431406340074,0.24756194831324763,0.24756194831324763,0.4202222797198175,1,1.4556964869177322,0.17006426170432767
Lower middle income,VLW,ETS,2015,2,62.290008862989886,61.65029521304186,59.68751391401565,63.61307651206806,0.6397136499480283,0.6397136499480283,1.0269923887073313,1,1.4556964869177322,0.43945537802495316
Lower middle income,VLW,ETS,2015,3,65.00902146976568,64.49387579167728,61.26919611321212,67.71855547014245,0.5151456780884018,0.5151456780884018,0.7924218307577282,1,1.4556964869177322,0.3538826140737365
Lower middle income,VLW,ETS,2015,4,68.11551302116776,67.20208855415238,62.56556353801354,71.83861357029122,0.9134244670153748,0.9134244670153748,1.3409933016749307,1,1.4556964869177322,0.6274827721467163
Lower middle income,VLW,ETS,2015,5,72.52871319836039,69.78137764549673,63.61346378506153,75.94929150593194,2.7473355528636603,2.7473355528636603,3.787928162119616,1,1.4556964869177322,1.8872997067409452
Lower middle income,VLW,ETS,2015,6,80.03472071542032,72.23788043911325,64.44144797564738,80.03431290257913,7.796840276307066,7.796840276307066,9.741822307383707,0,1.4556964869177322,5.356089230397173
Lower middle income,VLW,ARIMA,2015,1,58.91214251617243,58.821367146592536,58.047115767209235,59.59561852597584,0.09077536957989452,0.09077536957989452,0.1540860096116434,1,1.4556964869177322,0.06235871996373419
Lower middle income,VLW,ARIMA,2015,2,62.290008862989886,62.11301226243363,60.381733546459586,63.84429097840767,0.176996600556258,0.176996600556258,0.2841492621161304,1,1.4556964869177322,0.12158894532405425
Lower middle income,VLW,ARIMA,2015,3,65.00902146976568,65.40465737827472,62.507673985385274,68.30164077116416,-0.3956359085090355,0.3956359085090355,0.6085861616807098,1,1.4556964869177322,0.27178461448838726
Lower middle income,VLW,ARIMA,2015,4,68.11551302116776,68.69630249411581,64.45555303743856,72.93705195079306,-0.5807894729480552,0.5807894729480552,0.8526537453627744,1,1.4556964869177322,0.3989770382545947
Lower middle income,VLW,ARIMA,2015,5,72.52871319836039,71.9879476099569,66.24594570154272,77.72994951837109,0.5407655884034881,0.5407655884034881,0.7455882843592389,1,1.4556964869177322,0.37148237511275184
Lower middle income,VLW,ARIMA,2015,6,80.03472071542032,75.279592725798,67.89370530034924,82.66548015124675,4.7551279896223235,4.7551279896223235,5.9413313960701455,1,1.4556964869177322,3.2665655460162255
Lower middle income,VLW,Naive,2015,1,58.91214251617243,55.52972203075145,52.4171784891611,58.6422655723418,3.3824204854209796,3.3824204854209796,5.741465750447703,0,1.4556964869177322,2.3235753577882576
Lower middle income,VLW,Naive,2015,2,62.290008862989886,55.52972203075145,51.127920740757595,59.931523320745306,6.760286832238435,6.760286832238435,10.852923214552815,0,1.4556964869177322,4.644022220973106
Lower middle income,VLW,Naive,2015,3,65.00902146976568,55.52972203075145,50.1386384759466,60.9208055855563,9.479299439014234,9.479299439014234,14.581513803315522,0,1.4556964869177322,6.511865298985193
Lower middle income,VLW,Naive,2015,4,68.11551302116776,55.52972203075145,49.30463494757076,61.75480911393214,12.585790990416307,12.585790990416307,18.477128677728835,0,1.4556964869177322,8.645889513043514
Lower middle income,VLW,Naive,2015,5,72.52871319836039,55.52972203075145,48.56986308882749,62.48958097267541,16.998991167608942,16.998991167608942,23.437602044748846,0,1.4556964869177322,11.677565564235389
Lower middle income,VLW,Naive,2015,6,80.03472071542032,55.52972203075145,47.90557855165987,63.15386550984303,24.50499868466887,24.50499868466887,30.617959887436058,0,1.4556964869177322,16.83386537296339
Lower middle income,VLW,Drift,2015,1,58.91214251617243,56.98541851766918,55.69056399454111,58.280273040797255,1.926723998503249,1.926723998503249,3.270504035690654,0,1.4556964869177322,1.323575357788259
Lower middle income,VLW,Drift,2015,2,62.290008862989886,58.44111500458691,56.57503102647493,60.30719898269889,3.848893858402974,3.848893858402974,6.178990705987562,0,1.4556964869177322,2.6440222209731084
Lower middle income,VLW,Drift,2015,3,65.00902146976568,59.89681149150465,57.56939585782358,62.22422712518572,5.112209978261035,5.112209978261035,7.863846990280596,0,1.4556964869177322,3.5118652989851915
Lower middle income,VLW,Drift,2015,4,68.11551302116776,61.35250797842238,58.61747039336516,64.08754556347961,6.763005042745377,6.763005042745377,9.928729510770458,0,1.4556964869177322,4.645889513043514
Lower middle income,VLW,Drift,2015,5,72.52871319836039,62.80820446534011,59.69806450182014,65.91834442886008,9.720508733020282,9.720508733020282,13.402290354215227,0,1.4556964869177322,6.6775655642353895
Lower middle income,VLW,Drift,2015,6,80.03472071542032,64.26390095225784,60.80059566179785,67.72720624271784,15.770819763162478,15.770819763162478,19.704972569641154,0,1.4556964869177322,10.833865372963393
Lower middle income,VLW,ETS,2016,1,62.290008862989886,62.187243355058364,61.327266833339586,63.04721987677714,0.10276550793152239,0.10276550793152239,0.16497911913539853,1,1.5298012560909335,0.06717572463897485
Lower middle income,VLW,ETS,2016,2,65.00902146976568,65.35837150311487,63.46026909511202,67.25647391111772,-0.34935003334918235,0.34935003334918235,0.5373870048354099,1,1.5298012560909335,0.22836301902501283
Lower middle income,VLW,ETS,2016,3,68.11551302116776,68.4287792612141,65.29143083272761,71.5661276897006,-0.31326624004634596,0.31326624004634596,0.4599043979144582,1,1.5298012560909335,0.20477577646055023
Lower middle income,VLW,ETS,2016,4,72.52871319836039,71.40166567918295,66.86398136485597,75.93934999350994,1.127047519177438,1.127047519177438,1.5539328763424365,1,1.5298012560909335,0.7367280649627371
Lower middle income,VLW,ETS,2016,5,80.03472071542032,74.28012819961866,68.20864496283289,80.35161143640443,5.7545925158016615,5.7545925158016615,7.1901200683429405,1,1.5298012560909335,3.761660211017372
Lower middle income,VLW,ETS,2016,6,83.19346132803986,77.06716588510615,69.34885407764025,84.78547769257204,6.12629544293371,6.12629544293371,7.363914597539265,1,1.5298012560909335,4.004634862562535
Lower middle income,VLW,ARIMA,2016,1,62.290008862989886,62.29456300159343,61.53512060013226,63.0540054030546,-0.004554138603545255,0.004554138603545255,0.0073111863149069685,1,1.5298012560909335,0.002976947878303056
Lower middle income,VLW,ARIMA,2016,2,65.00902146976568,65.67698348701443,63.978818652351556,67.37514832167729,-0.6679620172487404,0.6679620172487404,1.0274912652844579,1,1.5298012560909335,0.43663319963245983
Lower middle income,VLW,ARIMA,2016,3,68.11551302116776,69.05940397243542,66.21783070117888,71.90097724369195,-0.9438909512676616,0.9438909512676616,1.385720975153392,1,1.5298012560909335,0.6170023377282123
Lower middle income,VLW,ARIMA,2016,4,72.52871319836039,72.44182445785641,68.28218711379463,76.60146180191819,0.08688874050397999,0.08688874050397999,0.1197990929004159,1,1.5298012560909335,0.05679740434127033
Lower middle income,VLW,ARIMA,2016,5,80.03472071542032,75.8242449432774,70.19206935452476,81.45642053203005,4.210475772142914,4.210475772142914,5.260811475951936,1,1.5298012560909335,2.7523024676433114
Lower middle income,VLW,ARIMA,2016,6,83.19346132803986,79.2066654286984,71.96204664897802,86.45128420841878,3.986795899341459,3.986795899341459,4.7921986123658655,1,1.5298012560909335,2.6060874793166455
Lower middle income,VLW,Naive,2016,1,62.290008862989886,58.91214251617243,55.594663034389285,62.229621997955576,3.3778663468174557,3.3778663468174557,5.422806014118971,0,1.5298012560909335,2.2080426025069695
Lower middle income,VLW,Naive,2016,2,65.00902146976568,58.91214251617243,54.220518040140234,63.603766992204626,6.096878953593254,6.096878953593254,9.378512113782213,0,1.5298012560909335,3.9854059011380807
Lower middle income,VLW,Naive,2016,3,68.11551302116776,58.91214251617243,53.16609950065675,64.6581855316881,9.203370504995327,9.203370504995327,13.511416264508297,0,1.5298012560909335,6.016056313427596
Lower middle income,VLW,Naive,2016,4,72.52871319836039,58.91214251617243,52.27718355260614,65.54710147973873,13.616570682187962,13.616570682187962,18.77404145437918,0,1.5298012560909335,8.900875605882346
Lower middle income,VLW,Naive,2016,5,80.03472071542032,58.91214251617243,51.49403288094454,66.33025215140032,21.12257819924789,21.12257819924789,26.391768485522054,0,1.5298012560909335,13.807400219569654
Lower middle income,VLW,Naive,2016,6,83.19346132803986,58.91214251617243,50.78601055365096,67.038274478693893,24.28131881186743,24.28131881186743,29.18657118511254,0,1.5298012560909335,15.872204781628257
Lower middle income,VLW,Drift,2016,1,62.290008862989886,60.441943772263365,58.96655296581879,61.91733457870794,1.8480650907265215,1.8480650907265215,2.966872415753603,0,1.5298012560909335,1.208042602506969
Lower middle income,VLW,Drift,2016,2,65.00902146976568,61.9717450283543,59.84693941826938,64.09655063843921,3.037276441411386,3.037276441411386,4.672084539564956,0,1.5298012560909335,1.9854059011380796
Lower middle income,VLW,Drift,2016,3,68.11551302116776,63.50154628444523,60.85313873523353,66.14995383365694,4.613966736722524,4.613966736722524,6.773738509887867,0,1.5298012560909335,3.0160563134275944
Lower middle income,VLW,Drift,2016,4,72.52871319836039,65.03134754053616,61.92095061571117,68.14174446536114,7.497365657824233,7.497365657824233,10.337100063142607,0,1.5298012560909335,4.900875605882349
Lower middle income,VLW,Drift,2016,5,80.03472071542032,66.5611487966271,63.02613559575133,70.09616199750286,13.473571918793226,13.473571918793226,16.834658506151655,0,1.5298012560909335,8.807400219569658
Lower middle income,VLW,Drift,2016,6,83.19346132803986,68.09095005271803,64.15657456886584,72.02532553657022,15.102511275321831,15.102511275321831,18.153483500068795,0,1.5298012560909335,9.872204781628259
Lower middle income,VLW,ETS,2017,1,65.00902146976568,65.5999703520308,64.78841038536194,66.41153031869965,-0.5909488822651099,0.5909488822651099,0.9090259611736314,1,1.5982481113030271,0.3697478996445166
Lower middle income,VLW,ETS,2017,2,68.11551302116776,68.84373920963372,67.04766517780502,70.63981324146243,-0.7282261884659675,0.7282261884659675,1.069104754800367,1,1.5982481113030271,0.45564026218198117
Lower middle income,VLW,ETS,2017,3,72.52871319836039,72.02263268558582,69.04317828702517,75.00208708414647,0.5060805127745738,0.5060805127745738,0.6977657405701972,1,1.5982481113030271,0.31664702695126234
Lower middle income,VLW,ETS,2017,4,80.03472071542032,75.13794828761003,70.81173456574044,79.46416200947962,4.896772427810291,4.896772427810291,6.118310133450403,0,1.5982481113030271,3.063837456262049
Lower middle income,VLW,ETS,2017,5,83.19346132803986,78.19095757327311,72.37904868663624,84.00286645990998,5.0025037547667495,5.0025037547667495,6.013097273403968,1,1.5982481113030271,3.1299919702006
Lower middle income,VLW,ETS,2017,6,88.58585141197354,81.182906668988707,73.76441154637314,88.60140179160427,7.402944742984829,7.402944742984829,8.35680261011097,1,1.5982481113030271,4.631912085883412
Lower middle income,VLW,ARIMA,2017,1,65.00902146976568,65.66787520980732,64.92317860919715,66.41257181041749,-0.6588537400416357,0.6588537400416357,1.013480475702983,1,1.5982481113030271,0.41223495612610633
Lower middle income,VLW,ARIMA,2017,2,68.11551302116776,69.04574155662476,67.3805493350474,70.71093377820212,-0.9302285354570046,0.9302285354570046,1.3656632596570537,1,1.5982481113030271,0.5820301171503363
Lower middle income,VLW,ARIMA,2017,3,72.52871319836039,72.4236079034422,69.6372083668637,75.2100074400207,0.10510529491818943,0.10510529491818943,0.14491542767446408,1,1.5982481113030271,0.06576281503157773
Lower middle income,VLW,ARIMA,2017,4,80.03472071542032,75.80147425025964,71.72260298374356,79.88034551677573,4.233246465160676,4.233246465160676,5.289262494227776,0,1.5982481113030271,2.6486791601520334
Lower middle income,VLW,ARIMA,2017,5,83.19346132803986,79.17934059707709,73.65652279428662,84.70215839986756,4.014120730962773,4.014120730962773,4.8250435393410385,1,1.5982481113030271,2.511575457261215
Lower middle income,VLW,ARIMA,2017,6,88.58585141197354,82.55720694389453,75.45325413905468,89.66115974873438,6.028644468079008,6.028644468079008,6.805425891367747,1,1.5982481113030271,3.7720329061824747
Lower middle income,VLW,Naive,2017,1,65.00902146976568,62.290008862989886,58.794093811429704,65.78592391455007,2.7190126067757987,2.7190126067757987,4.182515819039598,1,1.5982481113030271,1.7012456248479653
Lower middle income,VLW,Naive,2017,2,68.11551302116776,62.290008862989886,57.34603838416924,67.23397934181054,5.825504158177871,5.825504158177871,8.552389756453161,0,1.5982481113030271,3.6449310447978114
Lower middle income,VLW,Naive,2017,3,72.52871319836039,62.290008862989886,56.23490637474288,68.3451113512369,10.238704335370507,10.238704335370507,14.116759947702985,0,1.5982481113030271,6.406204557953801
Lower middle income,VLW,Naive,2017,4,80.03472071542032,62.290008862989886,55.29817875986952,69.28183896611024,17.744711852430434,17.744711852430434,22.171267287263184,0,1.5982481113030271,11.102601484048334
Lower middle income,VLW,Naive,2017,5,83.19346132803986,62.290008862989886,54.47290516413664,70.10711256184314,20.903452465049973,20.903452465049973,25.12631657748394,0,1.5982481113030271,13.07897836213159
Lower middle income,VLW,Naive,2017,6,88.58585141197354,62.290008862989886,53.7268008025519,70.85321692342788,26.29584254898365,26.29584254898365,29.68402078870738,0,1.5982481113030271,16.452916392026925
Lower middle income,VLW,Drift,2017,1,65.00902146976568,63.888256974292915,62.27763466533381,65.49887928325202,1.1207644954727698,1.1207644954727698,1.7240137909074873,1,1.5982481113030271,0.7012456248479642
Lower middle income,VLW,Drift,2017,2,68.11551302116776,65.48650508559594,63.16842363686378,67.8045865343281,2.6290079355718206,2.6290079355718206,3.859631703507574,0,1.5982481113030271,1.6449310447978136
Lower middle income,VLW,Drift,2017,3,72.52871319836039,67.08475319689897,64.19716040314876,69.97234599064919,5.44396000146142,5.44396000146142,7.505937664401424,0,1.5982481113030271,3.406204557953798
Lower middle income,VLW,Drift,2017,4,80.03472071542032,68.683001308202,65.29358014216156,72.07242247424243,11.351719407218326,11.351719407218326,14.183493496006147,0,1.5982481113030271,7.102601484048333
Lower middle income,VLW,Drift,2017,5,83.19346132803986,70.28124941950502,66.43112569450471,74.13137314450532,12.912211908534843,12.912211908534843,15.520705236221321,0,1.5982481113030271,8.078978362131593
Lower middle income,VLW,Drift,2017,6,88.58585141197354,71.87949753080805,67.5965052691363,76.1624897924798,16.706353881165484,16.706353881165484,18.858941484314055,0,1.5982481113030271,10.452916392026923
Lower middle income,VLW,ETS,2018,1,68.11551302116776,67.67377699414162,66.84657314303432,68.50098084524892,0.44173602702613834,0.44173602702613834,0.6485101666765151,1,1.638275414712769,0.26963477755880616
Lower middle income,VLW,ETS,2018,2,72.52871319836039,70.28517932359291,68.45042413618378,72.11993451100204,2.243533874767479,2.243533874767479,3.0933043974344177,0,1.638275414712769,1.3694485399824103
Lower middle income,VLW,ETS,2018,3,80.03472071542032,72.84435347426282,69.79783495818613,75.8908719903395,7.190367241157503,7.190367241157503,8.984059889112766,0,1.638275414712769,4.388985622675755
Lower middle income,VLW,ETS,2018,4,83.19346132803986,75.35234401237084,70.92641103871624,79.77827698602543,7.841117315669024,7.841117315669024,9.425160572116047,0,1.638275414712769,4.786202152123347
Lower middle income,VLW,ETS,2018,5,88.58585141197354,77.81017461275918,71.86229788853426,83.75805133698411,10.775676799214352,10.775676799214352,12.164105923756892,0,1.638275414712769,6.577451326218919
Lower middle income,VLW,ARIMA,2018,1,68.11551302116776,67.72803407654149,66.95615731510492,68.49991083797806,0.38747894462626675,0.38747894462626675,0.568855650409405,1,1.638275414712769,0.23651636418788693
Lower middle income,VLW,ARIMA,2018,2,72.52871319836039,70.4470466833173,68.72107777449273,72.17301559214187,2.0816665150430964,2.0816665150430964,2.8701274615887646,0,1.638275414712769,1.2706450309565716
Lower middle income,VLW,ARIMA,2018,3,80.03472071542032,73.1660592900931,70.27796090398478,76.05415767620143,6.868661425327218,6.868661425327218,8.582102072611882,0,1.638275414712769,4.192617043289677
Lower middle income,VLW,ARIMA,2018,4,83.19346132803986,75.88507189686891,71.65732875834044,80.11281503539738,7.308389431170951,7.308389431170951,8.784812309170869,0,1.638275414712769,4.461026128779633
Lower middle income,VLW,ARIMA,2018,5,88.58585141197354,78.60408450364471,72.87969323325447,84.32847577403496,9.981766908328822,9.981766908328822,11.267901983475948,0,1.638275414712769,6.092850334373649
Lower middle income,VLW,Naive,2018,1,68.11551302116776,65.00902146976568,61.4314204484937,68.58662249103767,3.1064915514020726,3.1064915514020726,4.56062270343129,1,1.638275414712769,1.8961961606111992
Lower middle income,VLW,Naive,2018,2,72.52871319836039,65.00902146976568,59.94952958472301,70.06851335480836,7.519691728594708,7.519691728594708,10.367882452331582,0,1.638275414712769,4.590004623803196
Lower middle income,VLW,Naive,2018,3,80.03472071542032,65.00902146976568,58.8124347317123,71.20560820781907,15.025699245654636,15.025699245654636,18.773975983600362,0,1.638275414712769,9.171656432559613
Lower middle income,VLW,Naive,2018,4,83.19346132803986,65.00902146976568,57.853819427221715,72.16422351230966,18.184439858274175,18.184439858274175,21.858015723821335,0,1.638275414712769,11.099745314472882
Lower middle income,VLW,Naive,2018,5,88.58585141197354,65.00902146976568,57.009262389828855,73.00878054970252,23.57682994220785,23.57682994220785,26.614667654502146,0,1.638275414712769,14.39124931649021
Lower middle income,VLW,Drift,2018,1,68.11551302116776,66.64729688447845,65.0122656507413,68.2823281182156,1.468216136689307,1.468216136689307,2.1554798188674584,1,1.638275414712769,0.8961961606112012
Lower middle income,VLW,Drift,2018,2,72.52871319836039,68.28557229919122,65.93375987911321,70.63738471926922,4.243140899169177,4.243140899169177,5.850291163396924,0,1.638275414712769,2.5900046238032
Lower middle income,VLW,Drift,2018,3,80.03472071542032,69.923847713904,66.99586486357659,72.8518305642314,10.110873001516325,10.110873001516325,12.633108369888093,0,1.638275414712769,6.171656432559611
Lower middle income,VLW,Drift,2018,4,83.19346132803986,71.56212312861676,68.12708122595666,74.99716503127686,11.631338199423098,11.631338199423098,13.981072567181222,0,1.638275414712769,7.099745314472881
Lower middle income,VLW,Drift,2018,5,88.58585141197354,73.20039854332953,69.3003588559813,77.10043823067775,15.385452868644009,15.385452868644009,17.367844439506584,0,1.638275414712769,9.391249316490212
Lower middle income,VLW,ETS,2019,1,72.52871319836039,71.15353424247282,70.32375889797105,71.98330958697458,1.375178955887577,1.375178955887577,1.8960476413342253,0,1.6889035573572275,0.8142436256333296
Lower middle income,VLW,ETS,2019,2,80.03472071542032,74.13083747190537,72.30096328027065,75.96071166354008,5.903883243514954,5.903883243514954,7.37665252123189,0,1.6889035573572275,3.4956899805180512
Lower middle income,VLW,ETS,2019,3,83.19346132803986,77.04859458179028,74.01773219560809,80.07945696797248,6.144866746249576,6.144866746249576,7.3862376299259545,0,1.6889035573572275,3.6383763415508326
Lower middle income,VLW,ETS,2019,4,88.58585141197354,79.90799649561771,75.51090808827684,84.30508490295858,8.677854916355827,8.677854916355827,9.795982967978677,0,1.6889035573572275,5.13815894255964
Lower middle income,VLW,ARIMA,2019,1,72.52871319836039,71.22200457256986,70.45056836075943,71.99344078438028,1.3067086257905345,1.3067086257905345,1.8016431950430278,0,1.6889035573572275,0.7737023349250645
Lower middle income,VLW,ARIMA,2019,2,80.03472071542032,74.32849612397195,72.6035123140589,76.05347993388499,5.706224591448375,5.706224591448375,7.129686391657458,0,1.6889035573572275,3.378656268790975
Lower middle income,VLW,ARIMA,2019,3,83.19346132803986,77.43498767537403,74.54853767502864,80.32143767571942,5.758473652665828,5.758473652665828,6.921786352847622,0,1.6889035573572275,3.4095929442392827
Lower middle income,VLW,ARIMA,2019,4,88.58585141197354,80.54147922677612,76.31614907792707,84.76680937562517,8.044372185197417,8.044372185197417,9.08087697637697,0,1.6889035573572275,4.763073741040097
Lower middle income,VLW,Naive,2019,1,72.52871319836039,68.11551302116776,64.42279136062932,71.8082346817062,4.4132001771926355,4.4132001771926355,6.084762823687325,0,1.6889035573572275,2.6130563571660357
Lower middle income,VLW,Naive,2019,2,80.03472071542032,68.11551302116776,62.8932159667654,73.33781007557012,11.919207694252563,11.919207694252563,14.892546119619412,0,1.6889035573572275,7.057364313272909
Lower middle income,VLW,Naive,2019,3,83.19346132803986,68.11551302116776,61.71953148690507,74.51149455543045,15.077948306872102,15.077948306872102,18.123958381077923,0,1.6889035573572275,8.927655010962178
Lower middle income,VLW,Naive,2019,4,88.58585141197354,68.11551302116776,60.73006970009088,75.50095634224463,20.47033839080578,20.47033839080578,23.107909518877126,0,1.6889035573572275,12.120489830003956
Lower middle income,VLW,Drift,2019,1,72.52871319836039,69.80441657852498,68.11025608446883,71.49857707258113,2.724296619835414,2.724296619835414,3.7561629039035536,0,1.6889035573572275,1.613056357166039
Lower middle income,VLW,Drift,2019,2,80.03472071542032,71.49332013588221,69.0578109739445,73.92882929781993,8.541400579538106,8.541400579538106,10.672118929369152,0,1.6889035573572275,5.057364313272908
Lower middle income,VLW,Drift,2019,3,83.19346132803986,73.18222369323944,70.15161726963609,76.21283011684278,10.011237634800423,10.011237634800423,12.033683266675425,0,1.6889035573572275,5.927655010962181
Lower middle income,VLW,Drift,2019,4,88.58585141197354,74.87112725059667,71.31742621782386,78.42482828336948,13.714724161376864,13.714724161376864,15.481844947897786,0,1.6889035573572275,8.120489830003953
Lower middle income,VLW,ETS,2020,1,80.03472071542032,76.85342128269613,75.88248884904174,77.82435371635053,3.181299432724188,3.181299432724188,3.974899149127968,0,1.7797134446850744,1.787534640604532
Lower middle income,VLW,ETS,2020,2,83.19346132803986,81.09176942423657,78.93822135586294,83.24531749261021,2.1016919038032853,2.1016919038032853,2.5262705388781828,1,1.7797134446850744,1.1809158997364242
Lower middle income,VLW,ETS,2020,3,88.58585141197354,85.24535053034643,81.66949245997061,88.82120860072224,3.340500881627108,3.340500881627108,3.7709192025393747,1,1.7797134446850744,1.8769880576017222
Lower middle income,VLW,ARIMA,2020,1,80.03472071542032,76.94191337555304,76.04705392080866,77.83677283029742,3.092807339867278,3.092807339867278,3.864332020179569,0,1.7797134446850744,1.737811977036876
Lower middle income,VLW,ARIMA,2020,2,83.19346132803986,81.35511355274568,79.35414698162886,83.3560801238625,1.8383477752941815,1.8383477752941815,2.20972627649834,1,1.7797134446850744,1.0329459390129418
Lower middle income,VLW,ARIMA,2020,3,88.58585141197354,85.76831372993831,82.42005624096952,89.11657121890711,2.8175376820352227,2.8175376820352227,3.1805730115208846,1,1.7797134446850744,1.5831412020005244
Lower middle income,VLW,Naive,2020,1,80.03472071542032,72.52871319836039,68.56947443914983,76.48795195757096,7.506007517059928,7.506007517059928,9.3784390698995,0,1.7797134446850744,4.217537120639181
Lower middle income,VLW,Naive,2020,2,83.19346132803986,72.52871319836039,66.92950404841159,78.1279223483092,10.664748129679467,10.664748129679467,12.81921434621807,0,1.7797134446850744,5.9923962262175445
Lower middle income,VLW,Naive,2020,3,88.58585141197354,72.52871319836039,65.67111050811174,79.38631588860905,16.057138213613143,16.057138213613143,18.126075392038068,0,1.7797134446850744,9.022316632807424
Lower middle income,VLW,Drift,2020,1,80.03472071542032,74.30842664304546,72.37189428509734,76.24495900099359,5.726294072374856,5.726294072374856,7.154762359621214,0,1.7797134446850744,3.2175371206391827
Lower middle income,VLW,Drift,2020,2,83.19346132803986,76.08814008773054,73.30564825545937,78.8706319200017,7.105321240309323,7.105321240309323,8.540720781279138,0,1.7797134446850744,3.992396226217547
Lower middle income,VLW,Drift,2020,3,88.58585141197354,77.86785353241561,74.40717301121363,81.32853405361759,10.717997879557927,10.717997879557927,12.098995165394154,0,1.7797134446850744,6.022316632807429
Lower middle income,VLW,ETS,2021,1,83.19346132803986,87.38999925340909,85.76949862621929,89.01049988059889,-4.196537925369228,4.196537925369228,5.044312207208056,0,1.9644326083100703,2.1362595528178265
Lower middle income,VLW,ETS,2021,2,88.58585141197354,94.5984838867851,91.00423128536617,98.19273648820403,-6.012632474811568,6.012632474811568,6.787350777777683,0,1.9644326083100703,3.060747642538889
Lower middle income,VLW,ARIMA,2021,1,83.19346132803986,89.77460205519708,88.62031412925998,90.92888998113418,-6.581140727157219,6.581140727157219,7.910646608640485,0,1.9644326083100703,3.3501483834656636
Lower middle income,VLW,ARIMA,2021,2,88.58585141197354,100.67416712174159,97.22426124756973,104.12407299591345,-12.088315709768054,12.088315709768054,13.645876307663011,0,1.9644326083100703,6.153591453649912
Lower middle income,VLW,Naive,2021,1,83.19346132803986,80.03472071542032,75.32818610806457,84.74125532277607,3.158740612619539,3.158740612619539,3.7968616309451524,1,1.9644326083100703,1.6079658824931073
Lower middle income,VLW,Naive,2021,2,88.58585141197354,80.03472071542032,73.37867564191949,86.69076578892115,8.551130696553216,8.551130696553216,9.652930530391018,0,1.9644326083100703,4.352977373914314
Lower middle income,VLW,Drift,2021,1,83.19346132803986,81.9991533237304,79.20348127562356,84.79482537183723,1.1943080043094625,1.1943080043094625,1.4355791732239516,1,1.9644326083100703,0.6079658824931042
Lower middle income,VLW,Drift,2021,2,88.58585141197354,83.96358593204046,79.94860762715922,87.9785642369217,4.622265479933077,4.622265479933077,5.217837167288677,0,1.9644326083100703,2.3529773739143147
Lower middle income,VLW,ETS,2022,1,88.58585141197354,87.39916480446338,85.38653159840632,89.41179801052044,1.186686607510154,1.186686607510154,1.3395893233462313,1,2.00175473344474,0.5928231804243231
Lower middle income,VLW,ARIMA,2022,1,88.58585141197354,87.56666708526537,85.70168391916502,89.43165025136571,1.0191843267081708,1.0191843267081708,1.1505046352926003,1,2.00175473344474,0.5091454560740801
Lower middle income,VLW,Naive,2022,1,88.58585141197354,83.19346132803986,78.43352366373439,87.95339899234533,5.392390083933677,5.392390083933677,6.087191123620927,0,2.00175473344474,2.693831563797093
Lower middle income,VLW,Drift,2022,1,88.58585141197354,85.1952160614846,82.41441503453026,87.97601708843894,3.3906353504889353,3.3906353504889353,3.8275134194066647,0,2.00175473344474,1.693831563797092
Upper middle income,DALY,ETS,2009,1,3348797.3316512313,3329449.3134243554,3281683.5797761446,3377215.047072566,19348.018226875924,19348.018226875924,0.5777602019688592,1,70168.23615635755,0.27573755999455757
Upper middle income,DALY,ETS,2009,2,3402457.1736126095,3375627.204232336,3271412.956835915,3479841.451628757,26829.969380273484,26829.969380273484,0.7885468651405938,1,70168.23615635755,0.38236630774767694
Upper middle income,DALY,ETS,2009,3,3466589.268246044,3419002.423984969,3248645.3349326835,3589359.5130372546,47586.844261074904,47586.844261074904,1.3727280787767497,1,70168.23615635755,0.678182135789134
Upper middle income,DALY,ETS,2009,4,3495569.7989281,3459745.074973785,3215988.0883283764,3703502.0616191933,35824.7239543153,35824.7239543153,1.0248607813610466,1,70168.23615635755,0.5105547170159188
Upper middle income,DALY,ETS,2009,5,3588929.4954899442,3498014.935485458,3175277.013635079,3820752.857335837,90914.56000448624,90914.56000448624,2.5331943722699126,1,70168.23615635755,1.2956654603929214
Upper middle income,DALY,ETS,2009,6,3726171.7118777214,3533962.086395814,3127888.5276241153,3940035.645167513,192209.62548190728,192209.62548190728,5.158367363189699,1,70168.23615635755,2.739268307295084
Upper middle income,DALY,ARIMA,2009,1,3348797.3316512313,3350849.1916118236,3319682.1800001706,3382016.2032234767,-2051.859960592352,2051.859960592352,0.06127154788374777,1,70168.23615635755,0.02924200568502454
Upper middle income,DALY,ARIMA,2009,2,3402457.1736126095,3421391.341439622,3358717.706451509,3484064.976427735,-18934.167827012483,18934.167827012483,0.5564851182802354,1,70168.23615635755,0.26983958645933503
Upper middle income,DALY,ARIMA,2009,3,3466589.268246044,3491933.4912674204,3408960.083283624,3574906.8992512166,-25344.223021376412,25344.223021376412,0.731099679259077,1,70168.23615635755,0.3611922489386975
Upper middle income,DALY,ARIMA,2009,4,3495569.7989281,3562475.641095219,3463272.8773118057,3661678.4048786326,-66905.84216711903,66905.84216711903,1.9140182006274167,1,70168.23615635755,0.9535061137639422
Upper middle income,DALY,ARIMA,2009,5,3588929.4954899442,3633017.790923017,3519890.472153013,3746145.109693021,-44088.29543307284,44088.29543307284,1.2284525368491281,1,70168.23615635755,0.6283226976780468
Upper middle income,DALY,ARIMA,2009,6,3726171.7118777214,3703559.940750816,3578043.4391985806,3829076.4423030512,22611.771126905456,22611.771126905456,0.6068365302336203,1,70168.23615635755,0.3222508126970601
Upper middle income,DALY,Naive,2009,1,3348797.3316512313,3280286.08036941,3137486.410356905,3423085.7503819154,68511.25128182117,68511.25128182117,2.0458464486424894,1,70168.23615635755,0.976385541873333
Upper middle income,DALY,Naive,2009,2,3402457.1736126095,3280286.08036941,3078336.850335323,3482235.3104034974,122171.0932431994,122171.0932431994,3.59067247607653,1,70168.23615635755,1.7411167778389447
Upper middle income,DALY,Naive,2009,3,3466589.268246044,3280286.08036941,3032949.7966036815,3527622.3641351387,186303.18787663383,186303.18787663383,5.374250407545277,1,70168.23615635755,2.6550929320995045
Upper middle income,DALY,Naive,2009,4,3495569.7989281,3280286.08036941,2994686.7403444,3565885.42039442,215283.71855869005,215283.71855869005,6.15875897041752,1,70168.23615635755,3.0681078840141884
Upper middle income,DALY,Naive,2009,5,3588929.4954899442,3280286.08036941,2960976.3110569105,3599595.8496819097,308643.41512053413,308643.41512053413,8.599874015591368,1,70168.23615635755,4.398620116839999
Upper middle income,DALY,Naive,2009,6,3726171.7118777214,3280286.08036941,2930499.7534009563,3630072.407337864,445885.63150831126,445885.63150831126,11.966320019203225,0,70168.23615635755,6.354522443955035
Upper middle income,DALY,Drift,2009,1,3348797.3316512313,3350454.3165257676,3309929.8288593222,3390978.804192213,-1656.9848745362833,1656.9848745362833,0.04947999865131445,1,70168.23615635755,0.023614458126665523
Upper middle income,DALY,Drift,2009,2,3402457.1736126095,3420622.552682125,3361896.990860048,3479348.114504202,-18165.379069515504,18165.379069515504,0.533890013675856,1,70168.23615635755,0.2588832221610524
Upper middle income,DALY,Drift,2009,3,3466589.268246044,3490790.788838483,3417174.401178723,3564407.1764982427,-24201.52059243899,24201.52059243899,0.6981363732393944,1,70168.23615635755,0.3449070679004979
Upper middle income,DALY,Drift,2009,4,3495569.7989281,3560959.0249948404,3474043.6819138383,3647874.3680758425,-65389.22606674023,65389.22606674023,1.8706313942519908,1,70168.23615635755,0.9318921159858125
Upper middle income,DALY,Drift,2009,5,3588929.4954899442,3631127.261151198,3531862.9442806966,3730391.578021699,-42197.765661253594,42197.765661253594,1.1757758327178547,1,70168.23615635755,0.60137988316
Upper middle income,DALY,Drift,2009,6,3726171.7118777214,3701295.4973075553,3590314.6171762953,3812276.3774388153,24876.214570166077,24876.214570166077,0.6676078424102002,1,70168.23615635755,0.35452244395503707
Upper middle income,DALY,ETS,2010,1,3402457.1736126095,3413002.8255792465,3365772.966409308,3460232.684749185,-10545.651966637,10545.651966637,0.3099422396385374,1,70085.38691263073,0.15046862735855815
Upper middle income,DALY,ETS,2010,2,3466589.268246044,3474298.6707929857,3373526.860970735,3575070.4806152363,-7709.402546941768,7709.402546941768,0.22239157714932922,1,70085.38691263073,0.11000014249122148
Upper middle income,DALY,ETS,2010,3,3495569.7989281,3532815.1629276415,3369185.9555503875,3696444.3703048956,-37245.36399954138,37245.36399954138,1.0655019393680107,1,70085.38691263073,0.5314283852919567
Upper middle income,DALY,ETS,2010,4,3588929.4954899442,3588678.326895853,3354871.667976413,3822484.985815293,251.16859409119934,251.16859409119934,0.006998426533784859,1,70085.38691263073,0.0035837512662134415
Upper middle income,DALY,ETS,2010,5,3726171.7118777214,3642008.4732306353,3332130.7693043277,3951886.177156943,84163.23864708608,84163.23864708608,2.258705318888106,1,70085.38691263073,1.2008671472700148
Upper middle income,DALY,ETS,2010,6,3932903.268846598,3692920.457193943,3302142.982732176,4083697.9316557106,239982.81165265478,239982.81165265478,6.101925098275669,1,70085.38691263073,3.424149059087313
Upper middle income,DALY,ARIMA,2010,1,3402457.1736126095,3417819.6653616447,3387507.2494159746,3448132.081307315,-15362.491749035195,15362.491749035195,0.45151168597146046,1,70085.38691263073,0.21919678874265558
Upper middle income,DALY,ARIMA,2010,2,3466589.268246044,3488191.928358039,3427342.814995899,3549041.041720179,-21602.66011199495,21602.66011199495,0.6231675702072728,1,70085.38691263073,0.30823344299896754
Upper middle income,DALY,ARIMA,2010,3,3495569.7989281,3558564.1913544326,3478026.084638085,3639102.29807078,-62994.39242633246,62994.39242633246,1.8021208572533551,1,70085.38691263073,0.8988234951868357
Upper middle income,DALY,ARIMA,2010,4,3588929.4954899442,3628936.4543508263,3532654.791143604,3725218.1175580486,-40006.95886088209,40006.95886088209,1.114732371063771,1,70085.38691263073,0.5708316758064736
Upper middle income,DALY,ARIMA,2010,5,3726171.7118777214,3699308.71734722,3589518.322929292,3809099.111765148,26862.99453050131,26862.99453050131,0.7209274453152965,1,70085.38691263073,0.3832895231639234
Upper middle income,DALY,ARIMA,2010,6,3932903.268846598,3769680.980343614,3647870.870980969,3891491.0897062584,163222.28850298421,163222.28850298421,4.150172972620616,0,70085.38691263073,2.328906148530778
Upper middle income,DALY,Naive,2010,1,3402457.1736126095,3348797.3316512313,3206411.5570249315,3491183.106277531,53659.84196137823,53659.84196137823,1.5770908853028736,1,70085.38691263073,0.7656352390302308
Upper middle income,DALY,Naive,2010,2,3466589.268246044,3348797.3316512313,3147433.4380857195,3550161.225216743,117791.93659481267,117791.93659481267,3.3979201884049766,1,70085.38691263073,1.6806918215583726
Upper middle income,DALY,Naive,2010,3,3495569.7989281,3348797.3316512313,3102177.9357234286,3595416.727579034,146772.46727686888,146772.46727686888,4.198813804887431,1,70085.38691263073,2.0941950061549517
Upper middle income,DALY,Naive,2010,4,3588929.4954899442,3348797.3316512313,3064025.782398632,3633568.8809038308,240132.16383871296,240132.16383871296,6.690913380730295,1,70085.38691263073,3.426280062319761
Upper middle income,DALY,Naive,2010,5,3726171.7118777214,3348797.3316512313,3030413.0605578604,3667181.602744602,377374.3802264901,377374.3802264901,10.12767015066841,0,70085.38691263073,5.384494498074606
Upper middle income,DALY,Naive,2010,6,3932903.268846598,3348797.3316512313,3000024.837185873,3697569.8261165894,584105.9371953667,584105.9371953667,14.851774815368582,0,70085.38691263073,8.334204360225907
Upper middle income,DALY,Drift,2010,1,3402457.1736126095,3418882.718563862,3379481.386757607,3458284.050370117,-16425.54495125264,16425.54495125264,0.4827553768681994,1,70085.38691263073,0.23436476096977132
Upper middle income,DALY,Drift,2010,2,3466589.268246044,3488968.1054764926,3431934.9247761774,3546001.2861768077,-22378.83723044861,22378.83723044861,0.64555779467267,1,70085.38691263073,0.31930817844162485
Upper middle income,DALY,Drift,2010,3,3495569.7989281,3559053.4923891234,3487632.5132718883,3630474.4715063586,-63483.69346102327,63483.69346102327,1.8161186047691065,1,70085.38691263073,0.9058049938450479
Upper middle income,DALY,Drift,2010,4,3588929.4954899442,3629138.8793017543,3544895.2883294085,3713382.4702741,-40209.383811810054,40209.383811810054,1.1203726309569326,1,70085.38691263073,0.5737199376802407
Upper middle income,DALY,Drift,2010,5,3726171.7118777214,3699224.2662143847,3603094.859754401,3795353.6726743686,26947.445663336664,26947.445663336664,0.7231938769068991,1,70085.38691263073,0.38449449807460817
Upper middle income,DALY,Drift,2010,6,3932903.268846598,3769309.6531270156,3661919.7245612354,3876699.5816927957,163593.61571958242,163593.61571958242,4.159614527401267,0,70085.38691263073,2.334204360225908
Upper middle income,DALY,ETS,2011,1,3466589.268246044,3454546.5508483523,3408433.3406632594,3500659.761033445,12042.717397691682,12042.717397691682,0.347393834856727,1,69303.21810542823,0.17376851648319672
Upper middle income,DALY,ETS,2011,2,3495569.7989281,3504112.0820600493,3407264.865996015,3600959.298124084,-8542.283131949138,8542.283131949138,0.24437455474551215,1,69303.21810542823,0.12325954501786775
Upper middle income,DALY,ETS,2011,3,3588929.4954899442,3551276.942673493,3395252.5656868718,3707301.3196601146,37652.55281645106,37652.55281645106,1.049130468117789,1,69303.21810542823,0.5433016510022916
Upper middle income,DALY,ETS,2011,4,3726171.7118777214,3596157.407430029,3374323.022643374,3817991.792216684,130014.30444769235,130014.30444769235,3.4892193516807772,1,69303.21810542823,1.876021171915953
Upper middle income,DALY,ETS,2011,5,3932903.268846598,3638864.119388137,3345908.7200703993,3931819.5187058747,294039.149458461,294039.149458461,7.476389053033938,0,69303.21810542823,4.242792145830096
Upper middle income,DALY,ETS,2011,6,4105745.1459060865,3679502.3626899114,3311107.519568766,4047897.205811057,426242.78321617516,426242.78321617516,10.381618148929423,0,69303.21810542823,6.150403904299927
Upper middle income,DALY,ARIMA,2011,1,3466589.268246044,3461022.657761966,3430886.9537408226,3491158.361783109,5566.610484078061,5566.610484078061,0.16057888758464148,1,69303.21810542823,0.08032253964902175
Upper middle income,DALY,ARIMA,2011,2,3495569.7989281,3530209.1647887323,3468839.974180894,3591578.3553965706,-34639.365860632155,34639.365860632155,0.9909504845606045,1,69303.21810542823,0.49982333876526003
Upper middle income,DALY,ARIMA,2011,3,3588929.4954899442,3599395.6718154987,3518006.517409814,3680784.8262211834,-10466.176325554494,10466.176325554494,0.29162390452938386,1,69303.21810542823,0.1510200624397083
Upper middle income,DALY,ARIMA,2011,4,3726171.7118777214,3668582.178842265,3571205.5319813075,3765958.825703223,57589.5330354562,57589.5330354562,1.545541576945611,1,69303.21810542823,0.8309792042823688
Upper middle income,DALY,ARIMA,2011,5,3932903.268846598,3737768.685869032,3626682.105883442,3848855.2658546222,195134.58297756594,195134.58297756594,4.961591212356287,0,69303.21810542823,2.8156640963009174
Upper middle income,DALY,ARIMA,2011,6,4105745.1459060865,3806955.1928957985,3683674.029890633,3930236.355900964,298789.95301028807,298789.95301028807,7.277362388364923,0,69303.21810542823,4.311343126314146
Upper middle income,DALY,Naive,2011,1,3466589.268246044,3402457.1736126095,3261620.3563904273,3543293.9908347917,64132.09463343443,64132.09463343443,1.8500055723614097,1,69303.21810542823,0.9253840786422476
Upper middle income,DALY,Naive,2011,2,3495569.7989281,3402457.1736126095,3203283.8366155387,3601630.5106096803,93112.62531549064,93112.62531549064,2.663732400481409,1,69303.21810542823,1.343554135882148
Upper middle income,DALY,Naive,2011,3,3588929.4954899442,3402457.1736126095,3158520.6506074984,3646393.6966177206,186472.32187733473,186472.32187733473,5.195764422557384,1,69303.21810542823,2.6906733478618814
Upper middle income,DALY,Naive,2011,4,3726171.7118777214,3402457.1736126095,3120783.5391682447,3684130.8080569743,323714.53826511186,323714.53826511186,8.687590462705304,0,69303.21810542823,4.670988550238141
Upper middle income,DALY,Naive,2011,5,3932903.268846598,3402457.1736126095,3087536.4765690966,3717377.8706561225,530446.0952339885,530446.0952339885,13.487392365730683,0,69303.21810542823,7.653989377910878
Upper middle income,DALY,Naive,2011,6,4105745.1459060865,3402457.1736126095,3057478.8344206447,3747435.5128045743,703287.972293477,703287.972293477,17.12936257124333,0,69303.21810542823,10.147984343578289
Upper middle income,DALY,Drift,2011,1,3466589.268246044,3471760.391718038,3432732.185545023,3510788.5978910527,-5171.123471993953,5171.123471993953,0.14917035367764625,1,69303.21810542823,0.07461592135775469
Upper middle income,DALY,Drift,2011,2,3495569.7989281,3541063.609823466,3484628.9169371366,3597498.302709795,-45493.81089536566,45493.81089536566,1.3014705330534702,1,69303.21810542823,0.65644586411785
Upper middle income,DALY,Drift,2011,3,3588929.4954899442,3610366.827928894,3539762.1464107907,3680971.5094469977,-21437.33243894996,21437.33243894996,0.5973182941010502,1,69303.21810542823,0.3093266521381186
Upper middle income,DALY,Drift,2011,4,3726171.7118777214,3679670.0460343226,3596461.6308927103,3762878.461175935,46501.665843398776,46501.665843398776,1.2479743135606947,1,69303.21810542823,0.6709885502381382
Upper middle income,DALY,Drift,2011,5,3932903.268846598,3748973.264139751,3654101.0740338378,3843845.454245664,183930.00470684702,183930.00470684702,4.676697903144415,0,69303.21810542823,2.653989377910873
Upper middle income,DALY,Drift,2011,6,4105745.1459060865,3818276.482245179,3712369.459968024,3924183.504522334,287468.66366090765,287468.66366090765,7.0016197655996235,0,69303.21810542823,4.147984343578289
Upper middle income,DALY,ETS,2012,1,3495569.7989281,3526439.5518552414,3481286.8846424995,3571592.2190679833,-30869.752927141264,30869.752927141264,0.8831107574109185,1,69068.16703851942,0.4469461729008265
Upper middle income,DALY,ETS,2012,2,3588929.4954899442,3583966.187234947,3491087.6531902533,3676844.7212796407,4963.308254997246,4963.308254997246,0.13829495010237525,1,69068.16703851942,0.07186101018475272
Upper middle income,DALY,ETS,2012,3,3726171.7118777214,3639258.376828646,3490827.1680307547,3787689.585626537,86913.33504907554,86913.33504907554,2.3325101946329116,1,69068.16703851942,1.2583703719921198
Upper middle income,DALY,ETS,2012,4,3932903.268846598,3692402.9108325243,3482048.357801498,3902757.4638635507,240500.3580140737,240500.3580140737,6.115084495444639,0,69068.16703851942,3.4820723978377233
Upper middle income,DALY,ETS,2012,5,4105745.1459060865,3743483.208343681,3465953.7323544663,4021012.6843328956,362261.9375624056,362261.9375624056,8.823293328949646,0,69068.16703851942,5.244991333856762
Upper middle income,DALY,ETS,2012,6,4163097.716688447,3792579.4483001335,3443480.0923549407,4141678.804245326,370518.2683883137,370518.2683883137,8.90006177138316,0,69068.16703851942,5.36453020653748
Upper middle income,DALY,ARIMA,2012,1,3495569.7989281,3540304.3441794855,3510853.839758268,3569754.848600703,-44734.54525138531,44734.54525138531,1.2797497353679776,0,69068.16703851942,0.6476868747137416
Upper middle income,DALY,ARIMA,2012,2,3588929.4954899442,3609926.779254655,3549785.4413421554,3670068.1171671543,-20997.28376471065,20997.28376471065,0.5850570146640397,1,69068.16703851942,0.30400812219325923
Upper middle income,DALY,ARIMA,2012,3,3726171.7118777214,3679549.214329825,3599758.056667169,3759340.3719924805,46622.49754789658,46622.49754789658,1.251217097679114,1,69068.16703851942,0.6750214975575527
Upper middle income,DALY,ARIMA,2012,4,3932903.268846598,3749171.649404994,3653692.451899003,3844650.8469109857,183731.61944160378,183731.61944160378,4.671653658430473,0,69068.16703851942,2.6601490573672875
Upper middle income,DALY,ARIMA,2012,5,4105745.1459060865,3818794.0844801636,3709863.2556408057,3927724.9133195216,286951.0614259229,286951.0614259229,6.989012986157873,0,69068.16703851942,4.154606582593829
Upper middle income,DALY,ARIMA,2012,6,4163097.716688447,3888416.5195553335,3767521.632207395,4009311.406903272,274681.19713311363,274681.19713311363,6.598000235065582,0,69068.16703851942,3.9769579664670056
Upper middle income,DALY,Naive,2012,1,3495569.7989281,3466589.268246044,3326405.1644639685,3606773.3720281194,28980.53068205621,28980.53068205621,0.8290645688420513,1,69068.16703851942,0.4195931631701436
Upper middle income,DALY,Naive,2012,2,3588929.4954899442,3466589.268246044,3268339.007448315,3664839.5290437727,122340.2272439003,122340.2272439003,3.408822251806286,1,69068.16703851942,1.7712968577213144
Upper middle income,DALY,Naive,2012,3,3726171.7118777214,3466589.268246044,3223783.278081981,3709395.258410107,259582.44363167742,259582.44363167742,6.966464878798262,0,69068.16703851942,3.758351419502821
Upper middle income,DALY,Naive,2012,4,3932903.268846598,3466589.268246044,3186221.060681893,3746957.475810195,466314.00060055405,466314.00060055405,11.856737090238934,0,69068.16703851942,6.751503921343244
Upper middle income,DALY,Naive,2012,5,4105745.1459060865,3466589.268246044,3153128.082824438,3780050.45366765,639155.8776600426,639155.8776600426,15.567353913755621,0,69068.16703851942,9.253986388600474
Upper middle income,DALY,Naive,2012,6,4163097.716688447,3466589.268246044,3123209.743930598,3809968.79256149,696508.4484424032,696508.4484424032,16.730533267339297,0,69068.16703851942,10.084362714504346
Upper middle income,DALY,Drift,2012,1,3495569.7989281,3535657.4352845633,3497545.079008936,3573769.7915601907,-40087.63635646319,40087.63635646319,1.1468126417832043,0,69068.16703851942,0.5804068368298562
Upper middle income,DALY,Drift,2012,2,3588929.4954899442,3604725.6023230827,3549667.3400428807,3659783.8646032847,-15796.106833138503,15796.106833138503,0.4401342197719069,1,69068.16703851942,0.22870314227868524
Upper middle income,DALY,Drift,2012,3,3726171.7118777214,3673793.769361602,3604970.9415113498,3742616.5972118545,52377.94251611922,52377.94251611922,1.405677101491507,1,69068.16703851942,0.758351419502822
Upper middle income,DALY,Drift,2012,4,3932903.268846598,3742861.9364001215,3661818.3687044047,3823905.5040958384,190041.33244647644,190041.33244647644,4.832087632356385,0,69068.16703851942,2.7515039213432453
Upper middle income,DALY,Drift,2012,5,4105745.1459060865,3811930.103438641,3719594.590552483,3904265.6163247987,293815.0424674456,293815.0424674456,7.156192896200923,0,69068.16703851942,4.253986388600476
Upper middle income,DALY,Drift,2012,6,4163097.716688447,3880998.2704771603,3777993.693595333,3984002.8473589877,282099.4462112868,282099.4462112868,6.776190841748581,0,69068.16703851942,4.084362714504347
Upper middle income,DALY,ETS,2013,1,3588929.4954899442,3529139.333163514,3483125.1694793403,3575153.4968476873,59790.162326430436,59790.162326430436,1.6659609056563025,0,67325.22632736884,0.8880796335641091
Upper middle income,DALY,ETS,2013,2,3726171.7118777214,3561058.647109283,3468368.8488461594,3653748.445372407,165113.06476843823,165113.06476843823,4.43117165647831,0,67325.22632736884,2.452469509208571
Upper middle income,DALY,ETS,2013,3,3932903.268846598,3591411.5507472814,3445086.8944205632,3737736.2070739996,341491.7180993166,341491.7180993166,8.682942212292595,0,67325.22632736884,5.072269886458509
Upper middle income,DALY,ETS,2013,4,4105745.1459060865,3620274.914189957,3414713.1781784077,3825836.6502015064,485470.23171612946,485470.23171612946,11.82416868227198,0,67325.22632736884,7.210822127140442
Upper middle income,DALY,ETS,2013,5,4163097.716688447,3647721.8352212957,3378403.624839484,3917040.045603107,515375.88146715146,515375.88146715146,12.379624898094136,0,67325.22632736884,7.6550189220476845
Upper middle income,DALY,ETS,2013,6,4170876.9996002666,3673821.824420293,3337063.4070507297,4010580.241789856,497055.1751799737,497055.1751799737,11.917282030316672,0,67325.22632736884,7.382896460875504
Upper middle income,DALY,ARIMA,2013,1,3588929.4954899442,3528045.676821058,3493770.243237763,3562321.110404353,60883.81866888609,60883.81866888609,1.6964339574069707,0,67325.22632736884,0.9043240103321537
Upper middle income,DALY,ARIMA,2013,2,3726171.7118777214,3594322.7871151445,3524058.9354624567,3664586.6387678324,131848.92476257682,131848.92476257682,3.5384554163805424,0,67325.22632736884,1.9583881400035932
Upper middle income,DALY,ARIMA,2013,3,3932903.268846598,3660599.8974092314,3567330.3292167126,3753869.46560175,272303.3714373666,272303.3714373666,6.923724099556228,0,67325.22632736884,4.044596450568049
Upper middle income,DALY,ARIMA,2013,4,4105745.1459060865,3726877.0077033183,3615246.2957438985,3838507.719662738,378868.1382027683,378868.1382027683,9.227755857680174,0,67325.22632736884,5.627432076656116
Upper middle income,DALY,ARIMA,2013,5,4163097.716688447,3793154.117997405,3665782.1455925032,3920526.090402307,369943.59869104205,369943.59869104205,8.886257874948829,0,67325.22632736884,5.494873450438795
Upper middle income,DALY,ARIMA,2013,6,4170876.9996002666,3859431.228291492,3718060.00471306,4000802.451869924,311445.7713087746,311445.7713087746,7.467153103259178,0,67325.22632736884,4.6259892212522224
Upper middle income,DALY,Naive,2013,1,3588929.4954899442,3495569.7989281,3357956.421886138,3633183.175970062,93359.69656184409,93359.69656184409,2.601324341399441,1,67325.22632736884,1.3866971067855407
Upper middle income,DALY,Naive,2013,2,3726171.7118777214,3495569.7989281,3300955.094751395,3690184.5031048055,230601.9129496212,230601.9129496212,6.188708701065591,0,67325.22632736884,3.425193282356299
Upper middle income,DALY,Naive,2013,3,3932903.268846598,3495569.7989281,3257216.438090289,3733923.1597659113,437333.46991849784,437333.46991849784,11.11986336869034,0,67325.22632736884,6.495833638820081
Upper middle income,DALY,Naive,2013,4,4105745.1459060865,3495569.7989281,3220343.0448441757,3770796.5530120246,610175.3469779864,610175.3469779864,14.861500782297785,0,67325.22632736884,9.063101310807474
Upper middle income,DALY,Naive,2013,5,4163097.716688447,3495569.7989281,3187856.933248964,3803282.664607236,667527.917760347,667527.917760347,16.034404263067234,0,67325.22632736884,9.914974730489478
Upper middle income,DALY,Naive,2013,6,4170876.9996002666,3495569.7989281,3158487.24339406,3832652.3544621402,675307.2006721664,675307.2006721664,16.191012123754483,0,67325.22632736884,10.030522547202231
Upper middle income,DALY,Drift,2013,1,3588929.4954899442,3562895.025255469,3522103.1204370353,3603686.930073903,26034.4702344751,26034.4702344751,0.7254104675834818,1,67325.22632736884,0.38669710678553854
Upper middle income,DALY,Drift,2013,2,3726171.7118777214,3630220.2515828377,3571342.208513637,3689098.2946520383,95951.4602948837,95951.4602948837,2.5750681319656925,0,67325.22632736884,1.4251932823563016
Upper middle income,DALY,Drift,2013,3,3932903.268846598,3697545.4779102067,3624006.825686852,3771084.1301335613,235357.79093639133,235357.79093639133,5.984326967833478,0,67325.22632736884,3.495833638820081
Upper middle income,DALY,Drift,2013,4,4105745.1459060865,3764870.7042375756,3678338.0066936836,3851403.4017814677,340874.4416685109,340874.4416685109,8.302377024263258,0,67325.22632736884,5.063101310807472
Upper middle income,DALY,Drift,2013,5,4163097.716688447,3832195.9305649446,3733674.1204118407,3930717.7407180485,330901.78612350253,330901.78612350253,7.948451096812584,0,67325.22632736884,4.914974730489474
Upper middle income,DALY,Drift,2013,6,4170876.9996002666,3899521.1568923136,3789685.591770209,4009356.7220144183,271355.84270795295,271355.84270795295,6.505966077013527,0,67325.22632736884,4.030522547202224
Upper middle income,DALY,ETS,2014,1,3726171.7118777214,3650364.2911827494,3601092.123524494,3699636.458841005,75807.42069497192,75807.42069497192,2.0344585960256367,0,68409.99592047198,1.108133682438742
Upper middle income,DALY,ETS,2014,2,3932903.268846598,3710574.2535462547,3632989.016311961,3788159.490780548,222329.01530034328,222329.01530034328,5.653050688061943,0,68409.99592047198,3.249949255351591
Upper middle income,DALY,ETS,2014,3,4105745.1459060865,3769580.0152206174,3664827.8389296024,3874332.1915116324,336165.13068546914,336165.13068546914,8.187676505461269,0,68409.99592047198,4.913976768486699
Upper middle income,DALY,ETS,2014,4,4163097.716688447,3827405.660248458,3695219.904870608,3959591.415626308,335692.05643998925,335692.05643998925,8.063516143142968,0,68409.99592047198,4.907061488941443
Upper middle income,DALY,ETS,2014,5,4170876.9996002666,3884074.7909909673,3723786.8337069848,4044362.74827495,286802.20860929927,286802.20860929927,6.87630463897128,0,68409.99592047198,4.192402071514706
Upper middle income,DALY,ETS,2014,6,4222895.9903025245,3939610.537761548,3750423.9453964485,4128797.1301266477,283285.45254097646,283285.45254097646,6.708321805498272,0,68409.99592047198,4.1409950216968525
Upper middle income,DALY,ARIMA,2014,1,3726171.7118777214,3657339.4914105656,3616911.8745144904,3697767.1083066408,68832.2204671558,68832.2204671558,1.8472637814232487,0,68409.99592047198,1.0061719715226218
Upper middle income,DALY,ARIMA,2014,2,3932903.268846598,3725749.4873311874,3668576.203222334,3782922.771440041,207153.78151541064,207153.78151541064,5.267197471046945,0,68409.99592047198,3.028121530020717
Upper middle income,DALY,ARIMA,2014,3,4105745.1459060865,3794159.483251809,3724136.7967588766,3864182.1697447416,311585.6626542774,311585.6626542774,7.589016161048505,0,68409.99592047198,4.554680327952396
Upper middle income,DALY,ARIMA,2014,4,4163097.716688447,3862569.479172431,3781714.2453802805,3943424.7129645813,300528.23751601623,300528.23751601623,7.2188610012995955,0,68409.99592047198,4.393045686852349
Upper middle income,DALY,ARIMA,2014,5,4170876.9996002666,3930979.4750930523,3840580.575545109,4021378.3746409956,239897.52450721432,239897.52450721432,5.751728582027375,0,68409.99592047198,3.5067612748595995
Upper middle income,DALY,ARIMA,2014,6,4222895.9903025245,3999389.4710136736,3900362.438101569,4098416.503925778,223506.51928885095,223506.51928885095,5.292730860577959,0,68409.99592047198,3.267161710529582
Upper middle income,DALY,Naive,2014,1,3726171.7118777214,3588929.4954899442,3449131.5107244994,3728727.480255389,137242.21638777712,137242.21638777712,3.6831962399987455,1,68409.99592047198,2.0061719715248048
Upper middle income,DALY,Naive,2014,2,3932903.268846598,3588929.4954899442,3391225.2894422244,3786633.701537664,343973.77335665375,343973.77335665375,8.74605221240366,0,68409.99592047198,5.02812153002509
Upper middle income,DALY,Naive,2014,3,4105745.1459060865,3588929.4954899442,3346792.2830804535,3831066.707899435,516815.6504161423,516815.6504161423,12.58762129771909,0,68409.99592047198,7.554680327958959
Upper middle income,DALY,Naive,2014,4,4163097.716688447,3588929.4954899442,3309333.525959054,3868525.4650208345,574168.2211985029,574168.2211985029,13.791850690817494,0,68409.99592047198,8.393045686861102
Upper middle income,DALY,Naive,2014,5,4170876.9996002666,3588929.4954899442,3276331.6984369294,3901527.292542959,581947.5041103223,581947.5041103223,13.95264123507108,0,68409.99592047198,8.506761274870536
Upper middle income,DALY,Naive,2014,6,4222895.9903025245,3588929.4954899442,3246495.7657452277,3931363.225234661,633966.4948125803,633966.4948125803,15.012600269303897,0,68409.99592047198,9.267161710542702
Upper middle income,DALY,Drift,2014,1,3726171.7118777214,3657339.491410416,3616085.6693388317,3698593.3134820005,68832.22046730528,68832.22046730528,1.8472637814272603,0,68409.99592047198,1.0061719715248068
Upper middle income,DALY,Drift,2014,2,3932903.268846598,3725749.4873308884,3666252.3790157023,3785246.5956460745,207153.7815157096,207153.7815157096,5.267197471054546,0,68409.99592047198,3.0281215300250874
Upper middle income,DALY,Drift,2014,3,4105745.1459060865,3794159.4832513602,3719902.6035225084,3868416.362980212,311585.6626547263,311585.6626547263,7.589016161059438,0,68409.99592047198,4.554680327958958
Upper middle income,DALY,Drift,2014,4,4163097.716688447,3862569.479171832,3775251.5961059765,3949887.3622376877,300528.2375166151,300528.2375166151,7.21886100131398,0,68409.99592047198,4.393045686861103
Upper middle income,DALY,Drift,2014,5,4170876.9996002666,3930979.4750923044,3831627.115049974,4030331.8351346347,239897.52450796217,239897.52450796217,5.751728582045304,0,68409.99592047198,3.5067612748705312
Upper middle income,DALY,Drift,2014,6,4222895.9903025245,3999389.4710127763,3888693.8504322837,4110085.091593269,223506.51928974828,223506.51928974828,5.2927308605992085,0,68409.99592047198,3.2671617105426987
Upper middle income,DALY,ETS,2015,1,3932903.268846598,3858203.1067466466,3802076.0380913867,3914330.1754019065,74700.16209995141,74700.16209995141,1.8993643370704798,0,71163.28473916418,1.0497008727709942
Upper middle income,DALY,ETS,2015,2,4105745.1459060865,3987598.50868103,3865621.110161367,4109575.907200693,118146.63722505653,118146.63722505653,2.8775930562290917,1,71163.28473916418,1.660218997171099
Upper middle income,DALY,ETS,2015,3,4163097.716688447,4114405.841967372,3913667.0173309725,4315144.666603772,48691.87472107494,48691.87472107494,1.169606817680155,1,71163.28473916418,0.6842274762828329
Upper middle income,DALY,ETS,2015,4,4170876.9996002666,4238676.87119102,3948500.4835363543,4528853.258845686,-67799.87159075355,67799.87159075355,1.6255543281964786,1,71163.28473916418,0.9527366793039613
Upper middle income,DALY,ETS,2015,5,4222895.9903025245,4360462.325581363,3971746.8970618243,4749177.754100902,-137566.33527883887,137566.33527883887,3.2576302043608645,1,71163.28473916418,1.933108284462455
Upper middle income,DALY,ETS,2015,6,4563149.599848968,4479811.919720235,3984627.5768803363,4974996.262560134,83337.6801287327,83337.6801287327,1.826319262719132,1,71163.28473916418,1.1710769174609
Upper middle income,DALY,ARIMA,2015,1,3932903.268846598,3817955.648321755,3776202.153300921,3859709.1433425895,114947.62052484276,114947.62052484276,2.9227166972391223,0,71163.28473916418,1.6152658066046548
Upper middle income,DALY,ARIMA,2015,2,4105745.1459060865,3890131.0411460055,3808035.435862563,3972226.646429448,215614.10476008104,215614.10476008104,5.251521882089389,0,71163.28473916418,3.029850372286419
Upper middle income,DALY,ARIMA,2015,3,4163097.716688447,3962306.4339702562,3853973.5097631863,4070639.358177326,200791.28271819092,200791.28271819092,4.823122020731984,0,71163.28473916418,2.8215572602382553
Upper middle income,DALY,ARIMA,2015,4,4170876.9996002666,4034481.826794507,3905128.2163785053,4163835.4372105086,136395.1728057596,136395.1728057596,3.2701796964722667,0,71163.28473916418,1.9166508868399033
Upper middle income,DALY,ARIMA,2015,5,4222895.9903025245,4106657.2196187573,3959250.670958073,4254063.768279442,116238.77068376727,116238.77068376727,2.7525842680165096,1,71163.28473916418,1.6334092939894345
Upper middle income,DALY,ARIMA,2015,6,4563149.599848968,4178832.6124430085,4015354.7098125466,4342310.51507347,384316.9874059595,384316.9874059595,8.422186890797526,0,71163.28473916418,5.40049533709134
Upper middle income,DALY,Naive,2015,1,3932903.268846598,3726171.7118777214,3579012.0774314026,3873331.34632404,206731.55696887663,206731.55696887663,5.256461774853282,0,71163.28473916418,2.9050311228130177
Upper middle income,DALY,Naive,2015,2,4105745.1459060865,3726171.7118777214,3518056.5610098704,3934286.8627455723,379573.4340283652,379573.4340283652,9.24493412375692,0,71163.28473916418,5.333838023632849
Upper middle income,DALY,Naive,2015,3,4163097.716688447,3726171.7118777214,3471283.748193434,3981059.6755620087,436926.0048107258,436926.0048107258,10.495213769766623,0,71163.28473916418,6.139767246722759
Upper middle income,DALY,Naive,2015,4,4170876.9996002666,3726171.7118777214,3431852.442985084,4020490.980770359,444705.2877225452,444705.2877225452,10.662153013986396,0,71163.28473916418,6.249083208462481
Upper middle income,DALY,Naive,2015,5,4222895.9903025245,3726171.7118777214,3397112.7657117327,4055230.65804371,496724.27842480317,496724.27842480317,11.762645340199777,0,71163.28473916418,6.980063950750079
Upper middle income,DALY,Naive,2015,6,4563149.599848968,3726171.7118777214,3365705.696749741,4086637.7270057015,836977.8879712466,836977.8879712466,18.342109318505557,0,71163.28473916418,11.761372328990065
Upper middle income,DALY,Drift,2015,1,3932903.268846598,3797334.9966168855,3748493.5052785124,3846176.4879552587,135568.27222971246,135568.27222971246,3.4470278815036948,0,71163.28473916418,1.9050311228130181
Upper middle income,DALY,Drift,2015,2,4105745.1459060865,3868498.2813560497,3798110.200822142,3938886.3618899575,237246.86455003684,237246.86455003684,5.778411862377771,0,71163.28473916418,3.3338380236328495
Upper middle income,DALY,Drift,2015,3,4163097.716688447,3939661.566095214,3851872.205605035,4027450.9265853926,223436.1505932333,223436.1505932333,5.367064762797988,0,71163.28473916418,3.1397672467227595
Upper middle income,DALY,Drift,2015,4,4170876.9996002666,4010824.850834378,3907660.12295592,4113989.578712836,160052.14876588853,160052.14876588853,3.837373981089056,0,71163.28473916418,2.2490832084624817
Upper middle income,DALY,Drift,2015,5,4222895.9903025245,4081988.135573542,3964674.668017029,4199301.603130056,140907.85472898232,140907.85472898232,3.336758827415207,0,71163.28473916418,1.9800639507500801
Upper middle income,DALY,Drift,2015,6,4563149.599848968,4153151.4203127064,4022516.6715244725,4283786.16910094,409998.1795362616,409998.1795362616,8.984982205050471,0,71163.28473916418,5.761372328990066
Upper middle income,DALY,ETS,2016,1,4105745.1459060865,4135489.930270197,4072848.8953063795,4198130.965234014,-29744.784364110325,29744.784364110325,0.7244673818531915,1,76377.44905569158,0.38944459041073154
Upper middle income,DALY,ETS,2016,2,4163097.716688447,4334032.148522393,4195093.483366492,4472970.8136782935,-170934.43183394568,170934.43183394568,4.105943301516261,0,76377.44905569158,2.238022268972438
Upper middle income,DALY,ETS,2016,3,4170876.9996002666,4528603.517945029,4297903.031160854,4759304.004729204,-357726.51834476227,357726.51834476227,8.576769786762988,0,76377.44905569158,4.683666746763452
Upper middle income,DALY,ETS,2016,4,4222895.9903025245,4719283.455603986,4384125.605724099,5054441.305483873,-496387.4653014615,496387.4653014615,11.754669460042768,0,76377.44905569158,6.499136478615753
Upper middle income,DALY,ETS,2016,5,4563149.599848968,4906149.790222043,4455741.417387964,5356558.163056122,-343000.1903730752,343000.1903730752,7.516742172652588,1,76377.44905569158,4.490856851254253
Upper middle income,DALY,ETS,2016,6,4873067.147893458,5089278.793945772,4514229.942114968,5664327.645776575,-216211.64605231397,216211.64605231397,4.436869829421056,1,76377.44905569158,2.830830941927119
Upper middle income,DALY,ARIMA,2016,1,4105745.1459060865,4119344.8112385357,4065358.4720674283,4173331.150409643,-13599.665332449134,13599.665332449134,0.3312350097036493,1,76377.44905569158,0.17805864820822656
Upper middle income,DALY,ARIMA,2016,2,4163097.716688447,4254923.6619450245,4132780.079803451,4377067.244086598,-91825.94525657734,91825.94525657734,2.2057119843350845,1,76377.44905569158,1.2022651501442696
Upper middle income,DALY,ARIMA,2016,3,4170876.9996002666,4346891.533243538,4158449.716594759,4535333.349892316,-176014.5336432713,176014.5336432713,4.220084496860981,1,76377.44905569158,2.3045353807892703
Upper middle income,DALY,ARIMA,2016,4,4222895.9903025245,4415901.543623212,4172248.7996533066,4659554.287593117,-193005.55332068726,193005.55332068726,4.570454819723384,1,76377.44905569158,2.5269965900531033
Upper middle income,DALY,ARIMA,2016,5,4563149.599848968,4480088.025516425,4193386.111133903,4766789.939898948,83061.57433254272,83061.57433254272,1.820268490327205,1,76377.44905569158,1.0875143823143048
Upper middle income,DALY,ARIMA,2016,6,4873067.147893458,4549211.542539839,4228861.581428469,4869561.503651208,323855.605353619,323855.605353619,6.64582685862673,0,76377.44905569158,4.240199291252521
Upper middle income,DALY,Naive,2016,1,4105745.1459060865,3932903.268846598,3768168.6367900013,4097637.9009031947,172841.87705948856,172841.87705948856,4.209756595141624,0,76377.44905569158,2.2629962010574447
Upper middle income,DALY,Naive,2016,2,4163097.716688447,3932903.268846598,3699933.3179996177,4165873.2196935783,230194.44784184918,230194.44784184918,5.5294029472111035,1,76377.44905569158,3.0139059459029585
Upper middle income,DALY,Naive,2016,3,4170876.9996002666,3932903.268846598,3647574.516358408,4218232.021334788,237973.73075366858,237973.73075366858,5.70560413976427,1,76377.44905569158,3.1157590845976935
Upper middle income,DALY,Naive,2016,4,4222895.9903025245,3932903.268846598,3603434.0047334046,4262372.532959791,289992.72145592654,289992.72145592654,6.867152828813852,1,76377.44905569158,3.79683695961716
Upper middle income,DALY,Naive,2016,5,4563149.599848968,3932903.268846598,3564545.433319632,4301261.104373564,630246.33100237,630246.33100237,13.811651737721464,0,76377.44905569158,8.251733185574421
Upper middle income,DALY,Naive,2016,6,4873067.147893458,3932903.268846598,3529387.477342804,4336419.060350392,940163.8790468597,940163.8790468597,19.29306226476432,0,76377.44905569158,12.309443306509586
Upper middle income,DALY,Drift,2016,1,4105745.1459060865,4009280.7179022897,3937820.548590011,4080740.8872145684,96464.42800379684,96464.42800379684,2.3494986799164406,0,76377.44905569158,1.2629962010574427
Upper middle income,DALY,Drift,2016,2,4163097.716688447,4085658.166957981,3982743.760829714,4188572.573086248,77439.54973046621,77439.54973046621,1.8601424948551486,1,76377.44905569158,1.0139059459029613
Upper middle income,DALY,Drift,2016,3,4170876.9996002666,4162035.6160136727,4033760.6863828874,4290310.545644458,8841.383586593904,8841.383586593904,0.21197900555305887,1,76377.44905569158,0.11575908459769449
Upper middle income,DALY,Drift,2016,4,4222895.9903025245,4238413.065069364,4087761.800397319,4389064.32974141,-15517.074766839854,15517.074766839854,0.3674510289259629,1,76377.44905569158,0.20316304038284105
Upper middle income,DALY,Drift,2016,5,4563149.599848968,4314790.514125056,4143573.0707518836,4486007.957498228,248359.08572391234,248359.08572391234,5.442711887686799,0,76377.44905569158,3.251733185574425
Upper middle income,DALY,Drift,2016,6,4873067.147893458,4391167.963180748,4200607.511681338,4581728.414680158,481899.18471270986,481899.18471270986,9.889032309374732,0,76377.44905569158,6.309443306509582
Upper middle income,DALY,ETS,2017,1,4163097.716688447,4275191.368408737,4212724.357604944,4337658.379212529,-112093.6517202896,112093.6517202896,2.6925539429676166,0,79950.20564842482,1.4020433194782917
Upper middle income,DALY,ETS,2017,2,4170876.9996002666,4441245.69126306,4302783.093598036,4579708.288928084,-270368.6916627935,270368.6916627935,6.482298367674362,0,79950.20564842482,3.3817135236864813
Upper middle income,DALY,ETS,2017,3,4222895.9903025245,4603978.913676834,4374133.170345858,4833824.65700781,-381082.9233743092,381082.9233743092,9.02420813227296,0,79950.20564842482,4.766503353976267
Upper middle income,DALY,ETS,2017,4,4563149.599848968,4763457.457938538,4429593.272459274,5097321.643417802,-200307.85808956996,200307.85808956996,4.389684223725643,1,79950.20564842482,2.5054076654963104
Upper middle income,DALY,ETS,2017,5,4873067.147893458,4919746.417885292,4471120.969547915,5368371.866222669,-46679.26999183465,46679.26999183465,0.9579032788828549,1,79950.20564842482,0.5838542829658666
Upper middle income,DALY,ETS,2017,6,4858325.573486687,5072909.58547199,4500176.302809099,5645642.86813488,-214584.0119853029,214584.0119853029,4.416830628979479,1,79950.20564842482,2.683970732094429
Upper middle income,DALY,ARIMA,2017,1,4163097.716688447,4221130.210176178,4168063.995251192,4274196.425101165,-58032.49348773109,58032.49348773109,1.3939738492108533,0,79950.20564842482,0.7258579639297582
Upper middle income,DALY,ARIMA,2017,2,4170876.9996002666,4295011.176867124,4177224.325495441,4412798.028238806,-124134.17726685712,124134.17726685712,2.976212851128289,0,79950.20564842482,1.5526436268685548
Upper middle income,DALY,ARIMA,2017,3,4222895.9903025245,4353405.339968169,4175774.1338043576,4531036.546131981,-130509.34966564458,130509.34966564458,3.090517738664338,1,79950.20564842482,1.6323829139295765
Upper middle income,DALY,ARIMA,2017,4,4563149.599848968,4414839.594531078,4190291.950423759,4639387.238638397,148310.00531789009,148310.00531789009,3.250167501034787,1,79950.20564842482,1.8550296914816267
Upper middle income,DALY,ARIMA,2017,5,4873067.147893458,4486064.730629429,4226869.743690032,4745259.717568827,387002.41726402845,387002.41726402845,7.941659852385224,0,79950.20564842482,4.840543112119602
Upper middle income,DALY,ARIMA,2017,6,4858325.573486687,4565564.358470558,4280034.669651589,4851094.047289527,292761.2150161285,292761.2150161285,6.025969453628481,0,79950.20564842482,3.6617943961710933
Upper middle income,DALY,Naive,2017,1,4163097.716688447,4105745.1459060865,3931438.485233022,4280051.806579151,57352.57078236062,57352.57078236062,1.377641715025175,1,79950.20564842482,0.7173536367694207
Upper middle income,DALY,Naive,2017,2,4170876.9996002666,4105745.1459060865,3859238.3023702735,4352251.9894419,65131.85369418003,65131.85369418003,1.5615865368463806,1,79950.20564842482,0.8146552365430126
Upper middle income,DALY,Naive,2017,3,4222895.9903025245,4105745.1459060865,3803837.1535226707,4407653.138289502,117150.84439643798,117150.84439643798,2.774182567258669,1,79950.20564842482,1.4652975992532185
Upper middle income,DALY,Naive,2017,4,4563149.599848968,4105745.1459060865,3757131.8245599573,4454358.467252215,457404.45394288143,457404.45394288143,10.023875920220119,0,79950.20564842482,5.721116665469055
Upper middle income,DALY,Naive,2017,5,4873067.147893458,4105745.1459060865,3715983.603710125,4495506.688102048,767322.0019873711,767322.0019873711,15.746181587484816,0,79950.20564842482,9.597498790204662
Upper middle income,DALY,Naive,2017,6,4858325.573486687,4105745.1459060865,3678782.768488627,4532707.523323546,752580.4275806001,752580.4275806001,15.490530969922089,0,79950.20564842482,9.413114343820672
Upper middle income,DALY,Drift,2017,1,4163097.716688447,4185695.3515545116,4106471.7160472656,4264918.987061758,-22597.634866064414,22597.634866064414,0.542808178041994,1,79950.20564842482,0.28264636323058207
Upper middle income,DALY,Drift,2017,2,4170876.9996002666,4265645.557202936,4151623.26982437,4379667.8445815025,-94768.55760266958,94768.55760266958,2.2721494211349826,1,79950.20564842482,1.185344763456987
Upper middle income,DALY,Drift,2017,3,4222895.9903025245,4345595.762851361,4203560.22931075,4487631.296391972,-122699.77254883666,122699.77254883666,2.905583581281777,1,79950.20564842482,1.534702400746784
Upper middle income,DALY,Drift,2017,4,4563149.599848968,4425545.968499786,4258826.393373282,4592265.543626291,137603.63134918176,137603.63134918176,3.015540655378386,1,79950.20564842482,1.7211166654690504
Upper middle income,DALY,Drift,2017,5,4873067.147893458,4505496.17414821,4316115.462760729,4694876.885535692,367570.97374524735,367570.97374524735,7.542908041071052,0,79950.20564842482,4.597498790204666
Upper middle income,DALY,Drift,2017,6,4858325.573486687,4585446.379796635,4374773.638005095,4796119.121588176,272879.1936900513,272879.1936900513,5.616733369604406,0,79950.20564842482,3.413114343820673
Upper middle income,DALY,ETS,2018,1,4170876.9996002666,4215321.6695404975,4140659.9983904227,4289983.340690573,-44444.6699402309,44444.6699402309,1.065595315912947,1,79143.14726035108,0.5615731933685265
Upper middle income,DALY,ETS,2018,2,4222895.9903025245,4262850.249473635,4101878.8700265596,4423821.628920711,-39954.25917111058,39954.25917111058,0.9461341047201186,1,79143.14726035108,0.5048353591458291
Upper middle income,DALY,ETS,2018,3,4563149.599848968,4306113.921500656,4045886.3631220204,4566341.479879291,257035.67834831215,257035.67834831215,5.632856708375714,1,79143.14726035108,3.24773132287451
Upper middle income,DALY,ETS,2018,4,4873067.147893458,4345495.390921681,3977091.9966005306,4713898.785242831,527571.7569717765,527571.7569717765,10.826277187660684,0,79143.14726035108,6.6660446953956045
Upper middle income,DALY,ETS,2018,5,4858325.573486687,4381343.021534044,3898557.282469059,4864128.760599029,476982.5519526424,476982.5519526424,9.8178383629882,1,79143.14726035108,6.026833256751211
Upper middle income,DALY,ARIMA,2018,1,4170876.9996002666,4157421.563394392,4103475.733780619,4211367.393008165,13455.436205874663,13455.436205874663,0.32260448359335986,1,79143.14726035108,0.17001391366976293
Upper middle income,DALY,ARIMA,2018,2,4222895.9903025245,4164594.927485872,4044492.983785813,4284696.871185931,58301.06281665247,58301.06281665247,1.3805943350377388,1,79143.14726035108,0.7366533279863635
Upper middle income,DALY,ARIMA,2018,3,4563149.599848968,4225514.670244692,4052195.382216126,4398833.958273257,337634.9296042761,337634.9296042761,7.3991641566047095,0,79143.14726035108,4.266129681368175
Upper middle income,DALY,ARIMA,2018,4,4873067.147893458,4331230.078388174,4127183.0110085793,4535277.145767769,541837.0695052836,541837.0695052836,11.119015048653914,0,79143.14726035108,6.8462916659460635
Upper middle income,DALY,ARIMA,2018,5,4858325.573486687,4446260.74329245,4227418.8711855505,4665102.6153993495,412064.8301942367,412064.8301942367,8.481622401820822,0,79143.14726035108,5.206576241385738
Upper middle income,DALY,Naive,2018,1,4170876.9996002666,4163097.716688447,3990618.763517918,4335576.669858976,7779.282911819406,7779.282911819406,0.18651432091056547,1,79143.14726035108,0.09829382809643016
Upper middle income,DALY,Naive,2018,2,4222895.9903025245,4163097.716688447,3919175.6418907708,4407019.791486124,59798.27361407736,59798.27361407736,1.4160489330402255,1,79143.14726035108,0.7555710845989434
Upper middle income,DALY,Naive,2018,3,4563149.599848968,4163097.716688447,3864355.4065607972,4461840.026816097,400051.8831605208,400051.8831605208,8.76701222273672,0,79143.14726035108,5.054788658385054
Upper middle income,DALY,Naive,2018,4,4873067.147893458,4163097.716688447,3818139.8103473885,4508055.623029506,709969.4312050105,709969.4312050105,14.569251965097957,0,79143.14726035108,8.970700000967602
Upper middle income,DALY,Naive,2018,5,4858325.573486687,4163097.716688447,3777423.052711141,4548772.380665753,695227.8567982395,695227.8567982395,14.31003020036991,0,79143.14726035108,8.784435303175426
Upper middle income,DALY,Drift,2018,1,4170876.9996002666,4242240.863948798,4164082.1933440804,4320399.534553515,-71363.864348531235,71363.864348531235,1.7110038093995745,1,79143.14726035108,0.9017061719035643
Upper middle income,DALY,Drift,2018,2,4222895.9903025245,4321384.011209149,4208961.36846561,4433806.653952688,-98488.02090662438,98488.02090662438,2.3322388506085083,1,79143.14726035108,1.2444289154010515
Upper middle income,DALY,Drift,2018,3,4563149.599848968,4400527.1584695,4260562.096999737,4540492.219939263,162622.44137946796,162622.44137946796,3.5638200725404765,0,79143.14726035108,2.054788658385059
Upper middle income,DALY,Drift,2018,4,4873067.147893458,4479670.305729851,4315466.525983235,4643874.085476467,393396.84216360655,393396.84216360655,8.072879568952075,0,79143.14726035108,4.970700000967607
Upper middle income,DALY,Drift,2018,5,4858325.573486687,4558813.452990202,4372381.591029957,4745245.3149504475,299512.12049648445,299512.12049648445,6.16492484840889,0,79143.14726035108,3.7844353031754303
Upper middle income,DALY,ETS,2019,1,4222895.9903025245,4177949.2244347837,4102748.819677183,4253149.629192384,44946.76586774085,44946.76586774085,1.0643588184733126,1,76682.32435178103,0.5861424552227583
Upper middle income,DALY,ETS,2019,2,4563149.599848968,4184311.4777920144,4022956.4121289793,4345666.543455049,378838.1220569536,378838.1220569536,8.302119265813518,0,76682.32435178103,4.94035783682077
Upper middle income,DALY,ETS,2019,3,4873067.147893458,4190038.598240125,3930267.6904423004,4449809.50603795,683028.5496533327,683028.5496533327,14.016399300974008,0,76682.32435178103,8.907248905496544
Upper middle income,DALY,ETS,2019,4,4858325.573486687,4195193.990014941,3828838.727577087,4561549.252452796,663131.5834717453,663131.5834717453,13.649385440338738,0,76682.32435178103,8.647776251925041
Upper middle income,DALY,ARIMA,2019,1,4222895.9903025245,4193134.0447822604,4139905.7829599227,4246362.306604599,29761.945520264097,29761.945520264097,0.7047757176262344,1,76682.32435178103,0.38812002338023605
Upper middle income,DALY,ARIMA,2019,2,4563149.599848968,4259385.197891969,4142395.7701270594,4376374.6256568795,303764.40195699874,303764.40195699874,6.656902109171542,0,76682.32435178103,3.9613353471587023
Upper middle income,DALY,ARIMA,2019,3,4873067.147893458,4358947.0123252375,4190932.122925419,4526961.901725056,514120.13556822017,514120.13556822017,10.55023704712268,0,76682.32435178103,6.704545537895907
Upper middle income,DALY,ARIMA,2019,4,4858325.573486687,4463650.045254863,4265348.805737225,4661951.2847725,394675.5282318238,394675.5282318238,8.123694517009818,0,76682.32435178103,5.146890519661941
Upper middle income,DALY,Naive,2019,1,4222895.9903025245,4170876.9996002666,4001374.2608851404,4340379.738315392,52018.99070225796,52018.99070225796,1.2318321555092662,1,76682.32435178103,0.6783700304077932
Upper middle income,DALY,Naive,2019,2,4563149.599848968,4170876.9996002666,3931163.9276499525,4410590.071550581,392272.6002487014,392272.6002487014,8.596531664482027,0,76682.32435178103,5.115554380552504
Upper middle income,DALY,Naive,2019,3,4873067.147893458,4170876.9996002666,3877289.644123596,4464464.355076937,702190.1482931911,702190.1482931911,14.409613637208665,0,76682.32435178103,9.157131767053459
Upper middle income,DALY,Naive,2019,4,4858325.573486687,4170876.9996002666,3831871.5221700147,4509882.4770305185,687448.5738864201,687448.5738864201,14.149907483311317,0,76682.32435178103,8.96488962349057
Upper middle income,DALY,Drift,2019,1,4222895.9903025245,4247559.323952047,4166433.0107188583,4328685.637185236,-24663.333649522625,24663.333649522625,0.584038387546357,1,76682.32435178103,0.32162996959220097
Upper middle income,DALY,Drift,2019,2,4563149.599848968,4324241.648303829,4207615.224864686,4440868.071742972,238907.95154513884,238907.95154513884,5.235593230453069,0,76682.32435178103,3.1155543805524974
Upper middle income,DALY,Drift,2019,3,4873067.147893458,4400923.972655609,4255800.811732928,4546047.13357829,472143.1752378484,472143.1752378484,9.688829661252415,0,76682.32435178103,6.157131767053464
Upper middle income,DALY,Drift,2019,4,4858325.573486687,4477606.297007391,4307434.3067306075,4647778.287284175,380719.27647929545,380719.27647929545,7.836429871167809,0,76682.32435178103,4.964889623490564
Upper middle income,DALY,ETS,2020,1,4563149.599848968,4269503.999194047,4193559.639222737,4345448.359165358,293645.60065492056,293645.60065492056,6.435151735210252,0,75860.21323013026,3.870877607002164
Upper middle income,DALY,ETS,2020,2,4873067.147893458,4312014.470035631,4149052.091335036,4474976.848736227,561052.6778578265,561052.6778578265,11.513337715864633,0,75860.21323013026,7.395875307597827
Upper middle income,DALY,ETS,2020,3,4858325.573486687,4350606.638077655,4087573.2124284236,4613640.063726886,507718.9354090318,507718.9354090318,10.450492206199675,0,75860.21323013026,6.692822413625583
Upper middle income,DALY,ARIMA,2020,1,4563149.599848968,4318822.219005069,4265471.72207246,4372172.715937678,244327.3808438992,244327.3808438992,5.354358332937101,0,75860.21323013026,3.220757897195798
Upper middle income,DALY,ARIMA,2020,2,4873067.147893458,4428282.407113472,4313497.297849914,4543067.51637703,444784.7407799857,444784.7407799857,9.127408412015384,0,75860.21323013026,5.863215008777822
Upper middle income,DALY,ARIMA,2020,3,4858325.573486687,4523985.261228327,4362398.1399686225,4685572.382488031,334340.31225836,334340.31225836,6.881801295552393,0,75860.21323013026,4.407321018780978
Upper middle income,DALY,Naive,2020,1,4563149.599848968,4222895.9903025245,4055205.8924463345,4390586.088158715,340253.60954644345,340253.60954644345,7.456551710636558,0,75860.21323013026,4.485270935295777
Upper middle income,DALY,Naive,2020,2,4873067.147893458,4222895.9903025245,3985746.379638629,4460045.60096642,650171.1575909331,650171.1575909331,13.34213418076931,0,75860.21323013026,8.57064764132112
Upper middle income,DALY,Naive,2020,3,4858325.573486687,4222895.9903025245,3932448.2208894063,4513343.759715643,635429.5831841622,635429.5831841622,13.079188983379138,0,75860.21323013026,8.376322134193282
Upper middle income,DALY,Drift,2020,1,4563149.599848968,4298756.203532655,4218581.6670273105,4378930.740037999,264393.3963163132,264393.3963163132,5.794098802394384,0,75860.21323013026,3.485270935295777
Upper middle income,DALY,Drift,2020,2,4873067.147893458,4374616.416762785,4259418.242011593,4489814.591513977,498450.7311306726,498450.7311306726,10.228685876945985,0,75860.21323013026,6.57064764132112
Upper middle income,DALY,Drift,2020,3,4858325.573486687,4450476.629992915,4307200.709174103,4593752.5508117275,407848.94349377137,407848.94349377137,8.394845864581887,0,75860.21323013026,5.376322134193281
Upper middle income,DALY,ETS,2021,1,4873067.147893458,4685312.466982049,4551880.143004711,4818744.790959387,187754.68091140874,187754.68091140874,3.852905679589739,0,84389.03246614037,2.2248706428378835
Upper middle income,DALY,ETS,2021,2,4858325.573486687,4805058.354485853,4597459.4829397965,5012657.226031909,53267.21900083404,53267.21900083404,1.0964110616943612,1,84389.03246614037,0.6312102111397779
Upper middle income,DALY,ARIMA,2021,1,4873067.147893458,4979311.412813403,4884889.7917256635,5073733.033901142,-106244.26491994504,106244.26491994504,2.1802339613947774,0,84389.03246614037,1.2589819057657012
Upper middle income,DALY,ARIMA,2021,2,4858325.573486687,5305046.745036118,5076231.35317457,5533862.136897665,-446721.17154943105,446721.17154943105,9.194961613674474,0,84389.03246614037,5.293592763119664
Upper middle income,DALY,Naive,2021,1,4873067.147893458,4563149.599848968,4359288.923900367,4767010.275797569,309917.5480444897,309917.5480444897,6.359804587926962,0,84389.03246614037,3.672486091943745
Upper middle income,DALY,Naive,2021,2,4858325.573486687,4563149.599848968,4274847.067087909,4851452.132610027,295175.9736377187,295175.9736377187,6.07567296948111,0,84389.03246614037,3.497800188148299
Upper middle income,DALY,Drift,2021,1,4873067.147893458,4647538.632315109,4524457.337122637,4770619.92750758,225528.51557834912,225528.51557834912,4.628060905662693,0,84389.03246614037,2.672486091943743
Upper middle income,DALY,Drift,2021,2,4858325.573486687,4731927.664781249,4555165.612068701,4908689.717493798,126397.90870543756,126397.90870543756,2.601676375812032,1,84389.03246614037,1.4978001881482943
Upper middle income,DALY,ETS,2022,1,4858325.573486687,5167128.921787344,5036657.52587582,5297600.317698868,-308803.34830065724,308803.34830065724,6.35616826475953,0,91436.79857796378,3.377232723621173
Upper middle income,DALY,ARIMA,2022,1,4858325.573486687,4991173.131416518,4877098.480194814,5105247.782638223,-132847.55792983156,132847.55792983156,2.7344309458143314,0,91436.79857796378,1.4528894274066124
Upper middle income,DALY,Naive,2022,1,4858325.573486687,4873067.147893458,4645491.4548717365,5100642.840915179,-14741.57440677099,14741.57440677099,0.3034291173736915,1,91436.79857796378,0.16122146264998063
Upper middle income,DALY,Drift,2022,1,4858325.573486687,4964503.946471421,4819787.9758379925,5109219.91710485,-106178.37298473436,106178.37298473436,2.1854931576463508,1,91436.79857796378,1.1612214626499762
Upper middle income,VLW,ETS,2009,1,472.1063194748353,472.59667156130337,465.52139870887913,479.6719444137276,-0.4903520864680786,0.4903520864680786,0.10386475805143632,1,9.75171210434552,0.05028369185033363
Upper middle income,VLW,ETS,2009,2,479.0081230169738,481.44363060194695,470.35304520580786,492.53421599808604,-2.435507584973152,2.435507584973152,0.5084480759185056,1,9.75171210434552,0.24975179321463464
Upper middle income,VLW,ETS,2009,3,487.47949456917536,490.11365042231165,475.19563099742254,505.03166984720076,-2.634155853136292,2.634155853136292,0.5403623911328428,1,9.75171210434552,0.27012239747751265
Upper middle income,VLW,ETS,2009,4,491.25830129873714,498.6102698075924,479.8440436927299,517.3764959224549,-7.3519685088552365,7.3519685088552365,1.4965586310539432,1,9.75171210434552,0.75391566426362
Upper middle income,VLW,ETS,2009,5,504.81286783205354,506.9369567672643,484.2407471022645,529.6331664322641,-2.12408893521075,2.12408893521075,0.42076758945007997,1,9.75171210434552,0.2178170266392731
Upper middle income,VLW,ETS,2009,6,524.3936967871682,515.0971099505978,488.3685637613769,541.8256561398186,9.296586836570441,9.296586836570441,1.7728258164673512,1,9.75171210434552,0.9533286808608441
Upper middle income,VLW,ARIMA,2009,1,472.1063194748353,470.7909807735635,466.71691132163556,474.8650502254914,1.3153387012717985,1.3153387012717985,0.2786106957295051,1,9.75171210434552,0.13488284797555317
Upper middle income,VLW,ARIMA,2009,2,479.0081230169738,481.66470432327577,473.52146482015416,489.8079438263974,-2.656581306301973,2.656581306301973,0.5546004709836281,1,9.75171210434552,0.272422040137768
Upper middle income,VLW,ARIMA,2009,3,487.47949456917536,493.90801973125167,483.4400898201542,504.37594964234916,-6.428525162076312,6.428525162076312,1.318727296982556,1,9.75171210434552,0.6592201547061318
Upper middle income,VLW,ARIMA,2009,4,491.25830129873714,504.77856776452234,493.4630437470225,516.0940917820221,-13.520266465785198,13.520266465785198,2.752170585217947,0,9.75171210434552,1.3864505351588825
Upper middle income,VLW,ARIMA,2009,5,504.81286783205354,513.755827095551,502.0650854221303,525.4465687689717,-8.942959263497471,8.942959263497471,1.7715394819279269,1,9.75171210434552,0.917065554007931
Upper middle income,VLW,ARIMA,2009,6,524.3936967871682,522.242056054467,510.05916423528305,534.4249478736508,2.151640732701253,2.151640732701253,0.41031018219399457,1,9.75171210434552,0.2206423558938381
Upper middle income,VLW,Naive,2009,1,472.1063194748353,463.5686565797858,443.67139452173086,483.46591863784073,8.537662895049493,8.537662895049493,1.8084195323940324,1,9.75171210434552,0.875503993934047
Upper middle income,VLW,Naive,2009,2,479.0081230169738,463.5686565797858,435.4296787231929,491.70763443637867,15.439466437188003,15.439466437188003,3.223215994740219,1,9.75171210434552,1.583256998564173
Upper middle income,VLW,Naive,2009,3,487.47949456917536,463.5686565797858,429.10558776372216,498.03172539584943,23.910837989389563,23.910837989389563,4.904993595786318,1,9.75171210434552,2.451963074128748
Upper middle income,VLW,Naive,2009,4,491.25830129873714,463.5686565797858,423.7741324636759,503.36318069589566,27.689644718951342,27.689644718951342,5.636473652607674,1,9.75171210434552,2.8394649496074016
Upper middle income,VLW,Naive,2009,5,504.81286783205354,463.5686565797858,419.0770260518476,508.060287107724,41.244211252267746,41.244211252267746,8.170198083379542,1,9.75171210434552,4.22943282276439
Upper middle income,VLW,Naive,2009,6,524.3936967871682,463.5686565797858,414.83051725911133,512.3067959004602,60.825040207382415,60.825040207382415,11.599117338755699,0,9.75171210434552,6.237370377277421
Upper middle income,VLW,Drift,2009,1,472.1063194748353,473.3203686841313,467.4899793387776,479.1507580294851,-1.2140492092960358,1.2140492092960358,0.2571558903609949,1,9.75171210434552,0.12449600606595389
Upper middle income,VLW,Drift,2009,2,479.0081230169738,483.07208078847685,474.62304393042785,491.52111764652585,-4.0639577715030555,4.0639577715030555,0.8484110344323009,1,9.75171210434552,0.41674300143582893
Upper middle income,VLW,Drift,2009,3,487.47949456917536,492.8237928928223,482.2323646732304,503.41522111241426,-5.344298323646967,5.344298323646967,1.096312436355944,1,9.75171210434552,0.548036925871249
Upper middle income,VLW,Drift,2009,4,491.25830129873714,502.57550499716785,490.07071297072025,515.0802970236155,-11.317203698430717,11.317203698430717,2.3037175491002353,1,9.75171210434552,1.160535050392596
Upper middle income,VLW,Drift,2009,5,504.81286783205354,512.3272171015134,498.04573820363703,526.6086959993897,-7.514349269459842,7.514349269459842,1.4885415464408873,1,9.75171210434552,0.7705671772356084
Upper middle income,VLW,Drift,2009,6,524.3936967871682,522.0789292058589,506.1117503884187,538.0461080232991,2.3147675813092974,2.3147675813092974,0.4414178880278904,1,9.75171210434552,0.23737037727742183
Upper middle income,VLW,ETS,2010,1,479.0081230169738,480.8501741940623,474.02609500428815,487.6742533838364,-1.8420511770884787,1.8420511770884787,0.38455531098022844,1,9.691009643880719,0.1900783555871933
Upper middle income,VLW,ETS,2010,2,487.47949456917536,489.419099810949,478.698019810766,500.14017981113193,-1.93960524177362,1.93960524177362,0.3978844778871785,1,9.691009643880719,0.2001448056548331
Upper middle income,VLW,ETS,2010,3,491.25830129873714,497.8166469052683,483.3685131765859,512.2647806339507,-6.558345606531191,6.558345606531191,1.3350096251183796,1,9.691009643880719,0.6767453389825472
Upper middle income,VLW,ETS,2010,4,504.81286783205354,506.0462430476764,487.8425567922269,524.2499293031259,-1.233375215622857,1.233375215622857,0.2443232520834214,1,9.691009643880719,0.12727004315816137
Upper middle income,VLW,ETS,2010,5,524.3936967871682,514.1112472574118,492.0662560571359,536.1562384576878,10.282449529756377,10.282449529756377,1.9608263014514529,1,9.691009643880719,1.0610297489745164
Upper middle income,VLW,ETS,2010,6,553.6470813899484,522.0149513733245,496.0241308100381,548.0057719366109,31.632130016623933,31.632130016623933,5.713410416110291,0,9.691009643880719,3.264069604615211
Upper middle income,VLW,ARIMA,2010,1,479.0081230169738,484.0419658026787,480.0455177716529,488.0384138337045,-5.0338427857049055,5.0338427857049055,1.0508888145778958,0,9.691009643880719,0.5194342974246724
Upper middle income,VLW,ARIMA,2010,2,487.47949456917536,496.1822428143465,488.3311907621361,504.03329486655696,-8.702748245171165,8.702748245171165,1.7852542193313135,0,9.691009643880719,0.8980228650031753
Upper middle income,VLW,ARIMA,2010,3,491.25830129873714,506.2655758409732,496.3354438698521,516.1957078120944,-15.007274542236075,15.007274542236075,3.0548643152820865,0,9.691009643880719,1.5485769897785886
Upper middle income,VLW,ARIMA,2010,4,504.81286783205354,514.7952907291794,504.1537508598442,525.4368305985147,-9.9824228971259,9.9824228971259,1.977450166830327,1,9.691009643880719,1.0300704739706035
Upper middle income,VLW,ARIMA,2010,5,524.3936967871682,523.5822874354282,512.6020601282789,534.5625147425774,0.8114093517400534,0.8114093517400534,0.15473285752886806,1,9.691009643880719,0.0837280512100624
Upper middle income,VLW,ARIMA,2010,6,553.6470813899484,533.5521676964215,522.0601668752789,545.0441685175641,20.094913693526905,20.094913693526905,3.6295528991280857,0,9.691009643880719,2.0735624493177154
Upper middle income,VLW,Naive,2010,1,479.0081230169738,472.1063194748353,452.355205420891,491.85743352877955,6.901803542138509,6.901803542138509,1.4408531318150406,1,9.691009643880719,0.7121862216385861
Upper middle income,VLW,Naive,2010,2,487.47949456917536,472.1063194748353,444.17402610776946,500.0386128419011,15.37317509434007,15.37317509434007,3.15360446246597,1,9.691009643880719,1.5863336906332863
Upper middle income,VLW,Naive,2010,3,491.25830129873714,472.1063194748353,437.8963864273161,506.3162525223545,19.15198182390185,19.15198182390185,3.8985563751838592,1,9.691009643880719,1.9762627969310873
Upper middle income,VLW,Naive,2010,4,504.81286783205354,472.1063194748353,432.60409136694676,511.6085475827238,32.70654835721825,32.70654835721825,6.4789450589241735,1,9.691009643880719,3.3749371385540248
Upper middle income,VLW,Naive,2010,5,524.3936967871682,472.1063194748353,427.94148581886446,516.2711531308062,52.28737731233292,52.28737731233292,9.971015600051047,0,9.691009643880719,5.395451994555511
Upper middle income,VLW,Naive,2010,6,553.6470813899484,472.1063194748353,423.72616819115814,520.4864707585125,81.54076191511314,81.54076191511314,14.727931322315019,0,9.691009643880719,8.414062611794133
Upper middle income,VLW,Drift,2010,1,479.0081230169738,481.797329118716,476.1033801403216,487.4912780971104,-2.789206101742195,2.789206101742195,0.5822878501881603,1,9.691009643880719,0.28781377836141236
Upper middle income,VLW,Drift,2010,2,487.47949456917536,491.48833876259675,483.24638332362883,499.7302942015647,-4.008844193421396,4.008844193421396,0.8223616045561736,1,9.691009643880719,0.41366630936671667
Upper middle income,VLW,Drift,2010,3,491.25830129873714,501.17934840647746,490.85818938880305,511.50050742415186,-9.921047107740321,9.921047107740321,2.0195174476466042,1,9.691009643880719,1.0237372030689142
Upper middle income,VLW,Drift,2010,4,504.81286783205354,510.87035805035816,498.69618304754476,523.0445330531716,-6.057490218304622,6.057490218304622,1.1999476646304292,1,9.691009643880719,0.6250628614459751
Upper middle income,VLW,Drift,2010,5,524.3936967871682,520.5613676942389,506.6695546357881,534.4531807526898,3.8323290929292853,3.8323290929292853,0.730811433548692,1,9.691009643880719,0.39545199455550717
Upper middle income,VLW,Drift,2010,6,553.6470813899484,530.2523773381196,514.7332883628098,545.7714663134293,23.394704051828853,23.394704051828853,4.225562608059942,0,9.691009643880719,2.4140626117941366
Upper middle income,VLW,ETS,2011,1,487.47949456917536,485.7754907010135,479.206193413288,492.344787988739,1.7040038681618626,1.7040038681618626,0.34955395809373013,1,9.558190305702519,0.1782768299920996
Upper middle income,VLW,ETS,2011,2,491.25830129873714,492.4066858491591,477.84138856166527,506.9719831366529,-1.1483845504219516,1.1483845504219516,0.23376389719745663,1,9.558190305702519,0.12014665053664113
Upper middle income,VLW,ETS,2011,3,504.81286783205354,498.90525695790035,474.7218120146283,523.0887019011724,5.9076108741531925,5.9076108741531925,1.1702575846617678,1,9.558190305702519,0.618067927631515
Upper middle income,VLW,ETS,2011,4,524.3936967871682,505.2738565107541,470.1411896421936,540.4065233793146,19.119840276414095,19.119840276414095,3.6460850680617782,1,9.558190305702519,2.0003619581634604
Upper middle income,VLW,ETS,2011,5,553.6470813899484,511.5150839415124,464.3017137593058,558.728454123719,42.13199744843604,42.13199744843604,7.609901481402617,1,9.558190305702519,4.407947121883484
Upper middle income,VLW,ETS,2011,6,577.4485707945638,517.6314866952379,457.3530788147163,577.9098945757594,59.81708409932594,59.81708409932594,10.358859147753746,1,9.558190305702519,6.258201833838611
Upper middle income,VLW,ARIMA,2011,1,487.47949456917536,486.7665497622369,482.34752682998675,491.185572694487,0.7129448069384807,0.7129448069384807,0.14625124028418202,1,9.558190305702519,0.07458993639341227
Upper middle income,VLW,ARIMA,2011,2,491.25830129873714,496.30181617694564,487.3302875880285,505.27334476586276,-5.043514878208498,5.043514878208498,1.0266523466117485,1,9.558190305702519,0.5276642038817204
Upper middle income,VLW,ARIMA,2011,3,504.81286783205354,505.8370825916544,493.9438539817368,517.730311201572,-1.0242147596008522,1.0242147596008522,0.20288998654083412,1,9.558190305702519,0.10715571952881024
Upper middle income,VLW,ARIMA,2011,4,524.3936967871682,515.3723490063633,501.1452815533086,529.599416459418,9.021347780804945,9.021347780804945,1.7203387142287432,1,9.558190305702519,0.9438342920858891
Upper middle income,VLW,ARIMA,2011,5,553.6470813899484,524.907615421072,508.67893679772834,541.1362940444158,28.739465968876402,28.739465968876402,5.19093605564127,0,9.558190305702519,3.006789470568516
Upper middle income,VLW,ARIMA,2011,6,577.4485707945638,534.4428818357808,516.4337016377324,552.4520620338292,43.005688958783026,43.005688958783026,7.447535786538982,0,9.558190305702519,4.499354750566681
Upper middle income,VLW,Naive,2011,1,487.47949456917536,479.0081230169738,459.50828467332116,498.50796136062644,8.47137155220156,8.47137155220156,1.7377903371481072,1,9.558190305702519,0.8862945056814205
Upper middle income,VLW,Naive,2011,2,491.25830129873714,479.0081230169738,451.4311871672973,506.5850588666503,12.25017828176334,12.25017828176334,2.493632830097243,1,9.558190305702519,1.2816420148545014
Upper middle income,VLW,Naive,2011,3,504.81286783205354,479.0081230169738,445.23341226638763,512.78283376756,25.804744815079744,25.804744815079744,5.111744660135078,1,9.558190305702519,2.6997521486556253
Upper middle income,VLW,Naive,2011,4,524.3936967871682,479.0081230169738,440.00844632966846,518.0077997042791,45.38557377019441,45.38557377019441,8.65486638154896,0,9.558190305702519,4.74834380971855
Upper middle income,VLW,Naive,2011,5,553.6470813899484,479.0081230169738,435.40515893030954,522.611087103638,74.63895837297463,74.63895837297463,13.481324273504914,0,9.558190305702519,7.808900637649391
Upper middle income,VLW,Naive,2011,6,577.4485707945638,479.0081230169738,431.24346900826646,526.7727770256811,98.44044777759001,98.44044777759001,17.04748314505946,0,9.558190305702519,10.299067567095769
Upper middle income,VLW,Drift,2011,1,487.47949456917536,488.5663133226763,482.88995561562484,494.2426710297278,-1.0868187535009497,1.0868187535009497,0.22294655787756948,1,9.558190305702519,0.11370549431857849
Upper middle income,VLW,Drift,2011,2,491.25830129873714,498.1245036283788,489.9165039450142,506.33250331174344,-6.8662023296416805,6.8662023296416805,1.3976766013906605,1,9.558190305702519,0.7183579851454966
Upper middle income,VLW,Drift,2011,3,504.81286783205354,507.6826939340814,497.4137764667368,517.951611401426,-2.8698261020278437,2.8698261020278437,0.568493056516659,1,9.558190305702519,0.30024785134437787
Upper middle income,VLW,Drift,2011,4,524.3936967871682,517.2408842397839,505.13884894544333,529.3429195341245,7.152812547384315,7.152812547384315,1.3640157368801047,1,9.558190305702519,0.7483438097185479
Upper middle income,VLW,Drift,2011,5,553.6470813899484,526.7990745454864,513.0006313091968,540.597517781776,26.84800684446202,26.84800684446202,4.849299806125457,0,9.558190305702519,2.8089006376493897
Upper middle income,VLW,Drift,2011,6,577.4485707945638,536.3572648511889,520.9538886501721,551.7606410522058,41.09130594337489,41.09130594337489,7.1160113682217006,0,9.558190305702519,4.2990675670957685
Upper middle income,VLW,ETS,2012,1,491.25830129873714,495.3940067997597,489.2974257568684,501.49058784265105,-4.135705501022585,4.135705501022585,0.8418596673255273,1,9.508789453270657,0.43493501684381725
Upper middle income,VLW,ETS,2012,2,504.81286783205354,502.78891282648436,489.5145123980648,516.063313254904,2.023955005569178,2.023955005569178,0.40093173818273753,1,9.508789453270657,0.21285096441724405
Upper middle income,VLW,ETS,2012,3,524.3936967871682,509.69814942251475,488.0401529786767,531.3561458663528,14.695547364653464,14.695547364653464,2.8023882542237795,1,9.508789453270657,1.5454698452281708
Upper middle income,VLW,ETS,2012,4,553.6470813899484,516.1536135173126,485.2210473784008,547.0861796562243,37.49346787263585,37.49346787263585,6.7720880562591095,0,9.508789453270657,3.9430327127223896
Upper middle income,VLW,ETS,2012,5,577.4485707945638,522.1851071707745,481.30292861305264,563.0672857284962,55.263463623789335,55.263463623789335,9.570283211152004,0,9.508789453270657,5.811829559942653
Upper middle income,VLW,ETS,2012,6,584.7854984561808,527.8204751563338,476.47104281068664,579.169907501981,56.96502329984696,56.96502329984696,9.741182613151867,0,9.508789453270657,5.990775542963904
Upper middle income,VLW,ARIMA,2012,1,491.25830129873714,497.5919144515873,493.2757429199809,501.90808598319364,-6.333613152850148,6.333613152850148,1.2892633337912065,0,9.508789453270657,0.666079860530683
Upper middle income,VLW,ARIMA,2012,2,504.81286783205354,507.1827625786091,498.40312213350205,515.9624030237161,-2.3698947465555307,2.3698947465555307,0.4694600509557479,1,9.508789453270657,0.24923201404363604
Upper middle income,VLW,ARIMA,2012,3,524.3936967871682,516.7736107056309,505.13166774062415,528.4155536706376,7.620086081537352,7.620086081537352,1.453123126426529,1,9.508789453270657,0.8013728896811714
Upper middle income,VLW,ARIMA,2012,4,553.6470813899484,526.3644588326526,512.4365162115912,540.2924014537141,27.28262255729578,27.28262255729578,4.927800303543893,0,9.508789453270657,2.869200405726894
Upper middle income,VLW,ARIMA,2012,5,577.4485707945638,535.9553069596745,520.0669358880168,551.8436780313323,41.49326383488926,41.49326383488926,7.185620665368505,0,9.508789453270657,4.363674686331096
Upper middle income,VLW,ARIMA,2012,6,584.7854984561808,545.5461550866962,527.9139945564095,563.1783156169829,39.23934336948457,39.23934336948457,6.710040429024911,0,9.508789453270657,4.126639207053612
Upper middle income,VLW,Naive,2012,1,491.25830129873714,487.47949456917536,468.10191077998894,506.8570783583618,3.7788067295617793,3.7788067295617793,0.7692097455802307,1,9.508789453270657,0.39740145137633853
Upper middle income,VLW,Naive,2012,2,504.81286783205354,487.47949456917536,460.07545276848685,514.8835363698638,17.333373262878183,17.333373262878183,3.4336235003908087,1,9.508789453270657,1.8228790686827303
Upper middle income,VLW,Naive,2012,3,524.3936967871682,487.47949456917536,453.9165349183814,521.0424542199693,36.91420221799285,36.91420221799285,7.039406164520499,0,9.508789453270657,3.8821137432268826
Upper middle income,VLW,Naive,2012,4,553.6470813899484,487.47949456917536,448.72432699080247,526.2346621475482,66.16758682077307,66.16758682077307,11.951221101835714,0,9.508789453270657,6.95857103009195
Upper middle income,VLW,Naive,2012,5,577.4485707945638,487.47949456917536,444.14989997685655,530.8090891614942,89.96907622538845,89.96907622538845,15.580448333535893,0,9.508789453270657,9.461675081515509
Upper middle income,VLW,Naive,2012,6,584.7854984561808,487.47949456917536,440.0143018376416,534.9446873007091,97.30600388700543,97.30600388700543,16.639606170790977,0,9.508789453270657,10.233269373057357
Upper middle income,VLW,Drift,2012,1,491.25830129873714,496.988284022446,491.43500378703317,502.54156425785885,-5.729982723708872,5.729982723708872,1.1663889869261332,0,9.508789453270657,0.6025985486236609
Upper middle income,VLW,Drift,2012,2,504.81286783205354,506.49707347571666,498.4746369329425,514.5195100184909,-1.6842056436631196,1.6842056436631196,0.3336296974552239,1,9.508789453270657,0.17712093131726855
Upper middle income,VLW,Drift,2012,3,524.3936967871682,516.0058629289873,505.9778172505196,526.033908607455,8.387833858180898,8.387833858180898,1.5995298779468752,1,9.508789453270657,0.8821137432268843
Upper middle income,VLW,Drift,2012,4,553.6470813899484,525.514652382258,513.7059455304127,537.3233592341032,28.13242900769046,28.13242900769046,5.081292750078825,0,9.508789453270657,2.9585710300919525
Upper middle income,VLW,Drift,2012,5,577.4485707945638,535.0234418355286,521.5694067444125,548.4774769266447,42.42512895903519,42.42512895903519,7.346996962977778,0,9.508789453270657,4.461675081515511
Upper middle income,VLW,Drift,2012,6,584.7854984561808,544.5322312887993,529.5236268137012,559.5408357638973,40.25326716738152,40.25326716738152,6.883424310905307,0,9.508789453270657,4.233269373057361
Upper middle income,VLW,ETS,2013,1,504.81286783205354,498.5541051518766,491.91497954174974,505.1932307620035,6.258762680176915,6.258762680176915,1.2398183721139109,1,9.25965976963114,0.6759171325823166
Upper middle income,VLW,ETS,2013,2,524.3936967871682,505.70353722682614,495.70748470690137,515.6995897467509,18.690159560342067,18.690159560342067,3.5641464942946683,0,9.25965976963114,2.018449924222928
Upper middle income,VLW,ETS,2013,3,553.6470813899484,512.7099806247189,499.7232745250632,525.6966867243747,40.9371007652295,40.9371007652295,7.394078672365728,0,9.25965976963114,4.4210156510815555
Upper middle income,VLW,ETS,2013,4,577.4485707945638,519.5762951198074,503.72327837508874,535.429311864526,57.87227567475645,57.87227567475645,10.022065791092832,0,9.25965976963114,6.24993543116561
Upper middle income,VLW,ETS,2013,5,584.7854984561808,526.3052832908443,507.6269684610165,544.9835981206721,58.48021516533652,58.48021516533652,10.000284774455391,0,9.25965976963114,6.31559005624956
Upper middle income,VLW,ETS,2013,6,585.1087876908207,532.8996916649938,511.3999866483149,554.3993966816728,52.20909602582685,52.20909602582685,8.922972466688508,0,9.25965976963114,5.638338483780664
Upper middle income,VLW,ARIMA,2013,1,504.81286783205354,495.7948263265958,490.811857389869,500.7777952633226,9.018041505457745,9.018041505457745,1.786412764037933,0,9.25965976963114,0.9739063561529734
Upper middle income,VLW,ARIMA,2013,2,524.3936967871682,504.9175550785334,494.8489711502186,514.9861390068481,19.476141708634827,19.476141708634827,3.7140304751869406,0,9.25965976963114,2.103332324640116
Upper middle income,VLW,ARIMA,2013,3,553.6470813899484,514.0402838304709,500.70151382650675,527.379053834435,39.60679755947751,39.60679755947751,7.1537986726207246,0,9.25965976963114,4.277349119173442
Upper middle income,VLW,ARIMA,2013,4,577.4485707945638,523.1630125824086,507.21092218284684,539.1151029819703,54.28555821215525,54.28555821215525,9.400933859349385,0,9.25965976963114,5.862586700020591
Upper middle income,VLW,ARIMA,2013,5,584.7854984561808,532.2857413343461,514.0919074609449,550.4795752077473,52.499757121834705,52.499757121834705,8.9776092704817,0,9.25965976963114,5.669728524369534
Upper middle income,VLW,ARIMA,2013,6,585.1087876908207,541.4084700862836,521.22030538738,561.5966347851872,43.70031760453708,43.70031760453708,7.468750858623048,0,9.25965976963114,4.719430161771255
Upper middle income,VLW,Naive,2013,1,504.81286783205354,491.25830129873714,472.2438328618521,510.27276973562215,13.554566533316404,13.554566533316404,2.6850675561277253,1,9.25965976963114,1.4638298674613561
Upper middle income,VLW,Naive,2013,2,524.3936967871682,491.25830129873714,464.3677821539792,518.1488204434951,33.13539548843107,33.13539548843107,6.318801253989803,0,9.25965976963114,3.57846792569043
Upper middle income,VLW,Naive,2013,3,553.6470813899484,491.25830129873714,458.32427588713756,524.1923267103367,62.38878009121129,62.38878009121129,11.268691227375802,0,9.25965976963114,6.737696809965681
Upper middle income,VLW,Naive,2013,4,577.4485707945638,491.25830129873714,453.2293644249671,529.2872381725072,86.19026949582667,86.19026949582667,14.926051228636632,0,9.25965976963114,9.308146480554768
Upper middle income,VLW,Naive,2013,5,584.7854984561808,491.25830129873714,448.7406573178381,533.7759452796362,93.52719715744365,93.52719715744365,15.993419365622632,0,9.25965976963114,10.100500394645636
Upper middle income,VLW,Naive,2013,6,585.1087876908207,491.25830129873714,444.6825558981128,537.8340466993615,93.85048639208355,93.85048639208355,16.039835388983324,0,9.25965976963114,10.135414121789282
Upper middle income,VLW,Drift,2013,1,504.81286783205354,500.51796106836827,494.5931282369873,506.44279389974923,4.294906763685276,4.294906763685276,0.8507918552334033,1,9.25965976963114,0.4638298674613575
Upper middle income,VLW,Drift,2013,2,524.3936967871682,509.7776208379994,501.22586126274604,518.3293804132527,14.616075949168817,14.616075949168817,2.7872333398967104,0,9.25965976963114,1.5784679256904328
Upper middle income,VLW,Drift,2013,3,553.6470813899484,519.0372806076306,508.3561363215823,529.7184248936788,34.60980078231785,34.60980078231785,6.251238730533693,0,9.25965976963114,3.737696809965679
Upper middle income,VLW,Drift,2013,4,577.4485707945638,528.2969403772616,515.7284719598631,540.8654087946602,49.15163041730216,49.15163041730216,8.511862857270557,0,9.25965976963114,5.308146480554773
Upper middle income,VLW,Drift,2013,5,584.7854984561808,537.5566001468928,523.2467693606038,551.8664309331818,47.228898309287956,47.228898309287956,8.076277273285859,0,9.25965976963114,5.100500394645636
Upper middle income,VLW,Drift,2013,6,585.1087876908207,546.816259916524,530.8631592906701,562.769360542378,38.29252777429667,38.29252777429667,6.544514213403159,0,9.25965976963114,4.135414121789278
Upper middle income,VLW,ETS,2014,1,524.3936967871682,512.5687990300966,505.52118753317495,519.6164105270182,11.824897757071653,11.824897757071653,2.254965654530157,0,9.438614218118026,1.2528213871028866
Upper middle income,VLW,ETS,2014,2,553.6470813899484,520.1702232324348,509.72535840965895,530.6150880552105,33.476858157513675,33.476858157513675,6.046606093085322,0,9.438614218118026,3.5467980133410575
Upper middle income,VLW,ETS,2014,3,577.4485707945638,527.6196189480769,514.2426261992326,540.9966116969211,49.828951846486916,49.828951846486916,8.629158398976163,0,9.438614218118026,5.279265652243424
Upper middle income,VLW,ETS,2014,4,584.7854984561808,534.9200267468099,518.8009964372525,551.0390570563673,49.86547170937092,49.86547170937092,8.527138898111279,0,9.438614218118026,5.283134849780272
Upper middle income,VLW,ETS,2014,5,585.1087876908207,542.0744263870238,523.3048653499676,560.84398742408,43.03436130379691,43.03436130379691,7.35493334045375,0,9.438614218118026,4.559394028541784
Upper middle income,VLW,ETS,2014,6,591.9850378522905,549.0857380319399,527.7108680003214,570.4606080635583,42.89929982035062,42.89929982035062,7.246686500048785,0,9.438614218118026,4.54508456739366
Upper middle income,VLW,ARIMA,2014,1,524.3936967871682,514.2514820501736,508.323334825022,520.1796292753253,10.14221473699456,10.14221473699456,1.9340840286855903,0,9.438614218118026,1.074544896381709
Upper middle income,VLW,ARIMA,2014,2,553.6470813899484,523.6900962682938,515.30643006274,532.0737624738476,29.95698512165461,29.95698512165461,5.41084494592596,0,9.438614218118026,3.173875362354598
Upper middle income,VLW,ARIMA,2014,3,577.4485707945638,533.1287104864139,522.8608582977027,543.396562675125,44.31986030814994,44.31986030814994,7.675118192286151,0,9.438614218118026,4.695589763916309
Upper middle income,VLW,ARIMA,2014,4,584.7854984561808,542.567324704534,530.7110302542308,554.4236191548373,42.21817375164676,42.21817375164676,7.2194289809001235,0,9.438614218118026,4.472920788584225
Upper middle income,VLW,ARIMA,2014,5,585.1087876908207,552.0059389226541,538.7501987465882,565.2616790987199,33.10284876816661,33.10284876816661,5.657554537645844,0,9.438614218118026,3.507172557664616
Upper middle income,VLW,ARIMA,2014,6,591.9850378522905,561.4445531407741,546.9236173190567,575.9654889624916,30.540484711516342,30.540484711516342,5.158996048669843,0,9.438614218118026,3.235695834764803
Upper middle income,VLW,Naive,2014,1,524.3936967871682,504.81286783205354,485.42491286850327,524.2008227956038,19.58082895511467,19.58082895511467,3.7339939581809647,0,9.438614218118026,2.0745448963819295
Upper middle income,VLW,Naive,2014,2,553.6470813899484,504.81286783205354,477.394158975922,532.2315766881851,48.834213557894884,48.834213557894884,8.820458952893793,0,9.438614218118026,5.173875362355045
Upper middle income,VLW,Naive,2014,3,577.4485707945638,504.81286783205354,471.2319447803273,538.3937908837797,72.63570296251027,72.63570296251027,12.578731100254387,0,9.438614218118026,7.695589763916971
Upper middle income,VLW,Naive,2014,4,584.7854984561808,504.81286783205354,466.03695790495306,543.588777759154,79.97263062412725,79.97263062412725,13.67554955368302,0,9.438614218118026,8.472920788585114
Upper middle income,VLW,Naive,2014,5,585.1087876908207,504.81286783205354,461.46008258885075,548.1656530752564,80.29591985876715,80.29591985876715,13.723246265991238,0,9.438614218118026,8.507172557665719
Upper middle income,VLW,Naive,2014,6,591.9850378522905,504.81286783205354,457.322271015295,552.3034646488121,87.17217002023693,87.17217002023693,14.725400887916996,0,9.438614218118026,9.23569583476612
Upper middle income,VLW,Drift,2014,1,524.3936967871682,514.2514820501716,508.20213140468337,520.3008326956599,10.142214736996607,10.142214736996607,1.9340840286859802,0,9.438614218118026,1.074544896381926
Upper middle income,VLW,Drift,2014,2,553.6470813899484,523.6900962682896,514.965598694062,532.4145938425172,29.956985121658818,29.956985121658818,5.41084494592672,0,9.438614218118026,3.1738753623550435
Upper middle income,VLW,Drift,2014,3,577.4485707945638,533.1287104864076,522.2398793245287,544.0175416482865,44.319860308156194,44.319860308156194,7.675118192287234,0,9.438614218118026,4.6955897639169715
Upper middle income,VLW,Drift,2014,4,584.7854984561808,542.5673247045256,529.7632627834137,555.3713866256376,42.21817375165517,42.21817375165517,7.2194289809015615,0,9.438614218118026,4.4729207885851165
Upper middle income,VLW,Drift,2014,5,585.1087876908207,552.0059389226436,537.4371733350587,566.5747045102286,33.10284876817707,33.10284876817707,5.657554537647631,0,9.438614218118026,3.5071725576657244
Upper middle income,VLW,Drift,2014,6,591.9850378522905,561.4445531407617,545.212442025109,577.6766642564145,30.540484711528734,30.540484711528734,5.158996048671936,0,9.438614218118026,3.2356958347661156
Upper middle income,VLW,ETS,2015,1,553.6470813899484,543.1132481346691,535.293436379035,550.9330598903032,10.533833255279319,10.533833255279319,1.9026259885329477,0,9.844302807597892,1.070043604017264
Upper middle income,VLW,ETS,2015,2,577.4485707945638,561.0103697316572,543.8329372783195,578.1878021849949,16.438201062906614,16.438201062906614,2.8466952546592683,1,9.844302807597892,1.66981871486313
Upper middle income,VLW,ETS,2015,3,584.7854984561808,578.1205888294353,549.8600951135878,606.3810825452828,6.664909626745498,6.664909626745498,1.13971869075767,1,9.844302807597892,0.6770321633748894
Upper middle income,VLW,ETS,2015,4,585.1087876908207,594.47850403873,553.7897454276472,635.1672626498128,-9.369716347909275,9.369716347909275,1.6013631217004314,1,9.844302807597892,0.9517907495366429
Upper middle income,VLW,ETS,2015,5,591.9850378522905,610.117192734962,555.9177230567581,664.316662413166,-18.132154882671557,18.132154882671557,3.0629414129206105,1,9.844302807597892,1.8418932490249134
Upper middle income,VLW,ETS,2015,6,639.9712891022803,625.0682779440779,556.4696287170132,693.6669271711426,14.90301115820239,14.90301115820239,2.328699960760363,1,9.844302807597892,1.513871672730359
Upper middle income,VLW,ARIMA,2015,1,553.6470813899484,537.2347757624409,531.1064192835486,543.3631322413332,16.41230562750752,16.41230562750752,2.964398473176073,0,9.844302807597892,1.6671882151817197
Upper middle income,VLW,ARIMA,2015,2,577.4485707945638,547.2291361672255,535.2709403618984,559.1873319725527,30.219434627338273,30.219434627338273,5.233268581088808,0,9.844302807597892,3.069738428201816
Upper middle income,VLW,ARIMA,2015,3,584.7854984561808,557.2234965720102,541.4615125374825,572.9854806065379,27.562001884170627,27.562001884170627,4.713181492518817,0,9.844302807597892,2.7997921663785177
Upper middle income,VLW,ARIMA,2015,4,585.1087876908207,567.2178569767948,548.4061097296392,586.0296042239504,17.8909307140259,17.8909307140259,3.057710137055693,1,9.844302807597892,1.817389312752303
Upper middle income,VLW,ARIMA,2015,5,591.9850378522905,577.2122173815794,555.7803829226016,598.6440518405573,14.772820470711054,14.772820470711054,2.4954719335992923,1,9.844302807597892,1.5006466947877002
Upper middle income,VLW,ARIMA,2015,6,639.9712891022803,587.206577786364,563.4417882425201,610.971367330208,52.7647113159162,52.7647113159162,8.244856013764602,0,9.844302807597892,5.359923637780837
Upper middle income,VLW,Naive,2015,1,553.6470813899484,524.3936967871682,503.9053815796189,544.8820119947176,29.253384602780216,29.253384602780216,5.283760284500855,0,9.844302807597892,2.9716055239790347
Upper middle income,VLW,Naive,2015,2,577.4485707945638,524.3936967871682,495.41884355047705,553.3685500238594,53.0548740073956,53.0548740073956,9.187809389569116,0,9.844302807597892,5.389398827354999
Upper middle income,VLW,Naive,2015,3,584.7854984561808,524.3936967871682,488.9068938862067,559.8804996881297,60.39180166901258,60.39180166901258,10.327171557510479,0,9.844302807597892,6.134695655887569
Upper middle income,VLW,Naive,2015,4,585.1087876908207,524.3936967871682,483.4170663720696,565.3703272022668,60.71509090365248,60.71509090365248,10.3767183438262,0,9.844302807597892,6.167535892617221
Upper middle income,VLW,Naive,2015,5,591.9850378522905,524.3936967871682,478.58043123864525,570.2069623356912,67.59134106512226,67.59134106512226,11.417744831920459,0,9.844302807597892,6.866036365008487
Upper middle income,VLW,Naive,2015,6,639.9712891022803,524.3936967871682,474.20777883936756,574.5796147349688,115.57759231511204,115.57759231511204,18.059808976311814,0,9.844302807597892,11.74055639835749
Upper middle income,VLW,Drift,2015,1,553.6470813899484,534.237999594766,527.0649955501674,541.4110036393647,19.409081795182374,19.409081795182374,3.5056776144209523,0,9.844302807597892,1.9716055239790398
Upper middle income,VLW,Drift,2015,2,577.4485707945638,544.082302402364,533.744903348282,554.419701456446,33.3662683921998,33.3662683921998,5.778223391615313,0,9.844302807597892,3.3893988273549973
Upper middle income,VLW,Drift,2015,3,584.7854984561808,553.9266052099618,541.0336033663832,566.8196070535405,30.85889324621894,30.85889324621894,5.276959385567127,0,9.844302807597892,3.134695655887572
Upper middle income,VLW,Drift,2015,4,585.1087876908207,563.7709080175598,548.6198348202781,578.9219812148415,21.337879673260886,21.337879673260886,3.6468226289118917,0,9.844302807597892,2.1675358926172184
Upper middle income,VLW,Drift,2015,5,591.9850378522905,573.6152108251576,556.3862124016877,590.8442092486276,18.36982702713283,18.36982702713283,3.103089749325115,0,9.844302807597892,1.8660363650084886
Upper middle income,VLW,Drift,2015,6,639.9712891022803,583.4595136327556,564.2741129468654,602.6449143186458,56.51177546952465,56.51177546952465,8.830361053977366,0,9.844302807597892,5.740556398357487
Upper middle income,VLW,ETS,2016,1,577.4485707945638,582.1073705700175,573.1375837023185,591.0771574377164,-4.6587997754536445,4.6587997754536445,0.8067904244776605,1,10.590805953566441,0.43989095786282434
Upper middle income,VLW,ETS,2016,2,584.7854984561808,610.1182340750562,590.4472866882843,629.7891814618281,-25.332735618875404,25.332735618875404,4.3319705577093135,0,10.590805953566441,2.3919554120755686
Upper middle income,VLW,ETS,2016,3,585.1087876908207,637.5688802966514,604.9826701196428,670.15509047366,-52.46009260583071,52.46009260583071,8.965869887695368,0,10.590805953566441,4.9533617022002785
Upper middle income,VLW,ETS,2016,4,591.9850378522905,664.4705135807388,617.1723655082341,711.7686616532436,-72.48547572844836,72.48547572844836,12.24447766305449,0,10.590805953566441,6.8441888224794605
Upper middle income,VLW,ETS,2016,5,639.9712891022803,690.8341141863302,627.300922201383,754.3673061712775,-50.86282508404997,50.86282508404997,7.947672958172515,1,10.590805953566441,4.802545274368093
Upper middle income,VLW,ETS,2016,6,685.4941270236512,716.6704427672516,635.5785013804906,797.7623841540127,-31.176315743600412,31.176315743600412,4.548006250464163,1,10.590805953566441,2.9437151318122137
Upper middle income,VLW,ARIMA,2016,1,577.4485707945638,579.5517201594797,571.7586586691089,587.3447816498506,-2.1031493649159074,2.1031493649159074,0.36421414326508655,1,10.590805953566441,0.19858256058479423
Upper middle income,VLW,ARIMA,2016,2,584.7854984561808,597.7213984756341,580.1522073725124,615.2905895787559,-12.935900019453356,12.935900019453356,2.212076060983696,1,10.590805953566441,1.2214273470941281
Upper middle income,VLW,ARIMA,2016,3,585.1087876908207,609.4919069869375,582.5809357397133,636.4028782341617,-24.383119296116774,24.383119296116774,4.167279625443113,1,10.590805953566441,2.3022911951196487
Upper middle income,VLW,ARIMA,2016,4,591.9850378522905,618.1842978943106,583.6969874221322,652.671608366489,-26.199260042020114,26.199260042020114,4.425662536517898,1,10.590805953566441,2.4737739655401336
Upper middle income,VLW,ARIMA,2016,5,639.9712891022803,626.5916279986745,586.3661367113881,666.817119285961,13.379661103605713,13.379661103605713,2.0906658363336947,1,10.590805953566441,1.2633279433375066
Upper middle income,VLW,ARIMA,2016,6,685.4941270236512,636.0819758537198,591.4673485037293,680.6966032037102,49.41215116993146,49.41215116993146,7.208253028289857,0,10.590805953566441,4.665570437846799
Upper middle income,VLW,Naive,2016,1,577.4485707945638,553.6470813899484,530.6239782246181,576.6701845552788,23.80148940461538,23.80148940461538,4.121837096568575,0,10.590805953566441,2.247372816475809
Upper middle income,VLW,Naive,2016,2,584.7854984561808,553.6470813899484,521.0874966456234,586.2066661342734,31.138417066232364,31.138417066232364,5.324758761706132,1,10.590805953566441,2.940136681075394
Upper middle income,VLW,Naive,2016,3,585.1087876908207,553.6470813899484,513.7698969596966,593.5242658202003,31.461706300872265,31.461706300872265,5.3770695232656545,1,10.590805953566441,2.970662142126924
Upper middle income,VLW,Naive,2016,4,591.9850378522905,553.6470813899484,507.6008750592879,599.693287720609,38.33795646234205,38.33795646234205,6.47616983723632,1,10.590805953566441,3.619928136765813
Upper middle income,VLW,Naive,2016,5,639.9712891022803,553.6470813899484,502.16585765927937,605.1283051206175,86.32420771233183,86.32420771233183,13.48876257143084,0,10.590805953566441,8.150862936286945
Upper middle income,VLW,Naive,2016,6,685.4941270236512,553.6470813899484,497.252226339433,610.0419364404638,131.8470456337028,131.8470456337028,19.233869472546736,0,10.590805953566441,12.449198504038634
Upper middle income,VLW,Drift,2016,1,577.4485707945638,564.2378873435149,553.887997179358,574.5877775076718,13.210683451048908,13.210683451048908,2.287767970898453,0,10.590805953566441,1.2473728164758062
Upper middle income,VLW,Drift,2016,2,584.7854984561808,574.8286932970814,559.9231478724362,589.7342387217266,9.956805159099417,9.956805159099417,1.702642282577994,1,10.590805953566441,0.9401366810753883
Upper middle income,VLW,Drift,2016,3,585.1087876908207,585.4194992506477,566.8408778274058,603.9981206738896,-0.31071155982704113,0.31071155982704113,0.05310321197760326,1,10.590805953566441,0.029337857873074275
Upper middle income,VLW,Drift,2016,4,591.9850378522905,596.0103052042142,574.1908209033409,617.8297895050875,-4.0252673519237305,4.0252673519237305,0.6799609947115078,1,10.590805953566441,0.3800718632341882
Upper middle income,VLW,Drift,2016,5,639.9712891022803,606.6011111577807,581.8029368719606,631.3992854436008,33.370177944499574,33.370177944499574,5.21432422246779,0,10.590805953566441,3.150862936286941
Upper middle income,VLW,Drift,2016,6,685.4941270236512,617.191917111347,589.5922100069284,644.7916242157656,68.30220991230419,68.30220991230419,9.963938014883619,0,10.590805953566441,6.4491985040386375
Upper middle income,VLW,ETS,2017,1,584.7854984561808,600.8014659641958,591.8533006427638,609.7496312856279,-16.015967508015024,16.015967508015024,2.738776448851208,0,11.080090525827515,1.4454726223293985
Upper middle income,VLW,ETS,2017,2,585.1087876908207,623.686140721873,603.8826516453983,643.4896297983478,-38.577353031052326,38.577353031052326,6.593193239038672,0,11.080090525827515,3.4816821163264984
Upper middle income,VLW,ETS,2017,3,591.9850378522905,646.1124452211807,613.2611286755307,678.9637617668307,-54.127407368890204,54.127407368890204,9.14337422534585,0,11.080090525827515,4.885105157103191
Upper middle income,VLW,ETS,2017,4,639.9712891022803,668.0895604225642,620.3892689880097,715.7898518571187,-28.118271320283952,28.118271320283952,4.393676997561384,1,11.080090525827515,2.5377293853999396
Upper middle income,VLW,ETS,2017,5,685.4941270236512,689.6264833957536,625.5456357100525,753.7073310814546,-4.132356372102322,4.132356372102322,0.6028288513637032,1,11.080090525827515,0.3729533041692994
Upper middle income,VLW,ETS,2017,6,681.4338084036476,710.7320310030163,628.9380515275094,792.5260104785233,-29.298222599368728,29.298222599368728,4.299496479049644,1,11.080090525827515,2.6442223130826448
Upper middle income,VLW,ARIMA,2017,1,584.7854984561808,592.519847067191,584.8578525938987,600.1818415404833,-7.734348611010205,7.734348611010205,1.322595828971254,0,11.080090525827515,0.6980402003920059
Upper middle income,VLW,ARIMA,2017,2,585.1087876908207,601.6123791423319,584.6808327470742,618.5439255375895,-16.50359145151117,16.50359145151117,2.820602219399906,1,11.080090525827515,1.4894816439488072
Upper middle income,VLW,ARIMA,2017,3,591.9850378522905,608.8968941839657,583.5884395930675,634.205348774864,-16.911856331675267,16.911856331675267,2.856804691049479,1,11.080090525827515,1.5263283537489156
Upper middle income,VLW,ARIMA,2017,4,639.9712891022803,617.1624214566705,585.5094001986012,648.8154427147398,22.80886764560978,22.80886764560978,3.564045455477373,1,11.080090525827515,2.0585452431496543
Upper middle income,VLW,ARIMA,2017,5,685.4941270236512,627.2074650082328,591.0361488217113,663.3787811947543,58.286662015418415,58.286662015418415,8.502868181889964,0,11.080090525827515,5.260486083534528
Upper middle income,VLW,ARIMA,2017,6,681.4338084036476,638.5307930576857,598.9973919491484,678.064194166223,42.903015345961876,42.903015345961876,6.295991601365962,0,11.080090525827515,3.872081662686386
Upper middle income,VLW,Naive,2017,1,584.7854984561808,577.4485707945638,553.1374138153234,601.7597277738042,7.336927661616983,7.336927661616983,1.2546357050553218,1,11.080090525827515,0.6621721767087301
Upper middle income,VLW,Naive,2017,2,585.1087876908207,577.4485707945638,543.0674028775406,611.829738711587,7.660216896256884,7.660216896256884,1.309195325281056,1,11.080090525827515,0.6913496670808817
Upper middle income,VLW,Naive,2017,3,591.9850378522905,577.4485707945638,535.34041171573665,619.556729873391,14.536467057726668,14.536467057726668,2.45554636152033,1,11.080090525827515,1.3119447917724494
Upper middle income,VLW,Naive,2017,4,639.9712891022803,577.4485707945638,528.826256836083,626.0708847530447,62.522718307716445,62.522718307716445,9.769613008017936,0,11.080090525827515,5.642798509811538
Upper middle income,VLW,Naive,2017,5,685.4941270236512,577.4485707945638,523.0871711773137,631.8099704118139,108.04555622908742,108.04555622908742,15.761704144455724,0,11.080090525827515,9.751324321514788
Upper middle income,VLW,Naive,2017,6,681.4338084036476,577.4485707945638,517.8986411387227,636.9985004504049,103.98523760908381,103.98523760908381,15.259770842994058,0,11.080090525827515,9.3848725664015
Upper middle income,VLW,Drift,2017,1,584.7854984561808,588.5286613203913,577.1880736193106,599.869249021472,-3.7431628642104897,3.7431628642104897,0.6400916018082436,1,11.080090525827515,0.33782782329126615
Upper middle income,VLW,Drift,2017,2,585.1087876908207,599.6087518462189,583.2868582394027,615.930645453035,-14.499964155398175,14.499964155398175,2.478165507071507,1,11.080090525827515,1.3086503329191208
Upper middle income,VLW,Drift,2017,3,591.9850378522905,610.6888423720463,590.3569500715503,631.0207346725424,-18.703804519755863,18.703804519755863,3.1595062921882078,1,11.080090525827515,1.6880552082275493
Upper middle income,VLW,Drift,2017,4,639.9712891022803,621.7689328978738,597.9036059521532,645.6342598435945,18.202356204406442,18.202356204406442,2.844245752014875,1,11.080090525827515,1.6427985098115434
Upper middle income,VLW,Drift,2017,5,685.4941270236512,632.8490234237014,605.7398336897066,659.9582131576962,52.645103599949834,52.645103599949834,7.679876679400559,0,11.080090525827515,4.751324321514787
Upper middle income,VLW,Drift,2017,6,681.4338084036476,643.9291139495289,613.7720441657826,674.0861837332751,37.50469445411875,37.50469445411875,5.503791269467338,0,11.080090525827515,3.384872566401502
Upper middle income,VLW,ETS,2018,1,585.1087876908207,591.5165837996557,580.8568822246899,602.1762853746214,-6.407796108834987,6.407796108834987,1.0951461067819326,1,10.946406137819995,0.5853789844957384
Upper middle income,VLW,ETS,2018,2,591.9850378522905,597.6882186789014,574.6413894540672,620.7350479037357,-5.7031808266109465,5.7031808266109465,0.963399488490785,1,10.946406137819995,0.5210094303833998
Upper middle income,VLW,ETS,2018,3,639.9712891022803,603.3481201598478,565.993222726731,640.7030175929646,36.62316894243247,36.62316894243247,5.722626868746819,1,10.946406137819995,3.3456797127140097
Upper middle income,VLW,ETS,2018,4,685.4941270236512,608.5387196364543,555.5239312026964,661.5535080702122,76.95540738719694,76.95540738719694,11.226267936288503,0,10.946406137819995,7.030198443059304
Upper middle income,VLW,ETS,2018,5,681.4338084036476,613.2989302191378,543.6581688825742,682.9396915557014,68.13487818450983,68.13487818450983,9.998752240386363,1,10.946406137819995,6.224406195664787
Upper middle income,VLW,ARIMA,2018,1,585.1087876908207,583.4774379357112,575.733788677482,591.2210871939404,1.6313497551094542,1.6313497551094542,0.2788113577216484,1,10.946406137819995,0.1490306256290927
Upper middle income,VLW,ARIMA,2018,2,591.9850378522905,584.4375031689797,567.2542111691254,601.620795168834,7.547534683310801,7.547534683310801,1.2749536222559106,1,10.946406137819995,0.689498871893119
Upper middle income,VLW,ARIMA,2018,3,639.9712891022803,593.2659095323952,568.5715871296402,617.9602319351502,46.705379569885054,46.705379569885054,7.298042953677035,0,10.946406137819995,4.2667318370837055
Upper middle income,VLW,ARIMA,2018,4,685.4941270236512,608.3318723352544,579.3727237794315,637.2910208910773,77.16225468839684,77.16225468839684,11.2564428558167,0,10.946406137819995,7.049094809464461
Upper middle income,VLW,ARIMA,2018,5,681.4338084036476,624.3798740984817,593.400473261463,655.3592749355003,57.05393430516597,57.05393430516597,8.372630415685222,0,10.946406137819995,5.212115610076241
Upper middle income,VLW,Naive,2018,1,585.1087876908207,584.7854984561808,560.7582362414635,608.8127606708981,0.3232892346399012,0.3232892346399012,0.05525284211091555,1,10.946406137819995,0.029533824213129837
Upper middle income,VLW,Naive,2018,2,591.9850378522905,584.7854984561808,550.8058183654329,618.7651785469287,7.199539396109685,7.199539396109685,1.2161691488402249,1,10.946406137819995,0.657708046409421
Upper middle income,VLW,Naive,2018,3,639.9712891022803,584.7854984561808,543.1690595335104,626.4019373788511,55.18579064609946,55.18579064609946,8.623166630414207,0,10.946406137819995,5.04145287058478
Upper middle income,VLW,Naive,2018,4,685.4941270236512,584.7854984561808,536.730974026746,632.8400228856156,100.70862856747044,100.70862856747044,14.69139188759173,0,10.946406137819995,9.20015458037142
Upper middle income,VLW,Naive,2018,5,681.4338084036476,584.7854984561808,531.0589068308606,638.512090081501,96.64830994746683,96.64830994746683,14.183081137972708,0,10.946406137819995,8.829227486229064
Upper middle income,VLW,Drift,2018,1,585.1087876908207,595.7319045940008,584.5212579847392,606.9425512032623,-10.623116903180062,10.623116903180062,1.8155797907437103,1,10.946406137819995,0.9704661757868672
Upper middle income,VLW,Drift,2018,2,591.9850378522905,606.6783107318208,590.5530298266334,622.8035916370083,-14.693272879530355,14.693272879530355,2.482034500878138,1,10.946406137819995,1.3422919535905835
Upper middle income,VLW,Drift,2018,3,639.9712891022803,617.6247168696408,597.548904043746,637.7005296955356,22.34657223263946,22.34657223263946,3.491808556597299,0,10.946406137819995,2.0414528705847776
Upper middle income,VLW,Drift,2018,4,685.4941270236512,628.5711230074608,605.0186427464515,652.12360326847,56.923004016190475,56.923004016190475,8.303937520711463,0,10.946406137819995,5.200154580371421
Upper middle income,VLW,Drift,2018,5,681.4338084036476,639.5175291452808,612.7767759444863,666.2582823460754,41.916279258366785,41.916279258366785,6.151188676206341,0,10.946406137819995,3.8292274862290574
Upper middle income,VLW,ETS,2019,1,591.9850378522905,585.399034096239,574.5698355681468,596.2282326243312,6.586003756051468,6.586003756051468,1.1125287524065397,1,10.58009176184827,0.6224902301698884
Upper middle income,VLW,ETS,2019,2,639.9712891022803,585.6591152284363,562.4287244263647,608.889506030508,54.3121738738439,54.3121738738439,8.486657885860833,0,10.58009176184827,5.133431268497424
Upper middle income,VLW,ETS,2019,3,685.4941270236512,585.8926707783007,548.5135531971277,623.2717883594737,99.6014562453505,99.6014562453505,14.52987740067305,0,10.58009176184827,9.414044649831167
Upper middle income,VLW,ETS,2019,4,681.4338084036476,586.1024060805566,533.4194731247328,638.7853390363805,95.33140232309097,95.33140232309097,13.989825739115863,0,10.58009176184827,9.010451371211664
Upper middle income,VLW,ARIMA,2019,1,591.9850378522905,587.8783336571319,580.2479112467945,595.5087560674692,4.106704195158613,4.106704195158613,0.6937175659130932,1,10.58009176184827,0.3881539298144235
Upper middle income,VLW,ARIMA,2019,2,639.9712891022803,597.3169621678463,580.5651430098869,614.0687813258057,42.654326934433925,42.654326934433925,6.665037582274555,0,10.58009176184827,4.0315649329474725
Upper middle income,VLW,ARIMA,2019,3,685.4941270236512,611.6089796446076,587.6362939411259,635.5816653480894,73.88514737904359,73.88514737904359,10.778377883388398,0,10.58009176184827,6.983412719110137
Upper middle income,VLW,ARIMA,2019,4,681.4338084036476,626.41180553869,598.2484731132414,654.5751379641387,55.022002864957585,55.022002864957585,8.074445703516558,0,10.58009176184827,5.200522273669356
Upper middle income,VLW,Naive,2019,1,591.9850378522905,585.1087876908207,561.4991295848001,608.7184457968413,6.876250161469784,6.876250161469784,1.1615581005926565,1,10.58009176184827,0.6499234899139051
Upper middle income,VLW,Naive,2019,2,639.9712891022803,585.1087876908207,551.7196889942946,618.4978863873467,54.86250141145956,54.86250141145956,8.572650421305296,0,10.58009176184827,5.185446652673971
Upper middle income,VLW,Naive,2019,3,685.4941270236512,585.1087876908207,544.2156603018627,626.0019150797787,100.38533933283054,100.38533933283054,14.644230398981522,0,10.58009176184827,9.488135036297068
Upper middle income,VLW,Naive,2019,4,681.4338084036476,585.1087876908207,537.8894714787797,632.3281039028617,96.32502071282693,96.32502071282693,14.135638637959794,0,10.58009176184827,9.104365338321
Upper middle income,VLW,Drift,2019,1,591.9850378522905,595.688879452669,584.0051258134912,607.3726330918468,-3.703841600378496,3.703841600378496,0.6256647319695708,1,10.58009176184827,0.3500765100860959
Upper middle income,VLW,Drift,2019,2,639.9712891022803,606.2689712145173,589.4725170805222,623.0654253485123,33.702317887763,33.702317887763,5.266223416840923,0,10.58009176184827,3.185446652673969
Upper middle income,VLW,Drift,2019,3,685.4941270236512,616.8490629763655,595.9485290807158,637.7495968720152,68.6450640472857,68.6450640472857,10.013953634487853,0,10.58009176184827,6.488135036297066
Upper middle income,VLW,Drift,2019,4,681.4338084036476,627.4291547382138,602.921106344994,651.9372031314336,54.00465366543381,54.00465366543381,7.9251503226626125,0,10.58009176184827,5.104365338320995
Upper middle income,VLW,ETS,2020,1,639.9712891022803,598.005897697256,587.2856643427796,608.7261310517325,41.96539140502421,41.96539140502421,6.557386576496449,0,10.456630375168986,4.0132805597372965
Upper middle income,VLW,ETS,2020,2,685.4941270236512,603.2799081959888,580.493052061611,626.0667643303666,82.21421882766242,82.21421882766242,11.993424244876985,0,10.456630375168986,7.862400780933579
Upper middle income,VLW,ETS,2020,3,681.4338084036476,607.8992045446868,571.5417237651338,644.2566853242397,73.53460385896085,73.53460385896085,10.791158723284623,0,10.456630375168986,7.032342276684183
Upper middle income,VLW,ARIMA,2020,1,639.9712891022803,605.5336851570572,597.8984677593783,613.1689025547362,34.43760394522303,34.43760394522303,5.381117017535331,0,10.456630375168986,3.2933748932161615
Upper middle income,VLW,ARIMA,2020,2,685.4941270236512,621.1503303142949,604.7270702530767,637.5735903755132,64.3437967093563,64.3437967093563,9.386484022661259,0,10.456630375168986,6.153396878419971
Upper middle income,VLW,ARIMA,2020,3,681.4338084036476,634.5984478933622,611.5549919741336,657.6419038125907,46.835360510285454,46.835360510285454,6.873060880264179,0,10.456630375168986,4.479010812269298
Upper middle income,VLW,Naive,2020,1,639.9712891022803,591.9850378522905,568.6421604858858,615.3279152186951,47.98625124998978,47.98625124998978,7.498188132361765,0,10.456630375168986,4.589074063853413
Upper middle income,VLW,Naive,2020,2,685.4941270236512,591.9850378522905,558.973224095909,624.9968516086719,93.50908917136076,93.50908917136076,13.641121854299193,0,10.456630375168986,8.94256426940496
Upper middle income,VLW,Naive,2020,3,681.4338084036476,591.9850378522905,551.553988258828,632.416087445753,89.44877055135714,89.44877055135714,13.126553077972927,0,10.456630375168986,8.554263404372424
Upper middle income,VLW,Drift,2020,1,639.9712891022803,602.4416682274594,590.8886777621661,613.9946586927528,37.52962087482081,37.52962087482081,5.864266337239203,0,10.456630375168986,3.5890740638534147
Upper middle income,VLW,Drift,2020,2,685.4941270236512,612.8982986026284,596.2984718679768,629.49812533728,72.59582842102282,72.59582842102282,10.590291814202237,0,10.456630375168986,6.942564269404963
Upper middle income,VLW,Drift,2020,3,681.4338084036476,623.3549289777974,602.7091551538912,644.0007028017036,58.07887942585023,58.07887942585023,8.523040493383794,0,10.456630375168986,5.554263404372428
Upper middle income,VLW,ETS,2021,1,685.4941270236512,656.5549123420828,637.431835677541,675.6779890066247,28.939214681568387,28.939214681568387,4.22165756652353,0,11.667263306614819,2.4803772676632008
Upper middle income,VLW,ETS,2021,2,681.4338084036476,672.8106121892054,643.181908894948,702.4393154834627,8.62319621444226,8.62319621444226,1.2654488386250284,1,11.667263306614819,0.7390933064443048
Upper middle income,VLW,ARIMA,2021,1,685.4941270236512,692.6625248727438,679.5499663727544,705.7750833727332,-7.168397849092571,7.168397849092571,1.045727099109814,1,11.667263306614819,0.6144026804493569
Upper middle income,VLW,ARIMA,2021,2,681.4338084036476,726.5049870036812,697.3636670670894,755.646306940273,-45.07117860003359,45.07117860003359,6.614168249975595,0,11.667263306614819,3.863046321623704
Upper middle income,VLW,Naive,2021,1,685.4941270236512,639.9712891022803,611.4641596620172,668.4784185425433,45.52283792137098,45.52283792137098,6.640879349182277,0,11.667263306614819,3.9017579980012584
Upper middle income,VLW,Naive,2021,2,681.4338084036476,639.9712891022803,599.656120023535,680.2864581810255,41.462519301367365,41.462519301367365,6.084599676452657,0,11.667263306614819,3.5537484851190393
Upper middle income,VLW,Drift,2021,1,685.4941270236512,651.6385524088951,634.0586329571053,669.2184718606849,33.855574614756165,33.855574614756165,4.938856990905783,0,11.667263306614819,2.901757998001259
Upper middle income,VLW,Drift,2021,2,681.4338084036476,663.3058157155099,638.0585785625351,688.5530528684847,18.127992688137738,18.127992688137738,2.6602719830712616,1,11.667263306614819,1.5537484851190402
Upper middle income,VLW,ETS,2022,1,681.4338084036476,729.8307796553577,711.0998617898797,748.5616975208357,-48.396971251710056,48.396971251710056,7.102226313820063,0,12.725250013325947,3.803223606689731
Upper middle income,VLW,ARIMA,2022,1,681.4338084036476,697.6131090357806,683.7265006097647,711.4997174617964,-16.179300632132936,16.179300632132936,2.3743026002826557,0,12.725250013325947,1.2714328296253423
Upper middle income,VLW,Naive,2022,1,681.4338084036476,685.4941270236512,653.3066319077221,717.6816221395803,-4.060318620003613,4.060318620003613,0.5958493062613767,1,12.725250013325947,0.31907574434699726
Upper middle income,VLW,Drift,2022,1,681.4338084036476,698.2193770369772,677.2268033174214,719.211950756533,-16.785568633329603,16.785568633329603,2.463272063452811,1,12.725250013325947,1.3190757443470007
Male,VLW,ETS,2009,1,316.2123348901232,314.01760509563434,309.4887513361299,318.5464588551388,2.1947297944888646,2.1947297944888646,0.6940683687280841,1,6.965602991305857,0.3150810916482356
Male,VLW,ETS,2009,2,321.3066671133659,317.4582673020657,307.4946684479986,327.42186615613275,3.848399811300226,3.848399811300226,1.1977341914110995,1,6.965602991305857,0.5524862407610109
Male,VLW,ETS,2009,3,328.5262284494641,320.7606761862315,304.34459091575485,337.1767614567081,7.765552263232621,7.765552263232621,2.363754120906412,1,6.965602991305857,1.114842788617902
Male,VLW,ETS,2009,4,331.07894080963433,323.930387068582,300.2614784342687,347.59929570289523,7.148553741052353,7.148553741052353,2.159168965434944,1,6.965602991305857,1.0262648833094346
Male,VLW,ETS,2009,5,340.29098557401045,326.97273204465813,295.40093146473015,358.5445326245861,13.318253529352319,13.318253529352319,3.913783818541884,1,6.965602991305857,1.9120029588214469
Male,VLW,ETS,2009,6,354.3535609814878,329.89282895475617,289.8791224930113,369.906535416501,24.460732026731648,24.460732026731648,6.90291695079354,1,6.965602991305857,3.5116460207770097
Male,VLW,ARIMA,2009,1,316.2123348901232,315.669535322505,312.7448129340644,318.5942577109456,0.5427995676182036,0.5427995676182036,0.171656671080467,1,6.965602991305857,0.07792571128381863
Male,VLW,ARIMA,2009,2,321.3066671133659,323.4230504624112,317.5496269831675,329.2964739416549,-2.116383349045293,2.116383349045293,0.6586801849021621,1,6.965602991305857,0.30383347309441333
Male,VLW,ARIMA,2009,3,328.5262284494641,332.0989281671156,324.4732951818799,339.7245611523513,-3.572699717651517,3.572699717651517,1.087492993942519,1,6.965602991305857,0.5129060215046415
Male,VLW,ARIMA,2009,4,331.07894080963433,339.877079987747,331.5560968820314,348.19806309346257,-8.798139178112649,8.798139178112649,2.657414318348763,0,6.965602991305857,1.2630836395778053
Male,VLW,ARIMA,2009,5,340.29098557401045,346.4098773810348,337.7668457107836,355.05290905128595,-6.11889180702434,6.11889180702434,1.798135145044426,1,6.965602991305857,0.8784439501736832
Male,VLW,ARIMA,2009,6,354.3535609814878,352.5834273632237,343.56778295873704,361.5990717677103,1.7701336182641398,1.7701336182641398,0.4995388259571111,1,6.965602991305857,0.25412496527199996
Male,VLW,Naive,2009,1,316.2123348901232,310.4327021954344,296.2378977984632,324.62750659240555,5.779632694688814,5.779632694688814,1.827769526036076,1,6.965602991305857,0.8297390336346594
Male,VLW,Naive,2009,2,321.3066671133659,310.4327021954344,290.35821730200456,330.5071870888642,10.873964917931517,10.873964917931517,3.3842948282473326,1,6.965602991305857,1.561094557284401
Male,VLW,Naive,2009,3,328.5262284494641,310.4327021954344,285.84657977637823,335.01882461449054,18.09352625402971,18.09352625402971,5.507483021804747,1,6.965602991305857,2.597553474783621
Male,VLW,Naive,2009,4,331.07894080963433,310.4327021954344,282.0430934014921,338.82231098937666,20.646238614199945,20.646238614199945,6.236047077990151,1,6.965602991305857,2.964027470409902
Male,VLW,Naive,2009,5,340.29098557401045,310.4327021954344,278.69215463649397,342.1732497543748,29.85828337857606,29.85828337857606,8.774338623225779,1,6.965602991305857,4.286532467590213
Male,VLW,Naive,2009,6,354.3535609814878,310.4327021954344,275.66267442424,345.2027299666288,43.92085878605343,43.92085878605343,12.394642984368923,0,6.965602991305857,6.305392202351098
Male,VLW,Drift,2009,1,316.2123348901232,317.39830518674023,313.30137811196215,321.4952322615183,-1.185970296617029,1.185970296617029,0.3750550392125365,1,6.965602991305857,0.17026096636533866
Male,VLW,Drift,2009,2,321.3066671133659,324.3639081780461,318.42689680381875,330.3009195522734,-3.05724106468017,3.05724106468017,0.9515025293893109,1,6.965602991305857,0.438905442715595
Male,VLW,Drift,2009,3,328.5262284494641,331.329511169352,323.8870735441539,338.77194879455004,-2.803282719887875,2.803282719887875,0.8532903850990677,1,6.965602991305857,0.4024465252163815
Male,VLW,Drift,2009,4,331.07894080963433,338.2951141606578,329.50818450930467,347.08204381201097,-7.216173351023485,7.216173351023485,2.179592979661211,1,6.965602991305857,1.0359725295900986
Male,VLW,Drift,2009,5,340.29098557401045,345.26071715196366,335.22533630536407,355.29609799856325,-4.969731577953212,4.969731577953212,1.4604358589076807,1,6.965602991305857,0.7134675324097858
Male,VLW,Drift,2009,6,354.3535609814878,352.2263201432695,341.0064232667214,363.4462170198176,2.127240838218313,2.127240838218313,0.6003159195934945,1,6.965602991305857,0.30539220235110104
Male,VLW,ETS,2010,1,321.3066671133659,321.8757367125116,317.28647134425466,326.4650020807685,-0.5690695991456778,0.5690695991456778,0.17711104604776043,1,6.906304476475005,0.08239856801623845
Male,VLW,ETS,2010,2,328.5262284494641,327.4260779409453,317.2470135411576,337.6051423407329,1.1001505085188228,1.1001505085188228,0.3348744828414985,1,6.906304476475005,0.15929655465759923
Male,VLW,ETS,2010,3,331.07894080963433,332.86541199435044,315.9636032577748,349.76722073092606,-1.786471184716106,1.786471184716106,0.5395907031559889,1,6.906304476475005,0.25867252027497134
Male,VLW,ETS,2010,4,340.29098557401045,338.1959590232369,313.6412956983322,362.75062234814163,2.0950265507735253,2.0950265507735253,0.6156573754781037,1,6.906304476475005,0.30334986792282753
Male,VLW,ETS,2010,5,354.3535609814878,343.4198947749641,310.4216396596266,376.41814989030166,10.933666206523696,10.933666206523696,3.085524575014753,1,6.906304476475005,1.583142799997759
Male,VLW,ETS,2010,6,375.6425457482977,348.5393514818068,306.40956983298986,390.6691331306238,27.103194266490902,27.103194266490902,7.215155624211858,1,6.906304476475005,3.9244134629182237
Male,VLW,ARIMA,2010,1,321.3066671133659,324.42572326582524,321.57793547943425,327.27351105221624,-3.1190561524593363,3.1190561524593363,0.9707411864438054,0,6.906304476475005,0.45162447776286146
Male,VLW,ARIMA,2010,2,328.5262284494641,333.10282126356657,327.4387107059234,338.7669318212097,-4.576592814102469,4.576592814102469,1.3930677120370218,1,6.906304476475005,0.6626688455007668
Male,VLW,ARIMA,2010,3,331.07894080963433,340.5816161935927,333.299338401294,347.8638939858914,-9.502675383958376,9.502675383958376,2.8702143847386172,0,6.906304476475005,1.3759421433456067
Male,VLW,ARIMA,2010,4,340.29098557401045,346.9066293376451,339.00823801045783,354.80502066483234,-6.615643763634637,6.615643763634637,1.9441137273957525,1,6.906304476475005,0.9579137129226712
Male,VLW,ARIMA,2010,5,354.3535609814878,353.1559784492981,344.965796105574,361.34616079302225,1.1975825321896991,1.1975825321896991,0.3379626068587084,1,6.906304476475005,0.17340424770860208
Male,VLW,ARIMA,2010,6,375.6425457482977,360.07711056239924,351.51930497030276,368.6349161544957,15.56543518589848,15.56543518589848,4.143682701034676,0,6.906304476475005,2.2538008914780887
Male,VLW,Naive,2010,1,321.3066671133659,316.2123348901232,302.14699158137887,330.27767819886753,5.094332223242702,5.094332223242702,1.5855046734667602,1,6.906304476475005,0.737635046441344
Male,VLW,Naive,2010,2,328.5262284494641,316.2123348901232,296.3209356234633,336.1037341567831,12.313893559340897,12.313893559340897,3.7482223618669446,1,6.906304476475005,1.7829931479687584
Male,VLW,Naive,2010,3,331.07894080963433,316.2123348901232,291.850445653479,340.5742241267674,14.86660591951113,14.86660591951113,4.490350815776959,1,6.906304476475005,2.1526137415677744
Male,VLW,Naive,2010,4,340.29098557401045,316.2123348901232,288.0816482726345,344.3430215076119,24.078650683887247,24.078650683887247,7.075900245570961,1,6.906304476475005,3.4864739551965207
Male,VLW,Naive,2010,5,354.3535609814878,316.2123348901232,284.76127112489905,347.66339865534735,38.141226091364615,38.141226091364615,10.763607394185943,0,6.906304476475005,5.5226679074583735
Male,VLW,Naive,2010,6,375.6425457482977,316.2123348901232,281.7594207266299,350.6652490536165,59.43021085817452,59.43021085817452,15.820947741632068,0,6.906304476475005,8.60521152240132
Male,VLW,Drift,2010,1,321.3066671133659,323.1186393665982,319.1005166583139,327.1367620748825,-1.811972253232284,1.811972253232284,0.5639385791496726,1,6.906304476475005,0.2623649535586533
Male,VLW,Drift,2010,2,328.5262284494641,330.02494384307323,324.2087364208349,335.84115126531157,-1.4987153936091318,1.4987153936091318,0.4561935284992545,1,6.906304476475005,0.21700685203124434
Male,VLW,Drift,2010,3,331.07894080963433,336.9312483195482,329.6477823836759,344.2147142554205,-5.852307509913885,5.852307509913885,1.7676471646316152,1,6.906304476475005,0.8473862584322256
Male,VLW,Drift,2010,4,340.29098557401045,343.8375527960232,335.2464450746427,352.4286605174037,-3.5465672220127544,3.5465672220127544,1.0422160363814297,1,6.906304476475005,0.5135260448034766
Male,VLW,Drift,2010,5,354.3535609814878,350.7438572724982,340.94064166217123,360.54707288282515,3.6097037089896276,3.6097037089896276,1.018672903692989,1,6.906304476475005,0.5226679074583792
Male,VLW,Drift,2010,6,375.6425457482977,357.65016174897323,346.69860527029897,368.6017182276475,17.99238399932449,17.99238399932449,4.789762023224182,0,6.906304476475005,2.6052115224013184
Male,VLW,ETS,2011,1,328.5262284494641,325.9948996058889,321.75973556615696,330.2300636456209,2.5313288435751815,2.5313288435751815,0.7705104263736331,1,6.820020083463943,0.37116149404203796
Male,VLW,ETS,2011,2,331.07894080963433,330.3091464515838,321.14066905602016,339.4776238471474,0.7697943580505466,0.7697943580505466,0.23251081937379017,1,6.820020083463943,0.11287274064148531
Male,VLW,ETS,2011,3,340.29098557401045,334.27925985454135,319.40083294581467,349.15768676326803,6.011725719469098,6.011725719469098,1.7666426600541252,1,6.820020083463943,0.881482113820359
Male,VLW,ETS,2011,4,354.3535609814878,337.9326902205094,316.79260722816684,359.072773212852,16.420870760978403,16.420870760978403,4.63403576797589,1,6.820020083463943,2.407745220691214
Male,VLW,ETS,2011,5,375.6425457482977,341.2946983256265,313.4940922045579,369.0953044466951,34.34784742267124,34.34784742267124,9.143758557553351,0,6.820020083463943,5.0363264334004265
Male,VLW,ETS,2011,6,393.26027800932127,344.38852997605625,309.6385044573361,379.13855549477637,48.87174803326502,48.87174803326502,12.427328862363932,0,6.820020083463943,7.1659243572846885
Male,VLW,ARIMA,2011,1,328.5262284494641,327.0464429702449,323.99084481294403,330.1020411275458,1.4797854792191742,1.4797854792191742,0.45043145754397623,1,6.820020083463943,0.21697670404330824
Male,VLW,ARIMA,2011,2,331.07894080963433,333.84966157171493,327.6487674835404,340.0505556598895,-2.7707207620806003,2.7707207620806003,0.8368761707721316,1,6.820020083463943,0.40626284500225823
Male,VLW,ARIMA,2011,3,340.29098557401045,340.65288017318494,332.4330568851443,348.87270346122557,-0.36189459917449085,0.36189459917449085,0.10634857063993008,1,6.820020083463943,0.05306356795809928
Male,VLW,ARIMA,2011,4,354.3535609814878,347.4560987746549,337.6235049011914,357.2886926481184,6.897462206832927,6.897462206832927,1.9464915740449593,1,6.820020083463943,1.0113551166156758
Male,VLW,ARIMA,2011,5,375.6425457482977,354.25931737612484,343.0435111334007,365.47512361884895,21.38322837217288,21.38322837217288,5.692440490087852,0,6.820020083463943,3.1353614960782004
Male,VLW,ARIMA,2011,6,393.26027800932127,361.06253597759485,348.6163029302754,373.5087690249143,32.19774203172642,32.19774203172642,8.187387293400441,0,6.820020083463943,4.721062641706024
Male,VLW,Naive,2011,1,328.5262284494641,321.3066671133659,307.408445172672,335.20488905405983,7.219561336098195,7.219561336098195,2.197560106592449,1,6.820020083463943,1.058583588866988
Male,VLW,Naive,2011,2,331.07894080963433,321.3066671133659,301.65161315196525,340.96172107476656,9.772273696268428,9.772273696268428,2.95164460547412,1,6.820020083463943,1.4328804866663987
Male,VLW,Naive,2011,3,340.29098557401045,321.3066671133659,297.23424057721553,345.3790936495163,18.984318460644545,18.984318460644545,5.578848475407414,1,6.820020083463943,2.783616210555535
Male,VLW,Naive,2011,4,354.3535609814878,321.3066671133659,293.51022323197805,349.10311099475376,33.04689386812191,33.04689386812191,9.325966353093417,0,6.820020083463943,4.845571341974279
Male,VLW,Naive,2011,5,375.6425457482977,321.3066671133659,290.2292980875952,352.3840361391366,54.33587863493182,54.33587863493182,14.46478287668192,0,6.820020083463943,7.967114168281773
Male,VLW,Naive,2011,6,393.26027800932127,321.3066671133659,287.26311502671206,355.35021920001975,71.95361089595536,71.95361089595536,18.29668922073281,0,6.820020083463943,10.550351760754573
Male,VLW,Drift,2011,1,328.5262284494641,328.12668719682983,324.1351390397927,332.11823535386696,0.39954125263426477,0.39954125263426477,0.12161624188119416,1,6.820020083463943,0.05858358886698975
Male,VLW,Drift,2011,2,331.07894080963433,334.9467072802938,329.17493818117657,340.7184763794111,-3.8677664706594896,3.8677664706594896,1.1682308941792225,1,6.820020083463943,0.5671195133336059
Male,VLW,Drift,2011,3,340.29098557401045,341.76672736375775,334.54574505310677,348.98770967440873,-1.4757417897473033,1.4757417897473033,0.4336705502962381,1,6.820020083463943,0.21638378944446776
Male,VLW,Drift,2011,4,354.3535609814878,348.5867474472217,340.07673818273935,357.096756711704,5.766813534266134,5.766813534266134,1.627417971557341,1,6.820020083463943,0.8455713419742781
Male,VLW,Drift,2011,5,375.6425457482977,355.4067675306856,345.7038640999569,365.10967096141434,20.235778217612108,20.235778217612108,5.386977179941501,0,6.820020083463943,2.9671141682817734
Male,VLW,Drift,2011,6,393.26027800932127,362.2267876141496,351.39531414817316,373.05826108012604,31.03349039517167,31.03349039517167,7.891336127885282,0,6.820020083463943,4.550351760754568
Male,VLW,ETS,2012,1,331.07894080963433,334.4832241986005,329.93406286266895,339.03238553453207,-3.404283388966178,3.404283388966178,1.0282391808555387,1,6.838181049492772,0.49783463823595214
Male,VLW,ETS,2012,2,340.29098557401045,340.3601660954036,332.6300269717712,348.090305219036,-0.06918052139315023,0.06918052139315023,0.02032981310875896,1,6.838181049492772,0.0101168016600382
Male,VLW,ETS,2012,3,354.3535609814878,346.11328178491556,334.9677347122219,357.2588288576092,8.24027919657226,8.24027919657226,2.3254399289083905,1,6.838181049492772,1.205039635091775
Male,VLW,ETS,2012,4,375.6425457482977,351.745180265129,336.92297467563094,366.5673858546271,23.8973654831687,23.8973654831687,6.3617302549060355,0,6.838181049492772,3.494696222607517
Male,VLW,ETS,2012,5,393.26027800932127,357.25841556287463,338.51265809673833,376.00417302901093,36.00186244644664,36.00186244644664,9.154716217129181,0,6.838181049492772,5.264830250307149
Male,VLW,ETS,2012,6,400.08130158614745,362.655487892054,339.75986216942766,385.55111361468033,37.42581369409345,37.42581369409345,9.354552073720132,0,6.838181049492772,5.473065632982844
Male,VLW,ARIMA,2012,1,331.07894080963433,336.53641865082966,333.4946203758805,339.5782169257788,-5.4574778411953275,5.4574778411953275,1.6483917182558885,0,6.838181049492772,0.7980891119576514
Male,VLW,ARIMA,2012,2,340.29098557401045,343.4548334969355,337.2535013614577,349.6561656324133,-3.163847922925072,3.163847922925072,0.9297477914638915,1,6.838181049492772,0.4626739040727436
Male,VLW,ARIMA,2012,3,354.3535609814878,350.37324834304144,342.14764783222546,358.5988488538574,3.980312638446378,3.980312638446378,1.123260234050341,1,6.838181049492772,0.582071841859411
Male,VLW,ARIMA,2012,4,375.6425457482977,357.29166318914736,347.44968740820974,367.133638970085,18.350882559150364,18.350882559150364,4.885198113699964,0,6.838181049492772,2.683591210342633
Male,VLW,ARIMA,2012,5,393.26027800932127,364.2100780352532,352.98205635814605,375.4380997123604,29.05019997406805,29.05019997406805,7.387016080322123,0,6.838181049492772,4.248234985855321
Male,VLW,ARIMA,2012,6,400.08130158614745,371.1284928813592,358.6676560599168,383.5893297028016,28.952808704788254,28.952808704788254,7.236731281867717,0,6.838181049492772,4.23399270876805
Male,VLW,Naive,2012,1,331.07894080963433,328.5262284494641,314.6164594736722,342.435997425256,2.552712360170233,2.552712360170233,0.7710283094200201,1,6.838181049492772,0.373302833267274
Male,VLW,Naive,2012,2,340.29098557401045,328.5262284494641,308.85484451442267,348.19761238450553,11.76475712454635,11.76475712454635,3.457263819287277,1,6.838181049492772,1.720451248569824
Male,VLW,Naive,2012,3,354.3535609814878,328.5262284494641,304.4338018618472,352.618655037081,25.827332532023718,25.827332532023718,7.288577109395266,0,6.838181049492772,3.776930201919629
Male,VLW,Naive,2012,4,375.6425457482977,328.5262284494641,300.7066904978803,356.3457664010479,47.11631729883362,47.11631729883362,12.542859649983388,0,6.838181049492772,6.890182777820502
Male,VLW,Naive,2012,5,393.26027800932127,328.5262284494641,297.42303946827576,359.62941743065244,64.73404955985717,64.73404955985717,16.46086655065702,0,6.838181049492772,9.466559760750831
Male,VLW,Naive,2012,6,400.08130158614745,328.5262284494641,294.45439201877815,362.59806488015005,71.55507313668335,71.55507313668335,17.885133059955255,0,6.838181049492772,10.464050691081221
Male,VLW,Drift,2012,1,331.07894080963433,335.3644094989569,331.4693410342498,339.259477963664,-4.285468689322556,4.285468689322556,1.2943948288715348,0,6.838181049492772,0.6266971667327285
Male,VLW,Drift,2012,2,340.29098557401045,342.2025905484496,336.57565686903473,347.8295242278645,-1.9116049744391717,1.9116049744391717,0.5617559839895946,1,6.838181049492772,0.2795487514301726
Male,VLW,Drift,2012,3,354.3535609814878,349.0407715979424,342.0071044986738,356.074438697211,5.312789383545407,5.312789383545407,1.499290530291287,1,6.838181049492772,0.77693020191963
Male,VLW,Drift,2012,4,375.6425457482977,355.8789526474352,347.5963305362221,364.16157475864827,19.763593100862522,19.763593100862522,5.261276531254603,0,6.838181049492772,2.8901827778205
Male,VLW,Drift,2012,5,393.26027800932127,362.71713369692793,353.2804790378869,372.15378835596897,30.543144312393338,30.543144312393338,7.766648710874732,0,6.838181049492772,4.466559760750836
Male,VLW,Drift,2012,6,400.08130158614745,369.5553147464207,359.0282857631858,380.08234372965563,30.525986839726727,30.525986839726727,7.629945893173347,0,6.838181049492772,4.464050691081222
Male,VLW,ETS,2013,1,340.29098557401045,335.80356091450557,331.0895006924656,340.51762113654553,4.487424659504882,4.487424659504882,1.3187021842307676,1,6.651856323870053,0.6746123850272966
Male,VLW,ETS,2013,2,354.3535609814878,340.43334339444124,332.54651465942476,348.3201721294577,13.92021758704658,13.92021758704658,3.928341385505027,0,6.651856323870053,2.0926816379202537
Male,VLW,ETS,2013,3,375.6425457482977,344.9705266705152,333.8074609878416,356.1335923531888,30.672019077782522,30.672019077782522,8.165214357357314,0,6.651856323870053,4.611046538650662
Male,VLW,ETS,2013,4,393.26027800932127,349.4169627978926,334.7938201330029,364.0401054627823,43.84331521142866,43.84331521142866,11.148676249064103,0,6.651856323870053,6.591139837776983
Male,VLW,ETS,2013,5,400.08130158614745,353.77446678921365,335.4996701909389,372.0492633874884,46.3068347969338,46.3068347969338,11.574356165446234,0,6.651856323870053,6.961490528705897
Male,VLW,ETS,2013,6,401.89656728738623,358.04481735547216,335.9350126477959,380.15462206314845,43.85174993191407,43.85174993191407,10.911202906731168,0,6.651856323870053,6.5924078628326575
Male,VLW,ARIMA,2013,1,340.29098557401045,334.82056035921306,331.06777280955123,338.5733479088749,5.4704252147973875,5.4704252147973875,1.6075727676328988,0,6.651856323870053,0.8223907655922869
Male,VLW,ARIMA,2013,2,354.3535609814878,341.3784986767598,334.370982495227,348.38601485829264,12.975062304727999,12.975062304727999,3.6616147637375778,0,6.651856323870053,1.950592687663329
Male,VLW,ARIMA,2013,3,375.6425457482977,347.9364369943066,338.7643515348273,357.10852245378584,27.706108753991145,27.706108753991145,7.3756578075572525,0,6.651856323870053,4.165169451205422
Male,VLW,ARIMA,2013,4,393.26027800932127,354.49437531185333,343.5788349991827,365.409915624524,38.765902697467936,38.765902697467936,9.8575688583908,0,6.651856323870053,5.827832233591287
Male,VLW,ARIMA,2013,5,400.08130158614745,361.05231362940003,348.6357565800773,373.46887067872274,39.028987956747415,39.028987956747415,9.755264193056396,0,6.651856323870053,5.867382886291857
Male,VLW,ARIMA,2013,6,401.89656728738623,367.61025194694685,353.85551612248867,381.364987771405,34.28631534043939,34.28631534043939,8.531129183773817,0,6.651856323870053,5.154398061395829
Male,VLW,Naive,2013,1,340.29098557401045,331.07894080963433,317.4349756547419,344.7229059645268,9.212044764376117,9.212044764376117,2.7071080795270066,1,6.651856323870053,1.3848833041265307
Male,VLW,Naive,2013,2,354.3535609814878,331.07894080963433,311.7834602430395,350.3744213762292,23.274620171853485,23.274620171853485,6.56819141520336,0,6.651856323870053,3.498966159015338
Male,VLW,Naive,2013,3,375.6425457482977,331.07894080963433,307.44689994466125,354.7109816746074,44.56360493866339,44.56360493866339,11.863300747760237,0,6.651856323870053,6.699423855375196
Male,VLW,Naive,2013,4,393.26027800932127,331.07894080963433,303.79101049984945,358.3668711194192,62.181337199686936,62.181337199686936,15.811751320130298,0,6.651856323870053,9.347967570578826
Male,VLW,Naive,2013,5,400.08130158614745,331.07894080963433,300.5701072406564,361.58777437861227,69.00236077651311,69.00236077651311,17.24708465578094,0,6.651856323870053,10.373399156097152
Male,VLW,Naive,2013,6,401.89656728738623,331.07894080963433,297.6581881118342,364.4996935074345,70.8176264777519,70.8176264777519,17.620858758694492,0,6.651856323870053,10.646295264018898
Male,VLW,Drift,2013,1,340.29098557401045,337.7307971335044,333.5289771352823,341.9326171317265,2.5601884405060673,2.5601884405060673,0.7523527066658802,1,6.651856323870053,0.38488330412653116
Male,VLW,Drift,2013,2,354.3535609814878,344.38265345737443,338.3178486897247,350.44745822502415,9.970907524113386,9.970907524113386,2.813830202946454,0,6.651856323870053,1.498966159015339
Male,VLW,Drift,2013,3,375.6425457482977,351.0345097812445,343.4595710543146,358.60944850817435,24.60803596705324,24.60803596705324,6.5509182188170065,0,6.651856323870053,3.6994238553751977
Male,VLW,Drift,2013,4,393.26027800932127,357.68636610511453,348.7729598629102,366.59977234731883,35.57391190420674,35.57391190420674,9.045895020031375,0,6.651856323870053,5.347967570578827
Male,VLW,Drift,2013,5,400.08130158614745,364.33822242898464,354.18986299333307,374.4865818646362,35.74307915716281,35.74307915716281,8.933953927728473,0,6.651856323870053,5.373399156097147
Male,VLW,Drift,2013,6,401.89656728738623,370.9900787528547,359.67633216268484,382.3038253430245,30.906488534531547,30.906488534531547,7.69015986952461,0,6.651856323870053,4.646295264018892
Male,VLW,ETS,2014,1,354.3535609814878,346.2168550870833,341.33398547779296,351.0997246963736,8.136705894404543,8.136705894404543,2.296211126499621,0,6.758530842224473,1.2039163664934114
Male,VLW,ETS,2014,2,375.6425457482977,352.02461372907976,344.36476516744136,359.68446229071816,23.61793201921796,23.61793201921796,6.287342125256319,0,6.758530842224473,3.494536397120955
Male,VLW,ETS,2014,3,393.26027800932127,357.71621715369236,347.4063155490372,368.02611875834754,35.54406085562891,35.54406085562891,9.03830436055035,0,6.758530842224473,5.259140142346395
Male,VLW,ETS,2014,4,400.08130158614745,363.2939884661596,350.31764207026174,376.27033486205744,36.78731311998786,36.78731311998786,9.194959368044007,0,6.758530842224473,5.443093177907263
Male,VLW,ETS,2014,5,401.89656728738623,368.7602043095975,353.05930507039017,384.46110354880483,33.136362977788735,33.136362977788735,8.24499776184795,0,6.758530842224473,4.902894393966009
Male,VLW,ETS,2014,6,410.1498464601795,374.1170957942422,355.61959606211747,392.6145955263669,36.03275066593733,36.03275066593733,8.785264940830757,0,6.758530842224473,5.33144724898195
Male,VLW,ARIMA,2014,1,354.3535609814878,347.04951641623484,342.8976435405982,351.20138929187146,7.30404456525298,7.30404456525298,2.0612307507288063,0,6.758530842224473,1.0807148381450544
Male,VLW,ARIMA,2014,2,375.6425457482977,353.8080472584593,347.936412328485,359.67968218843356,21.834498489838438,21.834498489838438,5.812573345850131,0,6.758530842224473,3.230657520037584
Male,VLW,ARIMA,2014,3,393.26027800932127,360.5665781006837,353.375323333514,367.75783286785344,32.69369990863754,32.69369990863754,8.313501702773708,0,6.758530842224473,4.837397456911935
Male,VLW,ARIMA,2014,4,400.08130158614745,367.3251089429081,359.02136319163486,375.62885469418137,32.75619264323933,32.75619264323933,8.187384042537191,0,6.758530842224473,4.84664395382978
Male,VLW,ARIMA,2014,5,401.89656728738623,374.0836397851325,364.7997698012715,383.3675097689935,27.81292750225373,27.81292750225373,6.920419273540447,0,6.758530842224473,4.115232755688588
Male,VLW,ARIMA,2014,6,410.1498464601795,380.84217062735695,370.67220060514535,391.01214064956855,29.307675832822554,29.307675832822554,7.145602049047206,0,6.758530842224473,4.336397438585389
Male,VLW,Naive,2014,1,354.3535609814878,340.29098557401045,326.4351473814057,354.14682376661517,14.062575407477368,14.062575407477368,3.9685153349459434,0,6.758530842224473,2.0807148381450418
Male,VLW,Naive,2014,2,375.6425457482977,340.29098557401045,320.6958712839817,359.8860998640392,35.35156017428727,35.35156017428727,9.410957457937915,0,6.758530842224473,5.230657520037568
Male,VLW,Naive,2014,3,393.26027800932127,340.29098557401045,316.2919698429657,364.29000130505517,52.96929243531082,52.96929243531082,13.469270963098722,0,6.758530842224473,7.837397456911914
Male,VLW,Naive,2014,4,400.08130158614745,340.29098557401045,312.57930918880095,368.00266195921995,59.790316012137,59.790316012137,14.944541465720725,0,6.758530842224473,8.846643953829746
Male,VLW,Naive,2014,5,401.89656728738623,340.29098557401045,309.3083894901084,371.2735816579125,61.605581713375784,61.605581713375784,15.328715577041285,0,6.758530842224473,9.115232755688542
Male,VLW,Naive,2014,6,410.1498464601795,340.29098557401045,306.3512520435617,374.2307191044592,69.85886088616905,69.85886088616905,17.03252152575205,0,6.758530842224473,10.336397438585339
Male,VLW,Drift,2014,1,354.3535609814878,347.04951641623495,342.8126315281402,351.28640130432973,7.304044565252866,7.304044565252866,2.0612307507287744,0,6.758530842224473,1.0807148381450375
Male,VLW,Drift,2014,2,375.6425457482977,353.8080472584594,347.69752497355375,359.91856954336504,21.834498489838325,21.834498489838325,5.812573345850101,0,6.758530842224473,3.230657520037567
Male,VLW,Drift,2014,3,393.26027800932127,360.56657810068384,352.94018530211326,368.1929708992544,32.69369990863743,32.69369990863743,8.31350170277368,0,6.758530842224473,4.837397456911918
Male,VLW,Drift,2014,4,400.08130158614745,367.32510894290834,358.3573139449032,376.2929039409135,32.7561926432391,32.7561926432391,8.187384042537134,0,6.758530842224473,4.846643953829746
Male,VLW,Drift,2014,5,401.89656728738623,374.08363978513285,363.8798697652431,384.2874098050226,27.812927502253388,27.812927502253388,6.920419273540363,0,6.758530842224473,4.115232755688537
Male,VLW,Drift,2014,6,410.1498464601795,380.8421706273573,369.47341548021154,392.21092577450304,29.307675832822213,29.307675832822213,7.145602049047123,0,6.758530842224473,4.3363974385853385
Male,VLW,ETS,2015,1,375.6425457482977,367.9482208757261,362.20016460802236,373.6962771434299,7.694324872571599,7.694324872571599,2.048310277858473,0,7.050692624834588,1.0912863858892319
Male,VLW,ETS,2015,2,393.26027800932127,381.0914147077683,368.41004532156325,393.77278409397337,12.16886330155296,12.16886330155296,3.094353531750422,1,7.050692624834588,1.7259103394595146
Male,VLW,ETS,2015,3,400.08130158614745,393.79765298079445,372.84797373695415,414.74733222463476,6.283648605352994,6.283648605352994,1.570592922098852,1,7.050692624834588,0.8912101178854624
Male,VLW,ETS,2015,4,401.89656728738623,406.0814626174837,375.79743471892476,436.3654905160426,-4.184895330097447,4.184895330097447,1.0412866569982253,1,7.050692624834588,0.5935438619685434
Male,VLW,ETS,2015,5,410.1498464601795,417.9568875818294,377.45826723313746,458.4555079305213,-7.807041121649888,7.807041121649888,1.9034606958966291,1,7.050692624834588,1.1072729357327564
Male,VLW,ETS,2015,6,446.17476048530597,429.4375049354711,377.98148644627463,480.8935234246676,16.737255549834856,16.737255549834856,3.751277981665677,1,7.050692624834588,2.3738455837489467
Male,VLW,ARIMA,2015,1,375.6425457482977,363.78600702327776,359.2728870693206,368.29912697723495,11.85653872501996,11.85653872501996,3.156335420260017,0,7.050692624834588,1.6816133330302592
Male,VLW,ARIMA,2015,2,393.26027800932127,370.945325889558,362.47108230896583,379.4195694701501,22.31495211976329,22.31495211976329,5.6743468302268685,0,7.050692624834588,3.1649304979149915
Male,VLW,ARIMA,2015,3,400.08130158614745,378.1046447558382,367.0025117712443,389.2067777404321,21.976656830309253,21.976656830309253,5.493047723845482,0,7.050692624834588,3.1169500642959647
Male,VLW,ARIMA,2015,4,401.89656728738623,385.26396362211835,372.04647863623666,398.48144860800005,16.63260366526788,16.63260366526788,4.138528422258038,0,7.050692624834588,2.359002803027183
Male,VLW,ARIMA,2015,5,410.1498464601795,392.42328248839857,377.3851156487732,407.46144932802395,17.726563971780934,17.726563971780934,4.321972597276582,0,7.050692624834588,2.514159234419442
Male,VLW,ARIMA,2015,6,446.17476048530597,399.5826013546788,382.9215385302126,416.24366417914496,46.59215913062718,46.59215913062718,10.442580633639768,0,7.050692624834588,6.608167680791538
Male,VLW,Naive,2015,1,375.6425457482977,354.3535609814878,339.70119778221436,369.00592418076127,21.288984766809904,21.288984766809904,5.667351850254672,0,7.050692624834588,3.0194175096818023
Male,VLW,Naive,2015,2,393.26027800932127,354.3535609814878,333.6319902242589,375.0751317387167,38.90671702783345,38.90671702783345,9.893375762428583,0,7.050692624834588,5.518141138473784
Male,VLW,Naive,2015,3,400.08130158614745,354.3535609814878,328.9749234693938,379.73219849358185,45.72774060465963,45.72774060465963,11.429612037195723,0,7.050692624834588,6.485567168762008
Male,VLW,Naive,2015,4,401.89656728738623,354.3535609814878,325.04883458294097,383.65828738003466,47.543006305898416,47.543006305898416,11.829662200598392,0,7.050692624834588,6.743026371400468
Male,VLW,Naive,2015,5,410.1498464601795,354.3535609814878,321.5898808368961,387.11724112607953,55.796285478691686,55.796285478691686,13.60387818263119,0,7.050692624834588,7.913589266699977
Male,VLW,Naive,2015,6,446.17476048530597,354.3535609814878,318.46274761733383,390.2443743456418,91.82119950381815,91.82119950381815,20.579648970718083,0,7.050692624834588,13.023004176979324
Male,VLW,Drift,2015,1,375.6425457482977,361.4042536063224,356.3346251243029,366.47388208834195,14.238292141975307,14.238292141975307,3.7903832521451895,0,7.050692624834588,2.0194175096818014
Male,VLW,Drift,2015,2,393.26027800932127,368.454946231157,361.14883398742575,375.7610584748883,24.80533177816426,24.80533177816426,6.307611819766936,0,7.050692624834588,3.518141138473782
Male,VLW,Drift,2015,3,400.08130158614745,375.5056388559916,366.3933159075394,384.61796180444384,24.57566273015584,24.57566273015584,6.1426671610805315,0,7.050692624834588,3.4855671687620045
Male,VLW,Drift,2015,4,401.89656728738623,382.55633148082615,371.8480826444211,393.2645803172312,19.340235806560088,19.340235806560088,4.812242099278834,0,7.050692624834588,2.7430263714004717
Male,VLW,Drift,2015,5,410.1498464601795,389.60702410566074,377.4301703661086,401.7838778452129,20.542822354518762,20.542822354518762,5.008613932643083,0,7.050692624834588,2.9135892666999794
Male,VLW,Drift,2015,6,446.17476048530597,396.65771673049534,383.098146270001,410.2172871909897,49.51704375481063,49.51704375481063,11.098127491781641,0,7.050692624834588,7.023004176979324
Male,VLW,ETS,2016,1,393.26027800932127,396.37548154709697,389.9290414125842,402.82192168160975,-3.115203537775699,3.115203537775699,0.7921480281570316,1,7.598319245679793,0.4099858714868979
Male,VLW,ETS,2016,2,400.08130158614745,416.6934530599188,402.4924331810059,430.8944729388317,-16.61215147377135,16.61215147377135,4.15219391856391,0,7.598319245679793,2.18629290723953
Male,VLW,ETS,2016,3,401.89656728738623,436.60403614339776,413.0936534254057,460.1144188613898,-34.70746885601153,34.70746885601153,8.635920702252001,0,7.598319245679793,4.56778239157894
Male,VLW,ETS,2016,4,410.1498464601795,456.1153991982159,422.0164724254536,490.2143259709782,-45.96555273803642,45.96555273803642,11.207014493542937,0,7.598319245679793,6.0494368888450225
Male,VLW,ETS,2016,5,446.17476048530597,475.2355468433547,429.4597393010153,521.0113543856941,-29.060786358048745,29.060786358048745,6.513319203990656,1,7.598319245679793,3.8246335035964636
Male,VLW,ETS,2016,6,477.90622864254124,493.9723232000241,435.57245102109744,552.3721953789508,-16.06609455748287,16.06609455748287,3.361767140620341,1,7.598319245679793,2.114427419803088
Male,VLW,ARIMA,2016,1,393.26027800932127,394.2681888836587,388.2854143793689,400.2509633879485,-1.0079108743374263,1.0079108743374263,0.2562961302472395,1,7.598319245679793,0.13264918750426263
Male,VLW,ARIMA,2016,2,400.08130158614745,410.8126370464739,398.5903895624738,423.0348845304741,-10.731335460326477,10.731335460326477,2.682288679271294,1,7.598319245679793,1.4123301632039265
Male,VLW,ARIMA,2016,3,401.89656728738623,425.73079271169706,406.9108648092299,444.5507206141642,-23.83422542431083,23.83422542431083,5.930437670861609,0,7.598319245679793,3.1367759965945563
Male,VLW,ARIMA,2016,4,410.1498464601795,439.37812689089253,413.9055364916612,464.85071729012384,-29.228280430713028,29.228280430713028,7.126244391645953,0,7.598319245679793,3.8466770723448436
Male,VLW,ARIMA,2016,5,446.17476048530597,452.03241261678636,420.01559883333425,484.04922640023847,-5.857652131480393,5.857652131480393,1.3128604865745885,1,7.598319245679793,0.7709141906364229
Male,VLW,ARIMA,2016,6,477.90622864254124,463.9107079762541,425.54457785581593,502.2768380966923,13.99552066628712,13.99552066628712,2.9285076919881132,1,7.598319245679793,1.841923221934194
Male,VLW,Naive,2016,1,393.26027800932127,375.6425457482977,359.10782354005823,392.1772679565372,17.617732261023548,17.617732261023548,4.4799165453994725,0,7.598319245679793,2.3186354365197976
Male,VLW,Naive,2016,2,400.08130158614745,375.6425457482977,352.2589173513338,399.0261741452616,24.438755837849726,24.438755837849726,6.108447393307497,0,7.598319245679793,3.2163370671408638
Male,VLW,Naive,2016,3,401.89656728738623,375.6425457482977,347.00356679458946,404.281524702006,26.254021539088512,26.254021539088512,6.532531918919057,1,7.598319245679793,3.455240651281646
Male,VLW,Naive,2016,4,410.1498464601795,375.6425457482977,342.57310133181875,408.7119901647767,34.50730071188178,34.50730071188178,8.413339907279964,0,7.598319245679793,4.541438651909991
Male,VLW,Naive,2016,5,446.17476048530597,375.6425457482977,338.6697829015988,412.61530859499663,70.53221473700825,70.53221473700825,15.808203642063951,0,7.598319245679793,9.282607436784264
Male,VLW,Naive,2016,6,477.90622864254124,375.6425457482977,335.14091329944586,416.1441781971496,102.26368289424352,102.26368289424352,21.39827371254739,0,7.598319245679793,13.458724171452522
Male,VLW,Drift,2016,1,393.26027800932127,383.24086499397754,375.77484154355346,390.7068884444016,10.01941301534373,10.01941301534373,2.5477816030802494,0,7.598319245679793,1.3186354365197945
Male,VLW,Drift,2016,2,400.08130158614745,390.8391842396573,380.0868815662282,401.5914869130864,9.242117346490147,9.242117346490147,2.3100598078063617,1,7.598319245679793,1.2163370671408646
Male,VLW,Drift,2016,3,401.89656728738623,398.4375034853371,385.03558124051557,411.83942573015867,3.4590638020491156,3.4590638020491156,0.860685082581366,1,7.598319245679793,0.45524065128164354
Male,VLW,Drift,2016,4,410.1498464601795,406.0358227310169,390.29606328597066,421.7755821760631,4.114023729162625,4.114023729162625,1.0030538264658466,1,7.598319245679793,0.5414386519099934
Male,VLW,Drift,2016,5,446.17476048530597,413.6341419766967,395.7456670451642,431.52261690822917,32.54061850860927,32.54061850860927,7.293245022021129,0,7.598319245679793,4.282607436784263
Male,VLW,Drift,2016,6,477.90622864254124,421.23246122237646,401.3230653545789,441.141857090174,56.67376742016478,56.67376742016478,11.858763084369626,0,7.598319245679793,7.458724171452523
Male,VLW,ETS,2017,1,400.08130158614745,410.5292732469804,404.07350497866406,416.9850415152967,-10.447971660832934,10.447971660832934,2.6114621251758816,0,7.96940861661845,1.3110096574852474
Male,VLW,ETS,2017,2,401.89656728738623,427.451832465034,413.1383814136364,441.76528351643157,-25.555265177647755,25.555265177647755,6.358667193933464,0,7.96940861661845,3.2066702069157134
Male,VLW,ETS,2017,3,410.1498464601795,444.03521647729065,420.2726418486098,467.7977911059715,-33.88537001711114,33.88537001711114,8.261704913353173,0,7.96940861661845,4.251930305901325
Male,VLW,ETS,2017,4,446.17476048530597,460.2862232992718,425.76796215655594,494.80448444198765,-14.11146281396583,14.11146281396583,3.1627658181777782,1,7.96940861661845,1.7707038869282565
Male,VLW,ETS,2017,5,477.90622864254124,476.2115146953395,429.8268352707325,522.5961941199465,1.6947139472017625,1.6947139472017625,0.35461223261631836,1,7.96940861661845,0.2126524098247151
Male,VLW,ETS,2017,6,470.6268478895351,491.817618909549,432.60025938244024,551.0349784366579,-21.190771020013926,21.190771020013926,4.502669389781136,1,7.96940861661845,2.659014243017384
Male,VLW,ARIMA,2017,1,400.08130158614745,408.7025563231514,402.82072343800274,414.5843892083,-8.621254737003937,8.621254737003937,2.1548756972206475,0,7.96940861661845,1.0817935372301284
Male,VLW,ARIMA,2017,2,401.89656728738623,422.50884258086023,410.643295212276,434.3743899494445,-20.612275293474,20.612275293474,5.1287512686652725,0,7.96940861661845,2.586424700383869
Male,VLW,ARIMA,2017,3,410.1498464601795,435.0848246939353,417.01248673411624,453.1571626537543,-24.93497823375577,24.93497823375577,6.079480084890547,0,7.96940861661845,3.1288367096348098
Male,VLW,ARIMA,2017,4,446.17476048530597,446.73558942429776,422.5098865441635,470.961292304432,-0.56082893899179,0.56082893899179,0.12569714575108962,1,7.96940861661845,0.07037271722048541
Male,VLW,ARIMA,2017,5,477.90622864254124,457.69056912539963,427.5011949828862,487.87994326791306,20.215659517141603,20.215659517141603,4.230047299145431,1,7.96940861661845,2.536657422106113
Male,VLW,ARIMA,2017,6,470.6268478895351,468.12230227278485,432.22127889290994,504.02332565265976,2.5045456167502493,2.5045456167502493,0.532172277884604,1,7.96940861661845,0.31426994614475784
Male,VLW,Naive,2017,1,400.08130158614745,393.26027800932127,375.72655152651623,410.7940044921263,6.821023576826178,6.821023576826178,1.704909364617592,1,7.96940861661845,0.8559008459677212
Male,VLW,Naive,2017,2,401.89656728738623,393.26027800932127,368.4638442183981,418.05671180024444,8.636289278064964,8.636289278064964,2.1488835638373014,1,7.96940861661845,1.0836800688141253
Male,VLW,Naive,2017,3,410.1498464601795,393.26027800932127,362.89097289508703,423.6295831235555,16.889568450858235,16.889568450858235,4.1179019318487065,1,7.96940861661845,2.1193000965766458
Male,VLW,Naive,2017,4,446.17476048530597,393.26027800932127,358.19282504371125,428.3277309749313,52.9144824759847,52.9144824759847,11.859586682677751,0,7.96940861661845,6.639700010568309
Male,VLW,Naive,2017,5,477.90622864254124,393.26027800932127,354.05367369488096,432.4668823237616,84.64595063321997,84.64595063321997,17.711832480955685,0,7.96940861661845,10.621359087637876
Male,VLW,Naive,2017,6,470.6268478895351,393.26027800932127,350.3115948369246,436.20896118171794,77.36656988021383,77.36656988021383,16.43904724669962,0,7.96940861661845,9.707943663333168
Male,VLW,Drift,2017,1,400.08130158614745,401.22968662593973,392.9631277229075,409.496245528972,-1.148385039792288,1.148385039792288,0.2870379183529556,1,7.96940861661845,0.1440991540322808
Male,VLW,Drift,2017,2,401.89656728738623,409.19909524255814,397.3014847777218,421.0967057073945,-7.302527955171911,7.302527955171911,1.8170167524596086,1,7.96940861661845,0.9163199311858716
Male,VLW,Drift,2017,3,410.1498464601795,417.1685038591766,402.3478623066984,431.9891454116548,-7.018657398997107,7.018657398997107,1.7112422348982963,1,7.96940861661845,0.880699903423353
Male,VLW,Drift,2017,4,446.17476048530597,425.1379124757951,407.7416243700099,442.53420058158025,21.03684800951089,21.03684800951089,4.714934566587548,0,7.96940861661845,2.6397000105683084
Male,VLW,Drift,2017,5,477.90622864254124,433.10732109241354,413.34646568910927,452.8681764957178,44.798907550127694,44.798907550127694,9.37399532903679,0,7.96940861661845,5.621359087637873
Male,VLW,Drift,2017,6,470.6268478895351,441.07672970903195,419.09416581717676,463.05929360088714,29.550118180503148,29.550118180503148,6.278884919765375,0,7.96940861661845,3.7079436633331704
Male,VLW,ETS,2018,1,401.89656728738623,406.4596435981549,399.00205425010057,413.91723294620925,-4.563076310768679,4.563076310768679,1.1353857390639857,1,7.928394865197298,0.5755359550517452
Male,VLW,ETS,2018,2,410.1498464601795,412.4076200909624,396.1827753026783,428.63246487924647,-2.2577736307828786,2.2577736307828786,0.5504753080535605,1,7.928394865197298,0.28477058334892785
Male,VLW,ETS,2018,3,446.17476048530597,417.95989896806265,391.4986907166473,444.421107219478,28.21486151724332,28.21486151724332,6.323724247995092,0,7.928394865197298,3.5587104321829455
Male,VLW,ETS,2018,4,477.90622864254124,423.142804577453,385.36287355068515,460.9227356042208,54.76342406508826,54.76342406508826,11.459031245656682,0,7.928394865197298,6.907252350091606
Male,VLW,ETS,2018,5,470.6268478895351,427.9809100023518,378.06450678978194,477.8973132149216,42.64593788718332,42.64593788718332,9.061518287455016,1,7.928394865197298,5.378886724522654
Male,VLW,ARIMA,2018,1,401.89656728738623,402.6266743264397,397.16704253483914,408.0863061180402,-0.7301070390534505,0.7301070390534505,0.1816654080877902,1,7.928394865197298,0.09208762321593601
Male,VLW,ARIMA,2018,2,410.1498464601795,405.42275228478104,393.69762307655503,417.14788149300705,4.727094175398463,4.727094175398463,1.1525285736898125,1,7.928394865197298,0.5962233536259208
Male,VLW,ARIMA,2018,3,446.17476048530597,412.9789850497074,394.07857328140653,431.8793968180082,33.19577543559859,33.19577543559859,7.44008365679211,0,7.928394865197298,4.1869477996505555
Male,VLW,ARIMA,2018,4,477.90622864254124,420.5352178146337,396.51496646138895,444.55546916787847,57.371010827907526,57.371010827907526,12.004658527022302,0,7.928394865197298,7.236144491206525
Male,VLW,ARIMA,2018,5,470.6268478895351,428.09145057956,399.8652325343669,456.3176686247531,42.53539730997511,42.53539730997511,9.038030342025657,0,7.928394865197298,5.364944359253557
Male,VLW,Naive,2018,1,401.89656728738623,400.08130158614745,382.67914516780735,417.48345800448755,1.8152657012387863,1.8152657012387863,0.45167484596620977,1,7.928394865197298,0.228957529500344
Male,VLW,Naive,2018,2,410.1498464601795,400.08130158614745,375.4709359647929,424.691667207502,10.068544874032057,10.068544874032057,2.45484545731985,1,7.928394865197298,1.2699348411907712
Male,VLW,Naive,2018,3,446.17476048530597,400.08130158614745,369.9398825083216,430.2227206639733,46.09345889915852,46.09345889915852,10.330808235101083,0,7.928394865197298,5.81371887788935
Male,VLW,Naive,2018,4,477.90622864254124,400.08130158614745,365.2769887494673,434.8856144228276,77.82492705639379,77.82492705639379,16.284560106581992,0,7.928394865197298,9.815975160119264
Male,VLW,Naive,2018,5,470.6268478895351,400.08130158614745,361.16889687965477,438.9937062926401,70.54554630338765,70.54554630338765,14.989698658234222,0,7.928394865197298,8.897834618840232
Male,VLW,Drift,2018,1,401.89656728738623,408.0096964513447,399.8912919773329,416.12810092535653,-6.11312916395849,6.11312916395849,1.5210702607437658,1,7.928394865197298,0.7710424704996534
Male,VLW,Drift,2018,2,410.1498464601795,415.93809131654206,404.26066028083176,427.61552235225236,-5.788244856362553,5.788244856362553,1.4112512551981462,1,7.928394865197298,0.7300651588092305
Male,VLW,Drift,2018,3,446.17476048530597,423.86648618173933,409.3282017860363,438.4047705774424,22.308274303566634,22.308274303566634,4.999896067474063,0,7.928394865197298,2.813718877889351
Male,VLW,Drift,2018,4,477.90622864254124,431.7948810469366,414.7389013350181,448.8508607588551,46.11134759560463,46.11134759560463,9.64861825019118,0,7.928394865197298,5.815975160119267
Male,VLW,Drift,2018,5,470.6268478895351,439.72327591213394,420.35844728178284,459.08810454248504,30.903571977401157,30.903571977401157,6.566470254721805,0,7.928394865197298,3.8978346188402315
Male,VLW,ETS,2019,1,410.1498464601795,403.46120784134763,395.95054045582805,410.9718752268672,6.688638618831874,6.688638618831874,1.6307792570346016,1,7.717597307819418,0.866673700641907
Male,VLW,ETS,2019,2,446.17476048530597,404.8083000831699,388.9400984575525,420.6765017087873,41.366460402136056,41.366460402136056,9.271358235759818,0,7.717597307819418,5.360017989047424
Male,VLW,ETS,2019,3,477.90622864254124,405.96929726406427,380.7861449148388,431.1524496132897,71.93693137847697,71.93693137847697,15.05252015291969,0,7.717597307819418,9.321156379277648
Male,VLW,ETS,2019,4,470.6268478895351,406.9699076248078,371.9320211837,442.00779406591556,63.656940264727325,63.656940264727325,13.525989974900199,0,7.717597307819418,8.248284760884134
Male,VLW,ARIMA,2019,1,410.1498464601795,404.0125843105452,398.67067839918184,409.3544902219086,6.137262149634296,6.137262149634296,1.496346323813667,0,7.717597307819418,0.7952296427044804
Male,VLW,ARIMA,2019,2,446.17476048530597,411.0288116979614,399.51041709615424,422.5472062997685,35.145948787344594,35.145948787344594,7.877170987690163,0,7.717597307819418,4.5540013796437595
Male,VLW,ARIMA,2019,3,477.90622864254124,418.51789035362026,399.87374569462054,437.16203501262,59.38833828892098,59.38833828892098,12.426776369416515,0,7.717597307819418,7.695184902786921
Male,VLW,ARIMA,2019,4,470.6268478895351,426.0069690092792,402.2891519527186,449.7247860658398,44.6198788802559,44.6198788802559,9.480946333671344,0,7.717597307819418,5.78157645450707
Male,VLW,Naive,2019,1,410.1498464601795,401.89656728738623,384.7843215418037,419.00881303296876,8.25327917279327,8.25327917279327,2.0122594812660894,1,7.717597307819418,1.0694104451953075
Male,VLW,Naive,2019,2,446.17476048530597,401.89656728738623,377.6961972713221,426.0969373034504,44.278193197919734,44.278193197919734,9.923957408473347,0,7.717597307819418,5.7373028718481285
Male,VLW,Naive,2019,3,477.90622864254124,401.89656728738623,372.2572882244329,431.53584635033957,76.009661355155,76.009661355155,15.904722893245198,0,7.717597307819418,9.84887631778125
Male,VLW,Naive,2019,4,470.6268478895351,401.89656728738623,367.6720757962211,436.12105877855134,68.73028060214887,68.73028060214887,14.603986345097155,0,7.717597307819418,8.905657792291365
Male,VLW,Drift,2019,1,410.1498464601795,409.61416459520564,401.33165451510604,417.89667467530523,0.535681864973867,0.535681864973867,0.13060637949693227,1,7.717597307819418,0.0694104451953094
Male,VLW,Drift,2019,2,446.17476048530597,417.33176190302504,405.4249034591547,429.2386203468954,28.842998582280927,28.842998582280927,6.464506990693128,0,7.717597307819418,3.7373028718481325
Male,VLW,Drift,2019,3,477.90622864254124,425.0493592108445,410.23315476010055,439.86556366158845,52.85686943169674,52.85686943169674,11.060092182065283,0,7.717597307819418,6.848876317781249
Male,VLW,Drift,2019,4,470.6268478895351,432.7669565186639,415.39341680453003,450.1404962327978,37.859891370871196,37.859891370871196,8.044566845399695,0,7.717597307819418,4.905657792291366
Male,VLW,ETS,2020,1,446.17476048530597,417.60720044414546,409.7626795993887,425.4517212889022,28.567560041160505,28.567560041160505,6.402773659829494,0,7.735453369985214,3.6930686121135667
Male,VLW,ETS,2020,2,477.90622864254124,424.347476715842,407.47977271673363,441.21518071495035,53.558751926699244,53.558751926699244,11.206958335493782,0,7.735453369985214,6.923802570449936
Male,VLW,ETS,2020,3,470.6268478895351,430.43908722815047,403.2382762524906,457.63989820381033,40.18776066138463,40.18776066138463,8.53919848423468,0,7.735453369985214,5.1952689440698485
Male,VLW,ARIMA,2020,1,446.17476048530597,423.1849866996415,417.5635207698626,428.80645262942045,22.989773785664454,22.989773785664454,5.15263879127954,0,7.735453369985214,2.9720008234899873
Male,VLW,ARIMA,2020,2,477.90622864254124,435.8804564266636,423.31777114799917,448.44314170532806,42.02577221587762,42.02577221587762,8.79372765976473,0,7.735453369985214,5.4328777132759
Male,VLW,ARIMA,2020,3,470.6268478895351,443.88996175431487,423.41887999524687,464.36104351338287,26.73688613522023,26.73688613522023,5.681122157632596,0,7.735453369985214,3.4564084167275304
Male,VLW,Naive,2020,1,446.17476048530597,410.1498464601795,393.06797804279097,427.23171487756804,36.02491402512646,36.02491402512646,8.074171202768627,0,7.735453369985214,4.657117340388715
Male,VLW,Naive,2020,2,477.90622864254124,410.1498464601795,385.992436473636,434.307256446723,67.75638218236173,67.75638218236173,14.177756664695277,0,7.735453369985214,8.759199873826045
Male,VLW,Naive,2020,3,470.6268478895351,410.1498464601795,380.5631824730564,439.73651044730263,60.477001429355596,60.477001429355596,12.850308413248596,0,7.735453369985214,7.818158618086428
Male,VLW,Drift,2020,1,446.17476048530597,417.88529983016474,409.7490333598421,426.0215663004874,28.289460655141227,28.289460655141227,6.3404439606513545,0,7.735453369985214,3.6571173403887123
Male,VLW,Drift,2020,2,477.90622864254124,425.6207532001499,413.93022042596897,437.3112859743309,52.285475442391316,52.285475442391316,10.940530235587117,0,7.735453369985214,6.759199873826046
Male,VLW,Drift,2020,3,470.6268478895351,433.35620657013516,418.8162900158936,447.8961231243767,37.27064131939994,37.27064131939994,7.919361482783077,0,7.735453369985214,4.818158618086426
Male,VLW,ETS,2021,1,477.90622864254124,461.27684783574244,447.64861648369856,474.9050791877863,16.629380806798792,16.629380806798792,3.4796325743720415,0,8.648016616925254,1.9229126796834557
Male,VLW,ETS,2021,2,470.6268478895351,476.07962572316023,454.2093655840059,497.94988586231455,-5.4527778336251345,5.4527778336251345,1.1586202228107911,1,8.648016616925254,0.6305235148315238
Male,VLW,ARIMA,2021,1,477.90622864254124,487.39983642772785,478.3865605723014,496.4131122831543,-9.493607785186612,9.493607785186612,1.986500115755455,0,8.648016616925254,1.0977786243618484
Male,VLW,ARIMA,2021,2,470.6268478895351,515.1316880871939,494.0172890248671,536.2460871495206,-44.50484019765878,44.50484019765878,9.456502619269374,0,8.648016616925254,5.146248228820146
Male,VLW,Naive,2021,1,477.90622864254124,446.17476048530597,425.12249777538807,467.22702319522386,31.73146815723527,31.73146815723527,6.639684995813145,0,8.648016616925254,3.669219147328279
Male,VLW,Naive,2021,2,470.6268478895351,446.17476048530597,416.4023650422987,475.94715592831324,24.452087404229133,24.452087404229133,5.195642261779441,1,8.648016616925254,2.8274792345303
Male,VLW,Drift,2021,1,477.90622864254124,454.8227771022312,441.92721682665535,467.7183373778071,23.083451540310023,23.083451540310023,4.830121508538805,0,8.648016616925254,2.66921914732828
Male,VLW,Drift,2021,2,470.6268478895351,463.47079371915646,444.95095525284324,481.9906321854697,7.1560541703786384,7.1560541703786384,1.5205367484811019,1,8.648016616925254,0.8274792345303017
Male,VLW,ETS,2022,1,470.6268478895351,508.46415196347164,495.5061482284374,521.4221556985059,-37.83730407393654,37.83730407393654,8.03976743860088,0,9.36937447755994,4.038402367688315
Male,VLW,ARIMA,2022,1,470.6268478895351,493.46624173353064,482.6037466353442,504.3287368317171,-22.839393843995538,22.839393843995538,4.852972996847891,0,9.36937447755994,2.4376647447166166
Male,VLW,Naive,2022,1,470.6268478895351,477.90622864254124,454.4494584964996,501.3629987885829,-7.279380753006137,7.279380753006137,1.5467414971435594,1,9.36937447755994,0.7769334837070042
Male,VLW,Drift,2022,1,470.6268478895351,487.27560312010115,472.2177594614332,502.3334467787691,-16.648755230566053,16.648755230566053,3.5375702226137817,0,9.36937447755994,1.7769334837070017
Female,VLW,ETS,2009,1,201.38084976839846,199.58939031018758,197.07689677368782,202.10188384668734,1.7914594582108805,1.7914594582108805,0.8895877936115472,1,4.035538906720511,0.44392075002114495
Female,VLW,ETS,2009,2,204.98212443595372,202.54360584974376,197.01259497259215,208.07461672689536,2.438518586209966,2.438518586209966,1.1896249943354824,1,4.035538906720511,0.6042609531403659
Female,VLW,ETS,2009,3,208.172207219078,205.3874592894847,196.26666095599802,214.50825762297137,2.784747929593294,2.784747929593294,1.3377136010585016,1,4.035538906720511,0.6900560232378791
Female,VLW,ETS,2009,4,210.96607844314127,208.12507348128517,194.9623250320842,221.28782193048613,2.8410049618561004,2.8410049618561004,1.3466643466199695,1,4.035538906720511,0.7039964246472472
Female,VLW,ETS,2009,5,217.82668294551672,210.76041725759103,193.18592036453074,228.33491415065131,7.066265687925693,7.066265687925693,3.243985352195407,1,4.035538906720511,1.7510091839674786
Female,VLW,ETS,2009,6,226.69532486506617,213.29731118519976,191.00218333267455,235.59243903772497,13.39801367986641,13.39801367986641,5.910141149951455,1,4.035538906720511,3.320006073427832
Female,VLW,ARIMA,2009,1,201.38084976839846,200.77585283379793,198.89008965243582,202.66161601516004,0.6049969346005355,0.6049969346005355,0.3004242634273928,1,4.035538906720511,0.1499172597724222
Female,VLW,ARIMA,2009,2,204.98212443595372,204.84811968359924,201.0148640544769,208.68137531272157,0.1340047523544854,0.1340047523544854,0.06537387234288076,1,4.035538906720511,0.03320616042911221
Female,VLW,ARIMA,2009,3,208.172207219078,208.92038653340057,203.8379073489656,214.00286571783556,-0.7481793143225843,0.7481793143225843,0.3594040358784346,1,4.035538906720511,0.1853976213874726
Female,VLW,ARIMA,2009,4,210.96607844314127,212.9926533832019,206.91241156216944,219.07289520423438,-2.026574940060641,2.026574940060641,0.9606164910568005,1,4.035538906720511,0.5021819853318032
Female,VLW,ARIMA,2009,5,217.82668294551672,217.06492023300322,210.12899300268649,224.00084746331996,0.7617627125135016,0.7617627125135016,0.34971046807155176,1,4.035538906720511,0.18876356544225456
Female,VLW,ARIMA,2009,6,226.69532486506617,221.13718708280453,213.44012059704087,228.8342535685682,5.558137782261639,5.558137782261639,2.4518096196160903,1,4.035538906720511,1.3772975334237259
Female,VLW,Naive,2009,1,201.38084976839846,196.52041519772078,188.28237559114297,204.7584548042986,4.860434570677683,4.860434570677683,2.4135535113033386,1,4.035538906720511,1.2044078084796672
Female,VLW,Naive,2009,2,204.98212443595372,196.52041519772078,184.87006785873172,208.17076253670984,8.461709238232942,8.461709238232942,4.128022997867205,1,4.035538906720511,2.096797833900545
Female,VLW,Naive,2009,3,208.172207219078,196.52041519772078,182.2517120443633,210.78911835107826,11.65179202135721,11.65179202135721,5.597189066211418,1,4.035538906720511,2.8872951768481556
Female,VLW,Naive,2009,4,210.96607844314127,196.52041519772078,180.04433598456518,212.99649441087638,14.44566324542049,14.44566324542049,6.847386723033688,1,4.035538906720511,3.57961193766802
Female,VLW,Naive,2009,5,217.82668294551672,196.52041519772078,178.0995986360772,214.94123175936437,21.306267747795943,21.306267747795943,9.781293760565188,0,4.035538906720511,5.279658613206266
Female,VLW,Naive,2009,6,226.69532486506617,196.52041519772078,176.34142168076687,216.6994087146747,30.17490966734539,30.17490966734539,13.310777222823686,0,4.035538906720511,7.477293705951925
Female,VLW,Drift,2009,1,201.38084976839846,200.5559541044413,198.1281215916861,202.9837866171965,0.8248956639571645,0.8248956639571645,0.4096197155319635,1,4.035538906720511,0.20440780847966541
Female,VLW,Drift,2009,2,204.98212443595372,204.59149301116182,201.07322944926347,208.10975657306017,0.3906314247919056,0.3906314247919056,0.1905685317033377,1,4.035538906720511,0.09679783390054168
Female,VLW,Drift,2009,3,208.172207219078,208.6270319178823,204.21665513772268,213.03740869804193,-0.4548246988043161,0.4548246988043161,0.2184848327642815,1,4.035538906720511,0.11270482315184277
Female,VLW,Drift,2009,4,210.96607844314127,212.66257082460282,207.4554501935861,217.86969145561955,-1.6964923814615531,1.6964923814615531,0.8041541057126798,1,4.035538906720511,0.4203880623319801
Female,VLW,Drift,2009,5,217.82668294551672,216.69810973132334,210.75115889413394,222.64506056851275,1.1285732141933806,1.1285732141933806,0.5181060460236002,1,4.035538906720511,0.27965861320626395
Female,VLW,Drift,2009,6,226.69532486506617,220.73364863804386,214.08475547264146,227.38254180344626,5.961676227022309,5.961676227022309,2.629818780149447,1,4.035538906720511,1.4772937059519216
Female,VLW,ETS,2010,1,204.98212443595372,206.12483934678548,203.52769985763152,208.72197883593944,-1.1427149108317565,1.1427149108317565,0.557470517966456,1,4.07678368991837,0.2802981462218902
Female,VLW,ETS,2010,2,208.172207219078,210.7562366143521,205.00506079598594,216.50741243271827,-2.584029395274115,2.584029395274115,1.2412941332532026,1,4.07678368991837,0.6338402014471008
Female,VLW,ETS,2010,3,210.96607844314127,215.27754707786153,205.74228508304486,224.8128090726782,-4.311468634720256,4.311468634720256,2.043678617215358,1,4.07678368991837,1.0575661998899395
Female,VLW,ETS,2010,4,217.82668294551672,219.69138746477793,205.85873471927997,233.5240402102759,-1.8647045192612097,1.8647045192612097,0.8560496326924344,1,4.07678368991837,0.4573959918139652
Female,VLW,ETS,2010,5,226.69532486506617,224.00031230380625,205.43736444945387,242.56326015815864,2.695012561259915,2.695012561259915,1.1888258228810158,1,4.07678368991837,0.6610634181853974
Female,VLW,ETS,2010,6,238.10514992594767,228.20681540333638,204.54006501534548,251.87356579132728,9.898334522611293,9.898334522611293,4.157127439574382,1,4.07678368991837,2.4279763841994493
Female,VLW,ARIMA,2010,1,204.98212443595372,205.86440706480022,204.0271023698531,207.70171175974733,-0.8822826288464967,0.8822826288464967,0.43041930181681004,1,4.07678368991837,0.21641634581406075
Female,VLW,ARIMA,2010,2,208.172207219078,209.98762265922784,206.1675244493425,213.80772086911318,-1.8154154401498488,1.8154154401498488,0.8720738778732969,1,4.07678368991837,0.4453058043376834
Female,VLW,ARIMA,2010,3,210.96607844314127,214.11083825365543,209.03042369141116,219.1912528158997,-3.1447598105141594,3.1447598105141594,1.4906471380240034,1,4.07678368991837,0.7713825529401898
Female,VLW,ARIMA,2010,4,217.82668294551672,218.23405384808305,212.1489840937287,224.3191236024374,-0.4073709025663277,0.4073709025663277,0.1870160703260675,1,4.07678368991837,0.09992458112843473
Female,VLW,ARIMA,2010,5,226.69532486506617,222.35726944251064,215.41136880210033,229.30317008292096,4.338055422555527,4.338055422555527,1.9136060371503598,1,4.07678368991837,1.0640877104378301
Female,VLW,ARIMA,2010,6,238.10514992594767,226.48048503693826,218.76925961567434,234.19171045820218,11.62466488900941,11.62466488900941,4.882156010747671,0,4.07678368991837,2.8514303856141483
Female,VLW,Naive,2010,1,204.98212443595372,201.38084976839846,193.07365233922957,209.68804719756736,3.601274667555259,3.601274667555259,1.7568725455767586,1,4.07678368991837,0.8833617237188681
Female,VLW,Naive,2010,2,208.172207219078,201.38084976839846,189.6326984987569,213.12900103804003,6.791357450679527,6.791357450679527,3.262374714378842,1,4.07678368991837,1.6658616122984713
Female,VLW,Naive,2010,3,210.96607844314127,201.38084976839846,186.99236175257235,215.76933778422458,9.585228674742808,9.585228674742808,4.543492842772911,1,4.07678368991837,2.3511742107991838
Female,VLW,Naive,2010,4,217.82668294551672,201.38084976839846,184.76645491006065,217.99524462673628,16.44583317711826,16.44583317711826,7.549962637603827,1,4.07678368991837,4.034021529714164
Female,VLW,Naive,2010,5,226.69532486506617,201.38084976839846,182.8053916142653,219.95630792253164,25.314475096667707,25.314475096667707,11.166738931089741,0,4.07678368991837,6.2094231683836485
Female,VLW,Naive,2010,6,238.10514992594767,201.38084976839846,181.03245487437445,221.72924466242247,36.72430015754921,36.72430015754921,15.42356398799888,0,4.07678368991837,9.008155190663192
Female,VLW,Drift,2010,1,204.98212443595372,205.45763345831682,203.06861446898725,207.8466524476464,-0.47550902236309867,0.47550902236309867,0.23197584846559172,1,4.07678368991837,0.11663827628112881
Female,VLW,Drift,2010,2,208.172207219078,209.5344171482352,206.07632714293018,212.99250715354023,-1.362209929157217,1.362209929157217,0.6543668568223631,1,4.07678368991837,0.33413838770152965
Female,VLW,Drift,2010,3,210.96607844314127,213.61120083815356,209.28073616790863,217.9416655083985,-2.6451223950122937,2.6451223950122937,1.2538140797479895,1,4.07678368991837,0.6488257892008141
Female,VLW,Drift,2010,4,217.82668294551672,217.68798452807192,212.58004707174723,222.7959219843966,0.13869841744480027,0.13869841744480027,0.06367374995995868,1,4.07678368991837,0.03402152971416971
Female,VLW,Drift,2010,5,226.69532486506617,221.7647682179903,215.9361587030849,227.5933777328957,4.930556647075861,4.930556647075861,2.1749705910391546,1,4.07678368991837,1.2094231683836494
Female,VLW,Drift,2010,6,238.10514992594767,225.84155190790867,219.3301837169059,232.35292009891143,12.263598018039005,12.263598018039005,5.15049675399842,0,4.07678368991837,3.0081551906631967
Female,VLW,ETS,2011,1,208.172207219078,208.5625871973862,205.97543865911274,211.14973573565965,-0.3903799783082036,0.3903799783082036,0.1875274243008685,1,4.054140403139174,0.09629167702379703
Female,VLW,ETS,2011,2,210.96607844314127,212.07133428623263,206.44112649989034,217.7015420725749,-1.1052558430913564,1.1052558430913564,0.5239021605974633,1,4.054140403139174,0.272623967891083
Female,VLW,ETS,2011,3,217.82668294551672,215.50990618618917,206.23858275116288,224.78122962121546,2.316776759327553,2.316776759327553,1.063587218975845,1,4.054140403139174,0.5714594288677428
Female,VLW,ETS,2011,4,226.69532486506617,218.87970640597592,205.4729957522324,232.28641705971944,7.8156184590902456,7.8156184590902456,3.447631072119492,1,4.054140403139174,1.9278114919351363
Female,VLW,ETS,2011,5,238.10514992594767,222.1821103840397,204.21872608941186,240.14549467866755,15.923039541907968,15.923039541907968,6.687398213293641,1,4.054140403139174,3.927599431331621
Female,VLW,ETS,2011,6,247.7393293115124,225.41846604996152,202.53139053446566,248.3055415654574,22.32086326155087,22.32086326155087,9.00981823256822,1,4.054140403139174,5.505695669609156
Female,VLW,ARIMA,2011,1,208.172207219078,208.39852133574752,206.5868731708233,210.21016950067173,-0.22631411666952772,0.22631411666952772,0.10871485665296203,1,4.054140403139174,0.05582295978064542
Female,VLW,ARIMA,2011,2,210.96607844314127,212.45485754480134,208.60557097113414,216.30414411846854,-1.4887791016600715,1.4887791016600715,0.7056959643212599,1,4.054140403139174,0.36722435673596565
Female,VLW,ARIMA,2011,3,217.82668294551672,216.51119375385517,211.37777918079018,221.64460832692015,1.3154891916615554,1.3154891916615554,0.6039155414172048,1,4.054140403139174,0.32448042269156613
Female,VLW,ARIMA,2011,4,226.69532486506617,220.56752996290896,214.41229777949806,226.72276214631987,6.127794902157206,6.127794902157206,2.703097166121356,1,4.054140403139174,1.5114905486283539
Female,VLW,ARIMA,2011,5,238.10514992594767,224.6238661719628,217.59380064705914,231.65393169686644,13.481283753984883,13.481283753984883,5.661903473393017,0,4.054140403139174,3.325312498685578
Female,VLW,ARIMA,2011,6,247.7393293115124,228.6802023810166,220.87272139562958,236.48768336640364,19.05912693049578,19.05912693049578,7.693218102859417,0,4.054140403139174,4.7011511776301695
Female,VLW,Naive,2011,1,208.172207219078,204.98212443595372,196.730108374932,213.23414049697544,3.190082783124268,3.190082783124268,1.5324249215300205,1,4.054140403139174,0.7868703266058928
Female,VLW,Naive,2011,2,210.96607844314127,204.98212443595372,193.3120114055362,216.65223746637125,5.983954007187549,5.983954007187549,2.836453164104446,1,4.054140403139174,1.4760105502399707
Female,VLW,Naive,2011,3,217.82668294551672,204.98212443595372,190.6892133533897,219.27503551851774,12.844558509563,12.844558509563,5.896687373592201,1,4.054140403139174,3.1682569502569007
Female,VLW,Naive,2011,4,226.69532486506617,204.98212443595372,188.47809231391028,221.48615655799716,21.713200429112447,21.713200429112447,9.578142135060174,0,4.054140403139174,5.35580869678308
Female,VLW,Naive,2011,5,238.10514992594767,204.98212443595372,186.5300555720891,223.43419329981833,33.12302548999395,33.12302548999395,13.911091591381133,0,4.054140403139174,8.170172267429702
Female,VLW,Naive,2011,6,247.7393293115124,204.98212443595372,184.76889573719896,225.19535313470848,42.75720487555867,42.75720487555867,17.25894915207222,0,4.054140403139174,10.546552566963692
Female,VLW,Drift,2011,1,208.172207219078,209.0362648390929,206.701082367501,211.3714473106848,-0.8640576200149042,0.8640576200149042,0.4150686739395427,1,4.054140403139174,0.21312967339410668
Female,VLW,Drift,2011,2,210.96607844314127,213.09040524223207,209.7137369671488,216.46707351731533,-2.1243267990907952,2.1243267990907952,1.0069518354645508,1,4.054140403139174,0.5239894497600284
Female,VLW,Drift,2011,3,217.82668294551672,217.14454564537124,212.92004160430665,221.36904968643583,0.6821373001454845,0.6821373001454845,0.3131559875592019,1,4.054140403139174,0.16825695025690196
Female,VLW,Drift,2011,4,226.69532486506617,221.1986860485104,216.22006029086583,226.177311806155,5.496638816555759,5.496638816555759,2.4246811529207646,0,4.054140403139174,1.3558086967830811
Female,VLW,Drift,2011,5,238.10514992594767,225.25282645164958,219.57631971201764,230.92933319128153,12.852323474298089,12.852323474298089,5.397751152503526,0,4.054140403139174,3.170172267429704
Female,VLW,Drift,2011,6,247.7393293115124,229.30696685478875,222.97021079319185,235.64372291638566,18.432362456723638,18.432362456723638,7.440224573122347,0,4.054140403139174,4.546552566963695
Female,VLW,ETS,2012,1,210.96607844314127,211.1423150794587,208.6288104131547,213.65581974576273,-0.1762366363174408,0.1762366363174408,0.0835379022153741,1,4.01486505677486,0.04389602983543652
Female,VLW,ETS,2012,2,217.82668294551672,213.90765204764247,208.4421516090783,219.37315248620664,3.9190308978742507,3.9190308978742507,1.7991509786037037,1,4.01486505677486,0.9761301668809779
Female,VLW,ETS,2012,3,226.69532486506617,216.4823499878471,207.57619442024398,225.38850555545022,10.212974877219068,10.212974877219068,4.5051546092968815,0,4.01486505677486,2.543790322413264
Female,VLW,ETS,2012,4,238.10514992594767,218.87955132698366,206.1748089417967,231.58429371217062,19.225598598964012,19.225598598964012,8.07441527616824,0,4.01486505677486,4.788603932409108
Female,VLW,ETS,2012,5,247.7393293115124,221.11149246874785,204.3397313439737,237.883253593522,26.627836842764538,26.627836842764538,10.748328461518582,0,4.01486505677486,6.632311787872311
Female,VLW,ETS,2012,6,251.04852413279258,223.1895662537783,202.14741790377803,244.23171460377858,27.85895787901427,27.85895787901427,11.097041090063618,0,4.01486505677486,6.938952489076523
Female,VLW,ARIMA,2012,1,210.96607844314127,212.0288881717721,210.25909668226228,213.79867966128194,-1.062809728630839,1.062809728630839,0.5037822840875733,1,4.01486505677486,0.26471866765170776
Female,VLW,ARIMA,2012,2,217.82668294551672,216.06669838110284,212.3149048974454,219.8184918647603,1.7599845644138838,1.7599845644138838,0.8079747350576397,1,4.01486505677486,0.4383670533195153
Female,VLW,ARIMA,2012,3,226.69532486506617,220.10450859043357,215.1025343030459,225.10648287782124,6.590816274632601,6.590816274632601,2.907345477263633,0,4.01486505677486,1.6416034365864847
Female,VLW,ARIMA,2012,4,238.10514992594767,224.1423187997643,218.14535796953032,230.13927962999827,13.962831126183374,13.962831126183374,5.864144950466595,0,4.01486505677486,3.4777834195502733
Female,VLW,ARIMA,2012,5,247.7393293115124,228.18012900909503,221.331236279096,235.02902173909405,19.559200302417366,19.559200302417366,7.895072759248184,0,4.01486505677486,4.871695567803036
Female,VLW,ARIMA,2012,6,251.04852413279258,232.21793921842573,224.61194657744147,239.82393185940998,18.830584914366852,18.830584914366852,7.500774991374329,0,4.01486505677486,4.690216146266559
Female,VLW,Naive,2012,1,210.96607844314127,208.172207219078,200.0004591905432,216.34395524761277,2.793871224063281,2.793871224063281,1.3243224904596567,1,4.01486505677486,0.6958817256756313
Female,VLW,Naive,2012,2,217.82668294551672,208.172207219078,196.6156103288285,219.72880410932748,9.654475726438733,9.654475726438733,4.432182318478187,1,4.01486505677486,2.4046824961519806
Female,VLW,Naive,2012,3,226.69532486506617,208.172207219078,194.01832444700494,222.32608999115104,18.52311764598818,18.52311764598818,8.170930590215535,0,4.01486505677486,4.6136339289240755
Female,VLW,Naive,2012,4,238.10514992594767,208.172207219078,191.82871116200843,224.51570327614755,29.93294270686968,29.93294270686968,12.57131259705178,0,4.01486505677486,7.455528961392991
Female,VLW,Naive,2012,5,247.7393293115124,208.172207219078,189.89962313227434,226.44479130588164,39.5671220924344,39.5671220924344,15.971271982690286,0,4.01486505677486,9.855156159150878
Female,VLW,Naive,2012,6,251.04852413279258,208.172207219078,188.1555942425734,228.1888201955826,42.87631691371459,42.87631691371459,17.078896226067865,0,4.01486505677486,10.679391787119522
Female,VLW,Drift,2012,1,210.96607844314127,212.18707227585284,209.88078376880657,214.49336078289912,-1.2209938327115708,1.2209938327115708,0.5787631081366704,1,4.01486505677486,0.30411827432436667
Female,VLW,Drift,2012,2,217.82668294551672,216.20193733262772,212.87020322003565,219.5336714452198,1.6247456128890008,1.6247456128890008,0.7458891587195429,1,4.01486505677486,0.40468249615197743
Female,VLW,Drift,2012,3,226.69532486506617,220.21680238940257,216.0521347486625,224.38147003014265,6.4785224756635955,6.4785224756635955,2.85781035825055,0,4.01486505677486,1.6136339289240746
Female,VLW,Drift,2012,4,238.10514992594767,224.23166744617743,219.32748762074408,229.13584727161077,13.873482479770246,13.873482479770246,5.82662008112172,0,4.01486505677486,3.4555289613929916
Female,VLW,Drift,2012,5,247.7393293115124,228.24653250295228,222.65904453391917,233.83402047198538,19.492796808560115,19.492796808560115,7.868268983666087,0,4.01486505677486,4.855156159150882
Female,VLW,Drift,2012,6,251.04852413279258,232.26139755972713,226.0282937831537,238.49450133630054,18.78712657306545,18.78712657306545,7.483464257741648,0,4.01486505677486,4.679391787119527
Female,VLW,ETS,2013,1,217.82668294551672,213.65006310596192,211.21246603287054,216.0876601790533,4.176619839554803,4.176619839554803,1.917405059415732,0,3.961778368396096,1.0542285436440717
Female,VLW,ETS,2013,2,226.69532486506617,216.22843052833605,210.86383078405848,221.59303027261362,10.466894336730121,10.466894336730121,4.617163738581833,0,3.961778368396096,2.641968672509963
Female,VLW,ETS,2013,3,238.10514992594767,218.70536185324923,209.8637604813175,227.54696322518095,19.399788072698442,19.399788072698442,8.147571809652966,0,3.961778368396096,4.896737340850376
Female,VLW,ETS,2013,4,247.7393293115124,221.0848476996407,208.33291484990838,233.83678054937303,26.654481611871688,26.654481611871688,10.75908362468997,0,3.961778368396096,6.727908311201822
Female,VLW,ETS,2013,5,251.04852413279258,223.370721690667,206.35576845306508,240.38567492826894,27.677802442125568,27.677802442125568,11.024881559345612,0,3.961778368396096,6.98620666489498
Female,VLW,ETS,2013,6,252.7477722018798,225.5666666301062,203.99561238821076,247.13772087200164,27.1811055717736,27.1811055717736,10.754241406354694,0,3.961778368396096,6.860834464795596
Female,VLW,ARIMA,2013,1,217.82668294551672,214.06942011090675,212.3048112283017,215.8340289935118,3.757262834609975,3.757262834609975,1.7248864022548371,0,3.961778368396096,0.9483778458134905
Female,VLW,ARIMA,2013,2,226.69532486506617,218.02930996112565,214.21203345971566,221.84658646253564,8.666014903940521,8.666014903940521,3.822758545681838,0,3.961778368396096,2.187405275638604
Female,VLW,ARIMA,2013,3,238.10514992594767,221.98919981134452,216.88730258895114,227.0910970337379,16.11595011460315,16.11595011460315,6.768417281027027,0,3.961778368396096,4.067857566986415
Female,VLW,ARIMA,2013,4,247.7393293115124,225.9490896615634,219.82641780627722,232.07176151684956,21.790239649949,21.790239649949,8.795631969500297,0,3.961778368396096,5.500115762096671
Female,VLW,ARIMA,2013,5,251.04852413279258,229.9089795117823,222.9129187611054,236.90504026245918,21.139544621010288,21.139544621010288,8.420501452471589,0,3.961778368396096,5.3358725943997
Female,VLW,ARIMA,2013,6,252.7477722018798,233.8688693620012,226.09695702289122,241.64078170111117,18.878902839878606,18.878902839878606,7.469463598199104,0,3.961778368396096,4.7652597102552265
Female,VLW,Naive,2013,1,217.82668294551672,210.96607844314127,202.89280103446404,219.0393558518185,6.860604502375452,6.860604502375452,3.149570295798629,1,3.961778368396096,1.7316982083359018
Female,VLW,Naive,2013,2,226.69532486506617,210.96607844314127,199.54874003898962,222.38341684729292,15.729246421924898,15.729246421924898,6.938496164968236,0,3.961778368396096,3.970248953702273
Female,VLW,Naive,2013,3,238.10514992594767,210.96607844314127,196.9827517877143,224.94940509856823,27.1390714828064,27.1390714828064,11.397935530267548,0,3.961778368396096,6.850224560591334
Female,VLW,Naive,2013,4,247.7393293115124,210.96607844314127,194.81952362578681,227.11263326049573,36.77325086837112,36.77325086837112,14.84352564066713,0,3.961778368396096,9.282006071242842
Female,VLW,Naive,2013,5,251.04852413279258,210.96607844314127,192.91368135612564,229.0184755301569,40.08244568965131,40.08244568965131,15.966015266614205,0,3.961778368396096,10.117286219087127
Female,VLW,Naive,2013,6,252.7477722018798,210.96607844314127,191.19066823994325,230.7414886463393,41.78169375873853,41.78169375873853,16.53098399038145,0,3.961778368396096,10.546196650483912
Female,VLW,Drift,2013,1,217.82668294551672,214.92785681153737,212.61973606083367,217.23597756224106,2.8988261339793553,2.8988261339793553,1.3307947836236462,0,3.961778368396096,0.7316982083359017
Female,VLW,Drift,2013,2,226.69532486506617,218.88963517993346,215.5581498380811,222.22112052178582,7.805689685132705,7.805689685132705,3.443251284418334,0,3.961778368396096,1.9702489537022727
Female,VLW,Drift,2013,3,238.10514992594767,222.85141354832956,218.69038969001727,227.01243740664185,15.253736377618111,15.253736377618111,6.406302586215428,0,3.961778368396096,3.850224560591334
Female,VLW,Drift,2013,4,247.7393293115124,226.81319191672566,221.91692841286576,231.70945542058556,20.926137394786736,20.926137394786736,8.446837025409797,0,3.961778368396096,5.282006071242841
Female,VLW,Drift,2013,5,251.04852413279258,230.77497028512175,225.20032905609762,236.3496115141459,20.273553847670826,20.273553847670826,8.075551894878734,0,3.961778368396096,5.117286219087127
Female,VLW,Drift,2013,6,252.7477722018798,234.73674865351785,228.52194333486466,240.95155397217104,18.011023548361948,18.011023548361948,7.126085975537628,0,3.961778368396096,4.546196650483911
Female,VLW,ETS,2014,1,226.69532486506617,222.0600063680698,219.09902911953932,225.02098361660026,4.635318496996376,4.635318496996376,2.044734932118876,0,4.082562790645236,1.1353942939022816
Female,VLW,ETS,2014,2,238.10514992594767,226.20883183462846,221.43611890069442,230.9815447685625,11.896318091319216,11.896318091319216,4.9962456062034155,0,4.082562790645236,2.913933894312264
Female,VLW,ETS,2014,3,247.7393293115124,230.27451184047572,223.70801533380256,236.8410083471489,17.464817471036667,17.464817471036667,7.049674962620108,0,4.082562790645236,4.277905415455082
Female,VLW,ETS,2014,4,251.04852413279258,234.2587126807336,225.84433684942667,242.67308851204052,16.789811452058984,16.789811452058984,6.687874987537462,0,4.082562790645236,4.1125666188236165
Female,VLW,ETS,2014,5,252.7477722018798,238.1630672567656,227.8298296479928,248.4963048655384,14.584704945114197,14.584704945114197,5.770458357775279,0,4.082562790645236,3.5724386109954067
Female,VLW,ETS,2014,6,255.86209606649837,241.98917574541179,229.66330424637792,254.31504724444565,13.872920321086582,13.872920321086582,5.422030278951916,0,4.082562790645236,3.398091109063876
Female,VLW,ARIMA,2014,1,226.69532486506617,223.69603503188085,221.34215960523372,226.049910458528,2.9992898331853155,2.9992898331853155,1.3230488255417512,0,4.082562790645236,0.7346585924061899
Female,VLW,ARIMA,2014,2,238.10514992594767,227.8591939500406,223.57951770769375,232.13887019238746,10.245955975907066,10.245955975907066,4.303122372234967,0,4.082562790645236,2.5096872972498057
Female,VLW,ARIMA,2014,3,247.7393293115124,232.02235286820033,226.44646478158643,237.59824095481423,15.716976443312063,15.716976443312063,6.344158792627239,0,4.082562790645236,3.8497819260308415
Female,VLW,ARIMA,2014,4,251.04852413279258,236.18551178636005,229.5624137824364,242.8086097902837,14.863012346432527,14.863012346432527,5.920374317186071,0,4.082562790645236,3.6406083895364842
Female,VLW,ARIMA,2014,5,252.7477722018798,240.3486707045198,232.82269393172066,247.87464747731894,12.399101497359993,12.399101497359993,4.905721379595913,0,4.082562790645236,3.037087764031758
Female,VLW,ARIMA,2014,6,255.86209606649837,244.51182962267953,236.18024960446888,252.84340964089017,11.350266443818839,11.350266443818839,4.43608749334599,0,4.082562790645236,2.780181720615978
Female,VLW,Naive,2014,1,226.69532486506617,217.82668294551672,209.46033427009507,226.19303162093837,8.868641919549447,8.868641919549447,3.912141516296487,0,4.082562790645236,2.1723222334439067
Female,VLW,Naive,2014,2,238.10514992594767,217.82668294551672,205.99487918119326,229.6584867098402,20.27846698043095,20.27846698043095,8.516601588305708,0,4.082562790645236,4.9670924907504
Female,VLW,Naive,2014,3,247.7393293115124,217.82668294551672,203.33574196584985,232.3176239251836,29.91264636599567,29.91264636599567,12.074242087086184,0,4.082562790645236,7.326928671994307
Female,VLW,Naive,2014,4,251.04852413279258,217.82668294551672,201.09398559467343,234.55938029636002,33.22184118727586,33.22184118727586,13.233235009859328,0,4.082562790645236,8.137496687962821
Female,VLW,Naive,2014,5,252.7477722018798,217.82668294551672,199.1189585838086,236.53440730722485,34.921089256363075,34.921089256363075,13.816576483400297,0,4.082562790645236,8.553717614920972
Female,VLW,Naive,2014,6,255.86209606649837,217.82668294551672,197.33339768052377,238.31996821050967,38.035413120981644,38.035413120981644,14.865591154657103,0,4.082562790645236,9.316553123968063
Female,VLW,Drift,2014,1,226.69532486506617,221.90924573616195,219.36208815559283,224.45640331673107,4.78607912890422,4.78607912890422,2.1112385673383405,0,4.082562790645236,1.1723222334439087
Female,VLW,Drift,2014,2,238.10514992594767,225.9918085268072,222.3182456214357,229.66537143217872,12.113341399140467,12.113341399140467,5.087391601108921,0,4.082562790645236,2.9670924907503977
Female,VLW,Drift,2014,3,247.7393293115124,230.07437131745243,225.489487672428,234.65925496247687,17.66495799405996,17.66495799405996,7.130461700672358,0,4.082562790645236,4.326928671994307
Female,VLW,Drift,2014,4,251.04852413279258,234.15693410809766,228.76561770147455,239.54825051472076,16.89159002469492,16.89159002469492,6.7284163820696605,0,4.082562790645236,4.137496687962822
Female,VLW,Drift,2014,5,252.7477722018798,238.2394968987429,232.10512911604073,244.3738646814451,14.508275303136884,14.508275303136884,5.740218865924778,0,4.082562790645236,3.5537176149209695
Female,VLW,Drift,2014,6,255.86209606649837,242.32205968938814,235.4873186899204,249.1568006888559,13.540036377110226,13.540036377110226,5.29192740357727,0,4.082562790645236,3.3165531239680623
Female,VLW,ETS,2015,1,238.10514992594767,235.21883130361488,232.1402203057437,238.29744230148606,2.8863186223327943,2.8863186223327943,1.2122033577310105,1,4.274005955801404,0.6753192794256625
Female,VLW,ETS,2015,2,247.7393293115124,243.41089613880058,236.63438522722257,250.1874070503786,4.3284331727118115,4.3284331727118115,1.747172394767063,1,4.274005955801404,1.012734473810578
Female,VLW,ETS,2015,3,251.04852413279258,251.2841973680554,240.11372156249755,262.45467317361323,-0.2356732352628228,0.2356732352628228,0.09387557089886057,1,4.274005955801404,0.055141063840336305
Female,VLW,ETS,2015,4,252.7477722018798,258.85113848653106,242.73775794170282,274.96451903135926,-6.103366284651258,6.103366284651258,2.4148051757212934,1,4.274005955801404,1.4280200701093402
Female,VLW,ETS,2015,5,255.86209606649837,266.12364035369217,244.62010642104465,287.6271742863397,-10.2615442871938,10.2615442871938,4.01057618340109,1,4.274005955801404,2.4009195104805823
Female,VLW,ETS,2015,6,275.4849108354329,273.11315997328137,245.8473989057782,300.3789210407846,2.3717508621515435,2.3717508621515435,0.8609367587353494,1,4.274005955801404,0.5549245571200484
Female,VLW,ARIMA,2015,1,238.10514992594767,233.0715339447379,230.60703179675235,235.53603609272344,5.033615981209778,5.033615981209778,2.114030705667335,0,4.274005955801404,1.1777278818194679
Female,VLW,ARIMA,2015,2,247.7393293115124,236.47220316344402,231.48101431845382,241.46339200843423,11.267126148068371,11.267126148068371,4.547976366683733,0,4.274005955801404,2.6361980457174425
Female,VLW,ARIMA,2015,3,251.04852413279258,238.94675657853367,232.26361242119796,245.62990073586937,12.101767554258913,12.101767554258913,4.820489423732944,0,4.274005955801404,2.8314812097611486
Female,VLW,ARIMA,2015,4,252.7477722018798,242.31453319438992,234.7628738471952,249.86619254158464,10.433239007489874,10.433239007489874,4.1279252104174535,0,4.274005955801404,2.4410913591096235
Female,VLW,ARIMA,2015,5,255.86209606649837,246.8595670155102,238.82150030618752,254.8976337248329,9.002529050988159,9.002529050988159,3.5185082860606314,0,4.274005955801404,2.1063445264432548
Female,VLW,ARIMA,2015,6,275.4849108354329,251.82090632730205,243.3503714949888,260.2914411596153,23.66400450813086,23.66400450813086,8.589945792808624,0,4.274005955801404,5.536727078260166
Female,VLW,Naive,2015,1,238.10514992594767,226.69532486506617,217.79130219522787,235.59934753490447,11.409825060881502,11.409825060881502,4.791927039137976,0,4.274005955801404,2.6695856718201707
Female,VLW,Naive,2015,2,247.7393293115124,226.69532486506617,214.10313524570333,239.287514484429,21.044004446446223,21.044004446446223,8.494414070195964,0,4.274005955801404,4.923719027083184
Female,VLW,Naive,2015,3,251.04852413279258,226.69532486506617,211.27310520916114,242.1175445209712,24.35319926772641,24.35319926772641,9.700594477442433,0,4.274005955801404,5.6979797219678945
Female,VLW,Naive,2015,4,252.7477722018798,226.69532486506617,208.88727952538954,244.5033702047428,26.05244733681363,26.05244733681363,10.307686239863074,0,4.274005955801404,6.095557097072089
Female,VLW,Naive,2015,5,255.86209606649837,226.69532486506617,206.78532490210853,246.6053248280238,29.166771201432198,29.166771201432198,11.39941071765932,0,4.274005955801404,6.82422334059739
Female,VLW,Naive,2015,6,275.4849108354329,226.69532486506617,204.88501266578834,248.505637064344,48.789585970366744,48.789585970366744,17.71043859440719,0,4.274005955801404,11.415423018805406
Female,VLW,Drift,2015,1,238.10514992594767,230.96933082086758,227.8279451023432,234.11071653939197,7.135819105080088,7.135819105080088,2.9969192633168067,0,4.274005955801404,1.6695856718201685
Female,VLW,Drift,2015,2,247.7393293115124,235.24333677666897,230.71611811719615,239.7705554361418,12.495992534843424,12.495992534843424,5.044008381539902,0,4.274005955801404,2.923719027083186
Female,VLW,Drift,2015,3,251.04852413279258,239.51734273247038,233.87090901955128,245.1637764453895,11.531181400322197,11.531181400322197,4.593208201543841,0,4.274005955801404,2.6979797219678945
Female,VLW,Drift,2015,4,252.7477722018798,243.7913486882718,237.15600251164466,250.42669486489893,8.956423513608001,8.956423513608001,3.5436211506759188,0,4.274005955801404,2.095557097072087
Female,VLW,Drift,2015,5,255.86209606649837,248.06535464407318,240.51999021161848,255.6107190765279,7.796741422425185,7.796741422425185,3.0472436293958984,0,4.274005955801404,1.8242233405973918
Female,VLW,Drift,2015,6,275.4849108354329,252.3393605998746,243.9371983615573,260.7415228381919,23.145550235558318,23.145550235558318,8.40174881642967,0,4.274005955801404,5.415423018805405
Female,VLW,ETS,2016,1,247.7393293115124,249.19838274877074,245.98812855245953,252.40863694508195,-1.4590534372583477,1.4590534372583477,0.5889470361097591,1,4.548460536766024,0.32077961883247236
Female,VLW,ETS,2016,2,251.04852413279258,259.9844576323028,252.88619362938502,267.0827216352206,-8.935933499510213,8.935933499510213,3.5594447449464135,0,4.548460536766024,1.964606140314829
Female,VLW,ETS,2016,3,252.7477722018798,270.4715929257389,258.7202519493955,282.2229339020823,-17.72382072385909,17.72382072385909,7.01245378720979,0,4.548460536766024,3.8966636251088174
Female,VLW,ETS,2016,4,255.86209606649837,280.66807383750677,263.6454759204939,297.69067175451966,-24.8059777710084,24.8059777710084,9.69505767066074,0,4.548460536766024,5.4537084735587404
Female,VLW,ETS,2016,5,275.4849108354329,290.581955948775,267.77123539383933,313.3926765037106,-15.097045113342062,15.097045113342062,5.480171334088284,1,4.548460536766024,3.319154907756137
Female,VLW,ETS,2016,6,292.5941129216249,300.22107157764776,271.1802788548541,329.2618643004414,-7.62695865602285,7.62695865602285,2.6066685279022783,1,4.548460536766024,1.6768219916107379
Female,VLW,ARIMA,2016,1,247.7393293115124,248.3061119879863,245.4285382277358,251.1836857482368,-0.5667826764739061,0.5667826764739061,0.22878187248227438,1,4.548460536766024,0.12460978212133532
Female,VLW,ARIMA,2016,2,251.04852413279258,256.159966146171,249.5453479886244,262.7745843037175,-5.111442013378394,5.111442013378394,2.0360374676708664,1,4.548460536766024,1.123774070822796
Female,VLW,ARIMA,2016,3,252.7477722018798,262.0043215889608,251.5810179315904,272.4276252463312,-9.256549387081009,9.256549387081009,3.6623663609139276,1,4.548460536766024,2.035095020009222
Female,VLW,ARIMA,2016,4,255.86209606649837,266.6724068897791,252.88486262369798,280.4599511558602,-10.81031082328073,10.81031082328073,4.225053647833456,1,4.548460536766024,2.376696628650297
Female,VLW,ARIMA,2016,5,275.4849108354329,270.9155630985202,254.3452004618881,287.48592573515225,4.569347736912732,4.569347736912732,1.6586562665286357,1,4.548460536766024,1.0045921471622923
Female,VLW,ARIMA,2016,6,292.5941129216249,275.19198182298504,256.3508834697822,294.03308017618787,17.40213109863987,17.40213109863987,5.947532889460853,1,4.548460536766024,3.825938679246597
Female,VLW,Naive,2016,1,247.7393293115124,238.10514992594767,228.33443744443113,247.8758624074642,9.634179385564721,9.634179385564721,3.888837275994443,1,4.548460536766024,2.1181187146046265
Female,VLW,Naive,2016,2,251.04852413279258,238.10514992594767,224.28727582053892,251.92302403135642,12.943374206844908,12.943374206844908,5.155726069912479,1,4.548460536766024,2.845660438783911
Female,VLW,Naive,2016,3,252.7477722018798,238.10514992594767,221.18177948181366,255.02852037008168,14.642622275932126,14.642622275932126,5.793373428524813,1,4.548460536766024,3.2192479538017706
Female,VLW,Naive,2016,4,255.86209606649837,238.10514992594767,218.56372496291462,257.64657488898075,17.756946140550696,17.756946140550696,6.9400456001641135,1,4.548460536766024,3.9039464005498363
Female,VLW,Naive,2016,5,275.4849108354329,238.10514992594767,216.25717262867107,259.95312722322427,37.37976090948524,37.37976090948524,13.568714451955909,0,4.548460536766024,8.218112613561868
Female,VLW,Naive,2016,6,292.5941129216249,238.10514992594767,214.17188992278938,262.03840992910597,54.48896299567724,54.48896299567724,18.622713373003783,0,4.548460536766024,11.979649500140358
Female,VLW,Drift,2016,1,247.7393293115124,242.6536104627137,238.49762036445958,246.8096005609678,5.085718848798706,5.085718848798706,2.0528508182097407,0,4.548460536766024,1.1181187146046285
Female,VLW,Drift,2016,2,251.04852413279258,247.20207099947973,241.21676118349404,253.18738081546542,3.846453133312849,3.846453133312849,1.532155246321329,1,4.548460536766024,0.8456604387839087
Female,VLW,Drift,2016,3,252.7477722018798,251.75053153624575,244.29030099760655,259.21076207488494,0.9972406656340524,0.9972406656340524,0.3945596263604319,1,4.548460536766024,0.21924795380177028
Female,VLW,Drift,2016,4,255.86209606649837,256.2989920730118,247.53739564395178,265.06058850207177,-0.43689600651342175,0.43689600651342175,0.1707544858070235,1,4.548460536766024,0.09605359945016843
Female,VLW,Drift,2016,5,275.4849108354329,260.8474526097778,250.88976560517924,270.80513961437634,14.63745822565511,14.63745822565511,5.313342999899956,0,4.548460536766024,3.218112613561864
Female,VLW,Drift,2016,6,292.5941129216249,265.3959131465438,254.31327288453284,276.47855340855483,27.198199775081093,27.198199775081093,9.295538964711323,0,4.548460536766024,5.979649500140357
Female,VLW,ETS,2017,1,251.04852413279258,257.1813741417696,253.9881565900642,260.374591693475,-6.132850008977016,6.132850008977016,2.4428942692102957,0,4.7368204941289385,1.2947186866334472
Female,VLW,ETS,2017,2,252.7477722018798,266.43439943859914,259.35178812247835,273.51701075471993,-13.686627236719346,13.686627236719346,5.415132690383237,0,4.7368204941289385,2.8894122658190793
Female,VLW,ETS,2017,3,255.86209606649837,275.5023384454987,263.74203284210097,287.26264404889645,-19.64024237900034,19.64024237900034,7.676104698953086,0,4.7368204941289385,4.146292307961317
Female,VLW,ETS,2017,4,275.4849108354329,284.3888934040187,267.30372935525185,301.47405745278553,-8.903982568585775,8.903982568585775,3.232112619737917,1,4.7368204941289385,1.8797382293928668
Female,VLW,ETS,2017,5,292.5941129216249,293.09769250056183,270.13748397491213,316.05790102621154,-0.5035795789369217,0.5035795789369217,0.17210858205879623,1,4.7368204941289385,0.10631172947361726
Female,VLW,ETS,2017,6,301.3428570273955,301.63229134769284,272.31838401605563,330.94619867933005,-0.28943432029734595,0.28943432029734595,0.09604817686819538,1,4.7368204941289385,0.06110307972533177
Female,VLW,ARIMA,2017,1,251.04852413279258,257.3735086970771,254.3911761269161,260.35584126723813,-6.324984564284534,6.324984564284534,2.519427105231227,0,4.7368204941289385,1.3352806111449755
Female,VLW,ARIMA,2017,2,252.7477722018798,267.00768808264183,260.33898972425015,273.6763864410335,-14.259915880762037,14.259915880762037,5.641955122505321,0,4.7368204941289385,3.0104404206231834
Female,VLW,ARIMA,2017,3,255.86209606649837,276.64186746820656,265.48300077724707,287.80073415916604,-20.77977140170819,20.77977140170819,8.121473137743521,0,4.7368204941289385,4.386860643645609
Female,VLW,ARIMA,2017,4,275.4849108354329,286.2760468537713,269.9411386271758,302.61095508036675,-10.791136018338364,10.791136018338364,3.9171423166565704,1,4.7368204941289385,2.2781391086517755
Female,VLW,ARIMA,2017,5,292.5941129216249,295.910226239336,273.79265594449174,318.02779653418025,-3.3161133177110855,3.3161133177110855,1.1333492955818112,1,4.7368204941289385,0.7000715610442171
Female,VLW,ARIMA,2017,6,301.3428570273955,305.5444056249007,277.0947661215092,333.9940451282922,-4.201548597505223,4.201548597505223,1.3942751585192723,1,4.7368204941289385,0.8869976396008337
Female,VLW,Naive,2017,1,251.04852413279258,247.7393293115124,237.48570908359846,257.9929495394263,3.3091948212801867,3.3091948212801867,1.318149482340626,1,4.7368204941289385,0.6986109829118022
Female,VLW,Naive,2017,2,252.7477722018798,247.7393293115124,233.2385205217734,262.2401381012514,5.008442890367405,5.008442890367405,1.9815972448481014,1,4.7368204941289385,1.0573427674903724
Female,VLW,Naive,2017,3,255.86209606649837,247.7393293115124,229.9795381152495,265.4991205077753,8.122766754985975,8.122766754985975,3.174665915687204,1,4.7368204941289385,1.7148141385247244
Female,VLW,Naive,2017,4,275.4849108354329,247.7393293115124,227.23208885568454,268.24656976734025,27.74558152392052,27.74558152392052,10.071543098233416,0,4.7368204941289385,5.857427267575336
Female,VLW,Naive,2017,5,292.5941129216249,247.7393293115124,224.81153746642997,270.6671211565948,44.85478361011252,44.85478361011252,15.330036261572852,0,4.7368204941289385,9.469386409239673
Female,VLW,Naive,2017,6,301.3428570273955,247.7393293115124,222.62319173684313,272.85546688618166,53.603527715883104,53.603527715883104,17.788219121785897,0,4.7368204941289385,11.316351924739834
Female,VLW,Drift,2017,1,251.04852413279258,252.47614980564134,247.95936370649247,256.9929359047902,-1.4276256728487624,1.4276256728487624,0.5686652322614799,1,4.7368204941289385,0.3013890170882
Female,VLW,Drift,2017,2,252.7477722018798,257.2129702997703,250.71220472233654,263.71373587720404,-4.465198097890493,4.465198097890493,1.7666617034804009,1,4.7368204941289385,0.9426572325096321
Female,VLW,Drift,2017,3,255.86209606649837,261.9497907938992,253.85190284197927,270.0476787458191,-6.087694727400816,6.087694727400816,2.3792874446782566,1,4.7368204941289385,1.2851858614752705
Female,VLW,Drift,2017,4,275.4849108354329,266.68661128802813,257.1814092789822,276.1918132970741,8.798299547404781,8.798299547404781,3.193750075357355,1,4.7368204941289385,1.857427267575339
Female,VLW,Drift,2017,5,292.5941129216249,271.4234317821571,260.6262478462638,282.22061571805034,21.17068113946783,21.17068113946783,7.235511654036139,0,4.7368204941289385,4.469386409239673
Female,VLW,Drift,2017,6,301.3428570273955,276.16025227628603,264.14914340074625,288.1713611518258,25.182604751109466,25.182604751109466,8.356794980814854,0,4.7368204941289385,5.316351924739832
Female,VLW,ETS,2018,1,252.7477722018798,254.10716051043156,250.15424214705106,258.0600788738121,-1.3593883085517575,1.3593883085517575,0.5378438340757993,1,4.685833862955769,0.2901059551638204
Female,VLW,ETS,2018,2,255.86209606649837,256.93277521405133,248.36216392841337,265.5033864996893,-1.0706791475529656,1.0706791475529656,0.41845946078496005,1,4.685833862955769,0.22849276753435593
Female,VLW,ETS,2018,3,275.4849108354329,259.54359857593926,245.6153963291747,273.4718008227038,15.941312259493657,15.941312259493657,5.786637174119695,0,4.685833862955769,3.4020225056459994
Female,VLW,ETS,2018,4,292.5941129216249,261.9559581302152,242.13879698224562,281.7731192781848,30.638154791409704,30.638154791409704,10.471213684198947,0,4.685833862955769,6.538463737184979
Female,VLW,ETS,2018,5,301.3428570273955,264.18494026054907,238.08954729463267,290.2803332264655,37.15791676684643,37.15791676684643,12.330777352213246,0,4.685833862955769,7.929840846599638
Female,VLW,ARIMA,2018,1,252.7477722018798,250.93886393619755,247.98227643928155,253.89545143311355,1.8089082656822484,1.8089082656822484,0.7156970168019525,1,4.685833862955769,0.38603764422437514
Female,VLW,ARIMA,2018,2,255.86209606649837,251.29208499634007,244.51269364191924,258.07147635076086,4.570011070158301,4.570011070158301,1.7861227358078702,1,4.685833862955769,0.9752823518321652
Female,VLW,ARIMA,2018,3,275.4849108354329,254.352971978923,244.22197573965033,264.4839682181957,21.13193885650992,21.13193885650992,7.670815360603746,0,4.685833862955769,4.509749913152094
Female,VLW,ARIMA,2018,4,292.5941129216249,259.9933287647016,247.67396039677737,272.3126971326258,32.60078415692334,32.60078415692334,11.141982260475581,0,4.685833862955769,6.95730687650952
Female,VLW,ARIMA,2018,5,301.3428570273955,266.6222036006987,253.1177495731211,280.1266576282763,34.7206534266968,34.7206534266968,11.521976584810933,0,4.685833862955769,7.409706456130184
Female,VLW,Naive,2018,1,252.7477722018798,251.04852413279258,240.90533749730304,261.1917107682821,1.6992480690872185,1.6992480690872185,0.6723098107982375,1,4.685833862955769,0.3626351507083422
Female,VLW,Naive,2018,2,255.86209606649837,251.04852413279258,236.70389202720176,265.39315623838337,4.813571933705788,4.813571933705788,1.8813149769767945,1,4.685833862955769,1.0272604779610013
Female,VLW,Naive,2018,3,275.4849108354329,251.04852413279258,233.4800095294711,268.61703873611407,24.436386702640334,24.436386702640334,8.870317662239568,0,4.685833862955769,5.214949444926789
Female,VLW,Naive,2018,4,292.5941129216249,251.04852413279258,230.76215086181352,271.33489740377166,41.54558878883233,41.54558878883233,14.199051503117854,0,4.685833862955769,8.866210370212713
Female,VLW,Naive,2018,5,301.3428570273955,251.04852413279258,228.36766930737062,273.72937895821457,50.29433289460292,50.29433289460292,16.69006970688892,0,4.685833862955769,10.733272746225332
Female,VLW,Drift,2018,1,252.7477722018798,255.73435799574835,251.27226229818717,260.19645369330954,-2.9865857938685565,2.9865857938685565,1.1816467333619267,1,4.685833862955769,0.6373648492916592
Female,VLW,Drift,2018,2,255.86209606649837,260.42019185870413,254.0019584546149,266.83842526279335,-4.558095792205762,4.558095792205762,1.7814658217374708,1,4.685833862955769,0.9727395220390014
Female,VLW,Drift,2018,3,275.4849108354329,265.1060257216599,257.11538957392304,273.0966618693967,10.378885113773038,10.378885113773038,3.7674967686245067,0,4.685833862955769,2.2149494449267904
Female,VLW,Drift,2018,4,292.5941129216249,269.7918595846156,260.417429678608,279.1662894906232,22.80225333700929,22.80225333700929,7.793134697524542,0,4.685833862955769,4.86621037021272
Female,VLW,Drift,2018,5,301.3428570273955,274.4776934475714,263.8342574384267,285.1211294567162,26.86516357982407,26.86516357982407,8.915148626662726,0,4.685833862955769,5.733272746225331
Female,VLW,ETS,2019,1,255.86209606649837,254.31567198993665,250.42888655017347,258.20245742969985,1.5464240765617205,1.5464240765617205,0.604397486120729,1,4.582848145925818,0.3374373375073537
Female,VLW,ETS,2019,2,275.4849108354329,255.76408047330406,247.34299126372258,264.18516968288554,19.72083036212885,19.72083036212885,7.1585882153485825,0,4.582848145925818,4.303182155328624
Female,VLW,ETS,2019,3,292.5941129216249,257.10398496374086,243.41570458617915,270.7922653413026,35.490127957884056,35.490127957884056,12.129474377835669,0,4.582848145925818,7.7441204307489455
Female,VLW,ETS,2019,4,301.3428570273955,258.34351377354096,238.86102311804527,277.82600442903663,42.99934325385453,42.99934325385453,14.269242575723439,0,4.582848145925818,9.382668132279536
Female,VLW,ARIMA,2019,1,255.86209606649837,255.19078757809103,252.21985267993156,258.1617224762505,0.6713084884073339,0.6713084884073339,0.2623712143094698,1,4.582848145925818,0.14648281309607247
Female,VLW,ARIMA,2019,2,275.4849108354329,259.22313883987744,252.64536609885317,265.8009115809017,16.261771995555478,16.261771995555478,5.902962868724891,0,4.582848145925818,3.548398611028013
Female,VLW,ARIMA,2019,3,292.5941129216249,264.40652706896606,254.72737706442535,274.08567707350676,28.187585852658856,28.187585852658856,9.633681816492755,0,4.582848145925818,6.150669835682381
Female,VLW,ARIMA,2019,4,301.3428570273955,269.8597230256772,258.06088653262907,281.6585595187254,31.48313400171827,31.48313400171827,10.447612501017769,0,4.582848145925818,6.869774646516922
Female,VLW,Naive,2019,1,255.86209606649837,252.7477722018798,242.76183280993084,262.73371159382873,3.1143238646185694,3.1143238646185694,1.2171884435001108,1,4.582848145925818,0.679560780862273
Female,VLW,Naive,2019,2,275.4849108354329,252.7477722018798,238.62552128074987,266.87002312300973,22.737138633553116,22.737138633553116,8.253496920974976,0,4.582848145925818,4.961355451798371
Female,VLW,Naive,2019,3,292.5941129216249,252.7477722018798,235.45161781372076,270.04392659003884,39.846340719745115,39.846340719745115,13.618298851562493,0,4.582848145925818,8.69466747554548
Female,VLW,Naive,2019,4,301.3428570273955,252.7477722018798,232.7758934179819,272.7196509857777,48.5950848255157,48.5950848255157,16.126177771354257,0,4.582848145925818,10.603686458325495
Female,VLW,Drift,2019,1,255.86209606649837,257.3306203478056,252.8141317834663,261.84710891214496,-1.4685242813072534,1.4685242813072534,0.5739514777232126,1,4.582848145925818,0.32043921913772794
Female,VLW,Drift,2019,2,275.4849108354329,261.91346849373144,255.420607093157,268.4063298943059,13.57144234170147,13.57144234170147,4.9263831912045,0,4.582848145925818,2.961355451798369
Female,VLW,Drift,2019,3,292.5941129216249,266.49631663965727,258.41697628008677,274.57565699922776,26.097796281967646,26.097796281967646,8.919453649075392,0,4.582848145925818,5.694667475545476
Female,VLW,Drift,2019,4,301.3428570273955,271.0791647855831,261.60529844770633,280.55303112345985,30.263692241812407,30.263692241812407,10.042943290692003,0,4.582848145925818,6.60368645832549
Female,VLW,ETS,2020,1,275.4849108354329,258.7589782825635,254.8762703500765,262.64168621505047,16.725932552869438,16.725932552869438,6.071451428009808,0,4.53389733654891,3.689084977296994
Female,VLW,ETS,2020,2,292.5941129216249,261.4541381742778,253.01393457547638,269.8943417730792,31.13997474734714,31.13997474734714,10.642720879243521,0,4.53389733654891,6.8682575797029655
Female,VLW,ETS,2020,3,301.3428570273955,263.9614897782078,250.21191186197512,277.7110676944405,37.38136724918769,37.38136724918769,12.404928929770284,0,4.53389733654891,8.24486407044264
Female,VLW,ARIMA,2020,1,275.4849108354329,260.58680267520253,257.6602553686941,263.513349981711,14.898108160230379,14.898108160230379,5.40795795858674,0,4.53389733654891,3.285938576538314
Female,VLW,ARIMA,2020,2,292.5941129216249,266.10281560966195,259.66032902487035,272.54530219445354,26.491297311962967,26.491297311962967,9.053940644068598,0,4.53389733654891,5.842941589878937
Female,VLW,ARIMA,2020,3,301.3428570273955,271.51845848743324,262.0940903637299,280.9428266111366,29.82439853996226,29.82439853996226,9.897164589917882,0,4.53389733654891,6.578093045808543
Female,VLW,Naive,2020,1,275.4849108354329,255.86209606649837,245.9809541955652,265.74323793743156,19.622814768934546,19.622814768934546,7.1230089188647705,0,4.53389733654891,4.328023621256264
Female,VLW,Naive,2020,2,292.5941129216249,255.86209606649837,241.888051220892,269.8361409121047,36.732016855126545,36.732016855126545,12.553915213244801,0,4.53389733654891,8.101642831437829
Female,VLW,Naive,2020,3,301.3428570273955,255.86209606649837,238.74745630924593,272.9767358237508,45.48076096089713,45.48076096089713,15.092695877892472,0,4.53389733654891,10.031272784733135
Female,VLW,Drift,2020,1,275.4849108354329,260.39599340304727,255.928473645689,264.86351316040555,15.088917432385642,15.088917432385642,5.477221016072036,0,4.53389733654891,3.328023621256266
Female,VLW,Drift,2020,2,292.5941129216249,264.9298907395962,258.51076885694886,271.34901262224355,27.66422218202871,27.66422218202871,9.454811617976375,0,4.53389733654891,6.101642831437826
Female,VLW,Drift,2020,3,301.3428570273955,269.4637880761451,261.4801060380322,277.44747011425795,31.879068951250417,31.879068951250417,10.579002690066169,0,4.53389733654891,7.031272784733139
Female,VLW,ETS,2021,1,292.5941129216249,283.19841948175883,275.8000722908516,290.5967666726661,9.39569343986608,9.39569343986608,3.2111696800895086,0,5.02063660856135,1.8714147572131077
Female,VLW,ETS,2021,2,301.3428570273955,290.7668066219623,279.08789817952453,302.4457150644001,10.576050405433193,10.576050405433193,3.509640317929192,1,5.02063660856135,2.106515812635906
Female,VLW,ARIMA,2021,1,292.5941129216249,303.9693628696848,297.44280722948514,310.49591850988446,-11.375249948059889,11.375249948059889,3.8877234522852127,0,5.02063660856135,2.2656987220828624
Female,VLW,ARIMA,2021,2,301.3428570273955,328.8078354434758,310.73334205738223,346.8823288295694,-27.464978416080328,27.464978416080328,9.114195931839674,0,5.02063660856135,5.470417510250825
Female,VLW,Naive,2021,1,292.5941129216249,275.4849108354329,263.5600366878407,287.40978498302513,17.109202086192,17.109202086192,5.847418430723833,0,5.02063660856135,3.4077754317085684
Female,VLW,Naive,2021,2,301.3428570273955,275.4849108354329,258.6205920863157,292.34922958455013,25.857946191962583,25.857946191962583,8.580905632553886,0,5.02063660856135,5.150332160640502
Female,VLW,Drift,2021,1,292.5941129216249,280.50554744399426,273.5487842013662,287.46231068662235,12.088565477630652,12.088565477630652,4.131513569061019,0,5.02063660856135,2.4077754317085693
Female,VLW,Drift,2021,2,301.3428570273955,285.5261840525556,275.5352934864531,295.5170746186581,15.81667297483989,15.81667297483989,5.2487300116763596,0,5.02063660856135,3.1503321606405037
Female,VLW,ETS,2022,1,301.3428570273955,309.3428056943597,302.0783116056443,316.6072997830751,-7.999948666964201,7.999948666964201,2.6547663169719384,0,5.398404279737309,1.4819098852954906
Female,VLW,ARIMA,2022,1,301.3428570273955,303.0924959820502,297.6376035983391,308.54738836576126,-1.7496389546546993,1.7496389546546993,0.5806140460451124,1,5.398404279737309,0.32410298747389077
Female,VLW,Naive,2022,1,301.3428570273955,292.5941129216249,279.445002238479,305.74322360477083,8.748744105770584,8.748744105770584,2.903252525071541,1,5.398404279737309,1.6206166956796175
Female,VLW,Drift,2022,1,301.3428570273955,297.9925172013622,289.9376728058,306.0473615969244,3.3503398260332915,3.3503398260332915,1.1118032991001698,1,5.398404279737309,0.6206166956796207
